ADDR | HEX      | BIN
---------------------------------------------------
0000 | 003600B3 | 
0004 | 40628233 | 
0008 | 00047393 | 
000C | 1ABC21B7 | 
0010 | 55555555 | 
0014 | 00000000 | 
0018 | 00000000 | 
001C | 00000000 | 
0020 | 00000000 | 
0024 | 00000000 | 
0028 | 00000000 | 
002C | 00000000 | 
0030 | 00000000 | 
0034 | 00000000 | 
0038 | 00000000 | 
003C | 00000000 | 
0040 | 00000000 | 
0044 | 00000000 | 
0048 | 00000000 | 
004C | 00000000 | 
0050 | 00000000 | 
0054 | 00000000 | 
0058 | 00000000 | 
005C | 00000000 | 
0060 | 00000000 | 
0064 | 00000000 | 
0068 | 00000000 | 
006C | 00000000 | 
0070 | 00000000 | 
0074 | 00000000 | 
0078 | 00000000 | 
007C | 00000000 | 
0080 | 00000000 | 
0084 | 00000000 | 
0088 | 00000000 | 
008C | 00000000 | 
0090 | 00000000 | 
0094 | 00000000 | 
0098 | 00000000 | 
009C | 00000000 | 
00A0 | 00000000 | 
00A4 | 00000000 | 
00A8 | 00000000 | 
00AC | 00000000 | 
00B0 | 00000000 | 
00B4 | 00000000 | 
00B8 | 00000000 | 
00BC | 00000000 | 
00C0 | 00000000 | 
00C4 | 00000000 | 
00C8 | 00000000 | 
00CC | 00000000 | 
00D0 | 00000000 | 
00D4 | 00000000 | 
00D8 | 00000000 | 
00DC | 00000000 | 
00E0 | 00000000 | 
00E4 | 00000000 | 
00E8 | 00000000 | 
00EC | 00000000 | 
00F0 | 00000000 | 
00F4 | 00000000 | 
00F8 | 00000000 | 
00FC | 00000000 | 
0100 | 00000000 | 
0104 | 00000000 | 
0108 | 00000000 | 
010C | 00000000 | 
0110 | 00000000 | 
0114 | 00000000 | 
0118 | 00000000 | 
011C | 00000000 | 
0120 | 00000000 | 
0124 | 00000000 | 
0128 | 00000000 | 
012C | 00000000 | 
0130 | 00000000 | 
0134 | 00000000 | 
0138 | 00000000 | 
013C | 00000000 | 
0140 | 00000000 | 
0144 | 00000000 | 
0148 | 00000000 | 
014C | 00000000 | 
0150 | 00000000 | 
0154 | 00000000 | 
0158 | 00000000 | 
015C | 00000000 | 
0160 | 00000000 | 
0164 | 00000000 | 
0168 | 00000000 | 
016C | 00000000 | 
0170 | 00000000 | 
0174 | 00000000 | 
0178 | 00000000 | 
017C | 00000000 | 
0180 | 00000000 | 
0184 | 00000000 | 
0188 | 00000000 | 
018C | 00000000 | 
0190 | 00000000 | 
0194 | 00000000 | 
0198 | 00000000 | 
019C | 00000000 | 
01A0 | 00000000 | 
01A4 | 00000000 | 
01A8 | 00000000 | 
01AC | 00000000 | 
01B0 | 00000000 | 
01B4 | 00000000 | 
01B8 | 00000000 | 
01BC | 00000000 | 
01C0 | 00000000 | 
01C4 | 00000000 | 
01C8 | 00000000 | 
01CC | 00000000 | 
01D0 | 00000000 | 
01D4 | 00000000 | 
01D8 | 00000000 | 
01DC | 00000000 | 
01E0 | 00000000 | 
01E4 | 00000000 | 
01E8 | 00000000 | 
01EC | 00000000 | 
01F0 | 00000000 | 
01F4 | 00000000 | 
01F8 | 00000000 | 
01FC | 00000000 | 
0200 | 00000000 | 
0204 | 00000000 | 
0208 | 00000000 | 
020C | 00000000 | 
0210 | 00000000 | 
0214 | 00000000 | 
0218 | 00000000 | 
021C | 00000000 | 
0220 | 00000000 | 
0224 | 00000000 | 
0228 | 00000000 | 
022C | 00000000 | 
0230 | 00000000 | 
0234 | 00000000 | 
0238 | 00000000 | 
023C | 00000000 | 
0240 | 00000000 | 
0244 | 00000000 | 
0248 | 00000000 | 
024C | 00000000 | 
0250 | 00000000 | 
0254 | 00000000 | 
0258 | 00000000 | 
025C | 00000000 | 
0260 | 00000000 | 
0264 | 00000000 | 
0268 | 00000000 | 
026C | 00000000 | 
0270 | 00000000 | 
0274 | 00000000 | 
0278 | 00000000 | 
027C | 00000000 | 
0280 | 00000000 | 
0284 | 00000000 | 
0288 | 00000000 | 
028C | 00000000 | 
0290 | 00000000 | 
0294 | 00000000 | 
0298 | 00000000 | 
029C | 00000000 | 
02A0 | 00000000 | 
02A4 | 00000000 | 
02A8 | 00000000 | 
02AC | 00000000 | 
02B0 | 00000000 | 
02B4 | 00000000 | 
02B8 | 00000000 | 
02BC | 00000000 | 
02C0 | 00000000 | 
02C4 | 00000000 | 
02C8 | 00000000 | 
02CC | 00000000 | 
02D0 | 00000000 | 
02D4 | 00000000 | 
02D8 | 00000000 | 
02DC | 00000000 | 
02E0 | 00000000 | 
02E4 | 00000000 | 
02E8 | 00000000 | 
02EC | 00000000 | 
02F0 | 00000000 | 
02F4 | 00000000 | 
02F8 | 00000000 | 
02FC | 00000000 | 
0300 | 00000000 | 
0304 | 00000000 | 
0308 | 00000000 | 
030C | 00000000 | 
0310 | 00000000 | 
0314 | 00000000 | 
0318 | 00000000 | 
031C | 00000000 | 
0320 | 00000000 | 
0324 | 00000000 | 
0328 | 00000000 | 
032C | 00000000 | 
0330 | 00000000 | 
0334 | 00000000 | 
0338 | 00000000 | 
033C | 00000000 | 
0340 | 00000000 | 
0344 | 00000000 | 
0348 | 00000000 | 
034C | 00000000 | 
0350 | 00000000 | 
0354 | 00000000 | 
0358 | 00000000 | 
035C | 00000000 | 
0360 | 00000000 | 
0364 | 00000000 | 
0368 | 00000000 | 
036C | 00000000 | 
0370 | 00000000 | 
0374 | 00000000 | 
0378 | 00000000 | 
037C | 00000000 | 
0380 | 00000000 | 
0384 | 00000000 | 
0388 | 00000000 | 
038C | 00000000 | 
0390 | 00000000 | 
0394 | 00000000 | 
0398 | 00000000 | 
039C | 00000000 | 
03A0 | 00000000 | 
03A4 | 00000000 | 
03A8 | 00000000 | 
03AC | 00000000 | 
03B0 | 00000000 | 
03B4 | 00000000 | 
03B8 | 00000000 | 
03BC | 00000000 | 
03C0 | 00000000 | 
03C4 | 00000000 | 
03C8 | 00000000 | 
03CC | 00000000 | 
03D0 | 00000000 | 
03D4 | 00000000 | 
03D8 | 00000000 | 
03DC | 00000000 | 
03E0 | 00000000 | 
03E4 | 00000000 | 
03E8 | 00000000 | 
03EC | 00000000 | 
03F0 | 00000000 | 
03F4 | 00000000 | 
03F8 | 00000000 | 
03FC | 00000000 | 
0400 | 00000000 | 
0404 | 00000000 | 
0408 | 00000000 | 
040C | 00000000 | 
0410 | 00000000 | 
0414 | 00000000 | 
0418 | 00000000 | 
041C | 00000000 | 
0420 | 00000000 | 
0424 | 00000000 | 
0428 | 00000000 | 
042C | 00000000 | 
0430 | 00000000 | 
0434 | 00000000 | 
0438 | 00000000 | 
043C | 00000000 | 
0440 | 00000000 | 
0444 | 00000000 | 
0448 | 00000000 | 
044C | 00000000 | 
0450 | 00000000 | 
0454 | 00000000 | 
0458 | 00000000 | 
045C | 00000000 | 
0460 | 00000000 | 
0464 | 00000000 | 
0468 | 00000000 | 
046C | 00000000 | 
0470 | 00000000 | 
0474 | 00000000 | 
0478 | 00000000 | 
047C | 00000000 | 
0480 | 00000000 | 
0484 | 00000000 | 
0488 | 00000000 | 
048C | 00000000 | 
0490 | 00000000 | 
0494 | 00000000 | 
0498 | 00000000 | 
049C | 00000000 | 
04A0 | 00000000 | 
04A4 | 00000000 | 
04A8 | 00000000 | 
04AC | 00000000 | 
04B0 | 00000000 | 
04B4 | 00000000 | 
04B8 | 00000000 | 
04BC | 00000000 | 
04C0 | 00000000 | 
04C4 | 00000000 | 
04C8 | 00000000 | 
04CC | 00000000 | 
04D0 | 00000000 | 
04D4 | 00000000 | 
04D8 | 00000000 | 
04DC | 00000000 | 
04E0 | 00000000 | 
04E4 | 00000000 | 
04E8 | 00000000 | 
04EC | 00000000 | 
04F0 | 00000000 | 
04F4 | 00000000 | 
04F8 | 00000000 | 
04FC | 00000000 | 
0500 | 00000000 | 
0504 | 00000000 | 
0508 | 00000000 | 
050C | 00000000 | 
0510 | 00000000 | 
0514 | 00000000 | 
0518 | 00000000 | 
051C | 00000000 | 
0520 | 00000000 | 
0524 | 00000000 | 
0528 | 00000000 | 
052C | 00000000 | 
0530 | 00000000 | 
0534 | 00000000 | 
0538 | 00000000 | 
053C | 00000000 | 
0540 | 00000000 | 
0544 | 00000000 | 
0548 | 00000000 | 
054C | 00000000 | 
0550 | 00000000 | 
0554 | 00000000 | 
0558 | 00000000 | 
055C | 00000000 | 
0560 | 00000000 | 
0564 | 00000000 | 
0568 | 00000000 | 
056C | 00000000 | 
0570 | 00000000 | 
0574 | 00000000 | 
0578 | 00000000 | 
057C | 00000000 | 
0580 | 00000000 | 
0584 | 00000000 | 
0588 | 00000000 | 
058C | 00000000 | 
0590 | 00000000 | 
0594 | 00000000 | 
0598 | 00000000 | 
059C | 00000000 | 
05A0 | 00000000 | 
05A4 | 00000000 | 
05A8 | 00000000 | 
05AC | 00000000 | 
05B0 | 00000000 | 
05B4 | 00000000 | 
05B8 | 00000000 | 
05BC | 00000000 | 
05C0 | 00000000 | 
05C4 | 00000000 | 
05C8 | 00000000 | 
05CC | 00000000 | 
05D0 | 00000000 | 
05D4 | 00000000 | 
05D8 | 00000000 | 
05DC | 00000000 | 
05E0 | 00000000 | 
05E4 | 00000000 | 
05E8 | 00000000 | 
05EC | 00000000 | 
05F0 | 00000000 | 
05F4 | 00000000 | 
05F8 | 00000000 | 
05FC | 00000000 | 
0600 | 00000000 | 
0604 | 00000000 | 
0608 | 00000000 | 
060C | 00000000 | 
0610 | 00000000 | 
0614 | 00000000 | 
0618 | 00000000 | 
061C | 00000000 | 
0620 | 00000000 | 
0624 | 00000000 | 
0628 | 00000000 | 
062C | 00000000 | 
0630 | 00000000 | 
0634 | 00000000 | 
0638 | 00000000 | 
063C | 00000000 | 
0640 | 00000000 | 
0644 | 00000000 | 
0648 | 00000000 | 
064C | 00000000 | 
0650 | 00000000 | 
0654 | 00000000 | 
0658 | 00000000 | 
065C | 00000000 | 
0660 | 00000000 | 
0664 | 00000000 | 
0668 | 00000000 | 
066C | 00000000 | 
0670 | 00000000 | 
0674 | 00000000 | 
0678 | 00000000 | 
067C | 00000000 | 
0680 | 00000000 | 
0684 | 00000000 | 
0688 | 00000000 | 
068C | 00000000 | 
0690 | 00000000 | 
0694 | 00000000 | 
0698 | 00000000 | 
069C | 00000000 | 
06A0 | 00000000 | 
06A4 | 00000000 | 
06A8 | 00000000 | 
06AC | 00000000 | 
06B0 | 00000000 | 
06B4 | 00000000 | 
06B8 | 00000000 | 
06BC | 00000000 | 
06C0 | 00000000 | 
06C4 | 00000000 | 
06C8 | 00000000 | 
06CC | 00000000 | 
06D0 | 00000000 | 
06D4 | 00000000 | 
06D8 | 00000000 | 
06DC | 00000000 | 
06E0 | 00000000 | 
06E4 | 00000000 | 
06E8 | 00000000 | 
06EC | 00000000 | 
06F0 | 00000000 | 
06F4 | 00000000 | 
06F8 | 00000000 | 
06FC | 00000000 | 
0700 | 00000000 | 
0704 | 00000000 | 
0708 | 00000000 | 
070C | 00000000 | 
0710 | 00000000 | 
0714 | 00000000 | 
0718 | 00000000 | 
071C | 00000000 | 
0720 | 00000000 | 
0724 | 00000000 | 
0728 | 00000000 | 
072C | 00000000 | 
0730 | 00000000 | 
0734 | 00000000 | 
0738 | 00000000 | 
073C | 00000000 | 
0740 | 00000000 | 
0744 | 00000000 | 
0748 | 00000000 | 
074C | 00000000 | 
0750 | 00000000 | 
0754 | 00000000 | 
0758 | 00000000 | 
075C | 00000000 | 
0760 | 00000000 | 
0764 | 00000000 | 
0768 | 00000000 | 
076C | 00000000 | 
0770 | 00000000 | 
0774 | 00000000 | 
0778 | 00000000 | 
077C | 00000000 | 
0780 | 00000000 | 
0784 | 00000000 | 
0788 | 00000000 | 
078C | 00000000 | 
0790 | 00000000 | 
0794 | 00000000 | 
0798 | 00000000 | 
079C | 00000000 | 
07A0 | 00000000 | 
07A4 | 00000000 | 
07A8 | 00000000 | 
07AC | 00000000 | 
07B0 | 00000000 | 
07B4 | 00000000 | 
07B8 | 00000000 | 
07BC | 00000000 | 
07C0 | 00000000 | 
07C4 | 00000000 | 
07C8 | 00000000 | 
07CC | 00000000 | 
07D0 | 00000000 | 
07D4 | 00000000 | 
07D8 | 00000000 | 
07DC | 00000000 | 
07E0 | 00000000 | 
07E4 | 00000000 | 
07E8 | 00000000 | 
07EC | 00000000 | 
07F0 | 00000000 | 
07F4 | 00000000 | 
07F8 | 00000000 | 
07FC | 00000000 | 
0800 | 00000000 | 
0804 | 00000000 | 
0808 | 00000000 | 
080C | 00000000 | 
0810 | 00000000 | 
0814 | 00000000 | 
0818 | 00000000 | 
081C | 00000000 | 
0820 | 00000000 | 
0824 | 00000000 | 
0828 | 00000000 | 
082C | 00000000 | 
0830 | 00000000 | 
0834 | 00000000 | 
0838 | 00000000 | 
083C | 00000000 | 
0840 | 00000000 | 
0844 | 00000000 | 
0848 | 00000000 | 
084C | 00000000 | 
0850 | 00000000 | 
0854 | 00000000 | 
0858 | 00000000 | 
085C | 00000000 | 
0860 | 00000000 | 
0864 | 00000000 | 
0868 | 00000000 | 
086C | 00000000 | 
0870 | 00000000 | 
0874 | 00000000 | 
0878 | 00000000 | 
087C | 00000000 | 
0880 | 00000000 | 
0884 | 00000000 | 
0888 | 00000000 | 
088C | 00000000 | 
0890 | 00000000 | 
0894 | 00000000 | 
0898 | 00000000 | 
089C | 00000000 | 
08A0 | 00000000 | 
08A4 | 00000000 | 
08A8 | 00000000 | 
08AC | 00000000 | 
08B0 | 00000000 | 
08B4 | 00000000 | 
08B8 | 00000000 | 
08BC | 00000000 | 
08C0 | 00000000 | 
08C4 | 00000000 | 
08C8 | 00000000 | 
08CC | 00000000 | 
08D0 | 00000000 | 
08D4 | 00000000 | 
08D8 | 00000000 | 
08DC | 00000000 | 
08E0 | 00000000 | 
08E4 | 00000000 | 
08E8 | 00000000 | 
08EC | 00000000 | 
08F0 | 00000000 | 
08F4 | 00000000 | 
08F8 | 00000000 | 
08FC | 00000000 | 
0900 | 00000000 | 
0904 | 00000000 | 
0908 | 00000000 | 
090C | 00000000 | 
0910 | 00000000 | 
0914 | 00000000 | 
0918 | 00000000 | 
091C | 00000000 | 
0920 | 00000000 | 
0924 | 00000000 | 
0928 | 00000000 | 
092C | 00000000 | 
0930 | 00000000 | 
0934 | 00000000 | 
0938 | 00000000 | 
093C | 00000000 | 
0940 | 00000000 | 
0944 | 00000000 | 
0948 | 00000000 | 
094C | 00000000 | 
0950 | 00000000 | 
0954 | 00000000 | 
0958 | 00000000 | 
095C | 00000000 | 
0960 | 00000000 | 
0964 | 00000000 | 
0968 | 00000000 | 
096C | 00000000 | 
0970 | 00000000 | 
0974 | 00000000 | 
0978 | 00000000 | 
097C | 00000000 | 
0980 | 00000000 | 
0984 | 00000000 | 
0988 | 00000000 | 
098C | 00000000 | 
0990 | 00000000 | 
0994 | 00000000 | 
0998 | 00000000 | 
099C | 00000000 | 
09A0 | 00000000 | 
09A4 | 00000000 | 
09A8 | 00000000 | 
09AC | 00000000 | 
09B0 | 00000000 | 
09B4 | 00000000 | 
09B8 | 00000000 | 
09BC | 00000000 | 
09C0 | 00000000 | 
09C4 | 00000000 | 
09C8 | 00000000 | 
09CC | 00000000 | 
09D0 | 00000000 | 
09D4 | 00000000 | 
09D8 | 00000000 | 
09DC | 00000000 | 
09E0 | 00000000 | 
09E4 | 00000000 | 
09E8 | 00000000 | 
09EC | 00000000 | 
09F0 | 00000000 | 
09F4 | 00000000 | 
09F8 | 00000000 | 
09FC | 00000000 | 
0A00 | 00000000 | 
0A04 | 00000000 | 
0A08 | 00000000 | 
0A0C | 00000000 | 
0A10 | 00000000 | 
0A14 | 00000000 | 
0A18 | 00000000 | 
0A1C | 00000000 | 
0A20 | 00000000 | 
0A24 | 00000000 | 
0A28 | 00000000 | 
0A2C | 00000000 | 
0A30 | 00000000 | 
0A34 | 00000000 | 
0A38 | 00000000 | 
0A3C | 00000000 | 
0A40 | 00000000 | 
0A44 | 00000000 | 
0A48 | 00000000 | 
0A4C | 00000000 | 
0A50 | 00000000 | 
0A54 | 00000000 | 
0A58 | 00000000 | 
0A5C | 00000000 | 
0A60 | 00000000 | 
0A64 | 00000000 | 
0A68 | 00000000 | 
0A6C | 00000000 | 
0A70 | 00000000 | 
0A74 | 00000000 | 
0A78 | 00000000 | 
0A7C | 00000000 | 
0A80 | 00000000 | 
0A84 | 00000000 | 
0A88 | 00000000 | 
0A8C | 00000000 | 
0A90 | 00000000 | 
0A94 | 00000000 | 
0A98 | 00000000 | 
0A9C | 00000000 | 
0AA0 | 00000000 | 
0AA4 | 00000000 | 
0AA8 | 00000000 | 
0AAC | 00000000 | 
0AB0 | 00000000 | 
0AB4 | 00000000 | 
0AB8 | 00000000 | 
0ABC | 00000000 | 
0AC0 | 00000000 | 
0AC4 | 00000000 | 
0AC8 | 00000000 | 
0ACC | 00000000 | 
0AD0 | 00000000 | 
0AD4 | 00000000 | 
0AD8 | 00000000 | 
0ADC | 00000000 | 
0AE0 | 00000000 | 
0AE4 | 00000000 | 
0AE8 | 00000000 | 
0AEC | 00000000 | 
0AF0 | 00000000 | 
0AF4 | 00000000 | 
0AF8 | 00000000 | 
0AFC | 00000000 | 
0B00 | 00000000 | 
0B04 | 00000000 | 
0B08 | 00000000 | 
0B0C | 00000000 | 
0B10 | 00000000 | 
0B14 | 00000000 | 
0B18 | 00000000 | 
0B1C | 00000000 | 
0B20 | 00000000 | 
0B24 | 00000000 | 
0B28 | 00000000 | 
0B2C | 00000000 | 
0B30 | 00000000 | 
0B34 | 00000000 | 
0B38 | 00000000 | 
0B3C | 00000000 | 
0B40 | 00000000 | 
0B44 | 00000000 | 
0B48 | 00000000 | 
0B4C | 00000000 | 
0B50 | 00000000 | 
0B54 | 00000000 | 
0B58 | 00000000 | 
0B5C | 00000000 | 
0B60 | 00000000 | 
0B64 | 00000000 | 
0B68 | 00000000 | 
0B6C | 00000000 | 
0B70 | 00000000 | 
0B74 | 00000000 | 
0B78 | 00000000 | 
0B7C | 00000000 | 
0B80 | 00000000 | 
0B84 | 00000000 | 
0B88 | 00000000 | 
0B8C | 00000000 | 
0B90 | 00000000 | 
0B94 | 00000000 | 
0B98 | 00000000 | 
0B9C | 00000000 | 
0BA0 | 00000000 | 
0BA4 | 00000000 | 
0BA8 | 00000000 | 
0BAC | 00000000 | 
0BB0 | 00000000 | 
0BB4 | 00000000 | 
0BB8 | 00000000 | 
0BBC | 00000000 | 
0BC0 | 00000000 | 
0BC4 | 00000000 | 
0BC8 | 00000000 | 
0BCC | 00000000 | 
0BD0 | 00000000 | 
0BD4 | 00000000 | 
0BD8 | 00000000 | 
0BDC | 00000000 | 
0BE0 | 00000000 | 
0BE4 | 00000000 | 
0BE8 | 00000000 | 
0BEC | 00000000 | 
0BF0 | 00000000 | 
0BF4 | 00000000 | 
0BF8 | 00000000 | 
0BFC | 00000000 | 
0C00 | 00000000 | 
0C04 | 00000000 | 
0C08 | 00000000 | 
0C0C | 00000000 | 
0C10 | 00000000 | 
0C14 | 00000000 | 
0C18 | 00000000 | 
0C1C | 00000000 | 
0C20 | 00000000 | 
0C24 | 00000000 | 
0C28 | 00000000 | 
0C2C | 00000000 | 
0C30 | 00000000 | 
0C34 | 00000000 | 
0C38 | 00000000 | 
0C3C | 00000000 | 
0C40 | 00000000 | 
0C44 | 00000000 | 
0C48 | 00000000 | 
0C4C | 00000000 | 
0C50 | 00000000 | 
0C54 | 00000000 | 
0C58 | 00000000 | 
0C5C | 00000000 | 
0C60 | 00000000 | 
0C64 | 00000000 | 
0C68 | 00000000 | 
0C6C | 00000000 | 
0C70 | 00000000 | 
0C74 | 00000000 | 
0C78 | 00000000 | 
0C7C | 00000000 | 
0C80 | 00000000 | 
0C84 | 00000000 | 
0C88 | 00000000 | 
0C8C | 00000000 | 
0C90 | 00000000 | 
0C94 | 00000000 | 
0C98 | 00000000 | 
0C9C | 00000000 | 
0CA0 | 00000000 | 
0CA4 | 00000000 | 
0CA8 | 00000000 | 
0CAC | 00000000 | 
0CB0 | 00000000 | 
0CB4 | 00000000 | 
0CB8 | 00000000 | 
0CBC | 00000000 | 
0CC0 | 00000000 | 
0CC4 | 00000000 | 
0CC8 | 00000000 | 
0CCC | 00000000 | 
0CD0 | 00000000 | 
0CD4 | 00000000 | 
0CD8 | 00000000 | 
0CDC | 00000000 | 
0CE0 | 00000000 | 
0CE4 | 00000000 | 
0CE8 | 00000000 | 
0CEC | 00000000 | 
0CF0 | 00000000 | 
0CF4 | 00000000 | 
0CF8 | 00000000 | 
0CFC | 00000000 | 
0D00 | 00000000 | 
0D04 | 00000000 | 
0D08 | 00000000 | 
0D0C | 00000000 | 
0D10 | 00000000 | 
0D14 | 00000000 | 
0D18 | 00000000 | 
0D1C | 00000000 | 
0D20 | 00000000 | 
0D24 | 00000000 | 
0D28 | 00000000 | 
0D2C | 00000000 | 
0D30 | 00000000 | 
0D34 | 00000000 | 
0D38 | 00000000 | 
0D3C | 00000000 | 
0D40 | 00000000 | 
0D44 | 00000000 | 
0D48 | 00000000 | 
0D4C | 00000000 | 
0D50 | 00000000 | 
0D54 | 00000000 | 
0D58 | 00000000 | 
0D5C | 00000000 | 
0D60 | 00000000 | 
0D64 | 00000000 | 
0D68 | 00000000 | 
0D6C | 00000000 | 
0D70 | 00000000 | 
0D74 | 00000000 | 
0D78 | 00000000 | 
0D7C | 00000000 | 
0D80 | 00000000 | 
0D84 | 00000000 | 
0D88 | 00000000 | 
0D8C | 00000000 | 
0D90 | 00000000 | 
0D94 | 00000000 | 
0D98 | 00000000 | 
0D9C | 00000000 | 
0DA0 | 00000000 | 
0DA4 | 00000000 | 
0DA8 | 00000000 | 
0DAC | 00000000 | 
0DB0 | 00000000 | 
0DB4 | 00000000 | 
0DB8 | 00000000 | 
0DBC | 00000000 | 
0DC0 | 00000000 | 
0DC4 | 00000000 | 
0DC8 | 00000000 | 
0DCC | 00000000 | 
0DD0 | 00000000 | 
0DD4 | 00000000 | 
0DD8 | 00000000 | 
0DDC | 00000000 | 
0DE0 | 00000000 | 
0DE4 | 00000000 | 
0DE8 | 00000000 | 
0DEC | 00000000 | 
0DF0 | 00000000 | 
0DF4 | 00000000 | 
0DF8 | 00000000 | 
0DFC | 00000000 | 
0E00 | 00000000 | 
0E04 | 00000000 | 
0E08 | 00000000 | 
0E0C | 00000000 | 
0E10 | 00000000 | 
0E14 | 00000000 | 
0E18 | 00000000 | 
0E1C | 00000000 | 
0E20 | 00000000 | 
0E24 | 00000000 | 
0E28 | 00000000 | 
0E2C | 00000000 | 
0E30 | 00000000 | 
0E34 | 00000000 | 
0E38 | 00000000 | 
0E3C | 00000000 | 
0E40 | 00000000 | 
0E44 | 00000000 | 
0E48 | 00000000 | 
0E4C | 00000000 | 
0E50 | 00000000 | 
0E54 | 00000000 | 
0E58 | 00000000 | 
0E5C | 00000000 | 
0E60 | 00000000 | 
0E64 | 00000000 | 
0E68 | 00000000 | 
0E6C | 00000000 | 
0E70 | 00000000 | 
0E74 | 00000000 | 
0E78 | 00000000 | 
0E7C | 00000000 | 
0E80 | 00000000 | 
0E84 | 00000000 | 
0E88 | 00000000 | 
0E8C | 00000000 | 
0E90 | 00000000 | 
0E94 | 00000000 | 
0E98 | 00000000 | 
0E9C | 00000000 | 
0EA0 | 00000000 | 
0EA4 | 00000000 | 
0EA8 | 00000000 | 
0EAC | 00000000 | 
0EB0 | 00000000 | 
0EB4 | 00000000 | 
0EB8 | 00000000 | 
0EBC | 00000000 | 
0EC0 | 00000000 | 
0EC4 | 00000000 | 
0EC8 | 00000000 | 
0ECC | 00000000 | 
0ED0 | 00000000 | 
0ED4 | 00000000 | 
0ED8 | 00000000 | 
0EDC | 00000000 | 
0EE0 | 00000000 | 
0EE4 | 00000000 | 
0EE8 | 00000000 | 
0EEC | 00000000 | 
0EF0 | 00000000 | 
0EF4 | 00000000 | 
0EF8 | 00000000 | 
0EFC | 00000000 | 
0F00 | 00000000 | 
0F04 | 00000000 | 
0F08 | 00000000 | 
0F0C | 00000000 | 
0F10 | 00000000 | 
0F14 | 00000000 | 
0F18 | 00000000 | 
0F1C | 00000000 | 
0F20 | 00000000 | 
0F24 | 00000000 | 
0F28 | 00000000 | 
0F2C | 00000000 | 
0F30 | 00000000 | 
0F34 | 00000000 | 
0F38 | 00000000 | 
0F3C | 00000000 | 
0F40 | 00000000 | 
0F44 | 00000000 | 
0F48 | 00000000 | 
0F4C | 00000000 | 
0F50 | 00000000 | 
0F54 | 00000000 | 
0F58 | 00000000 | 
0F5C | 00000000 | 
0F60 | 00000000 | 
0F64 | 00000000 | 
0F68 | 00000000 | 
0F6C | 00000000 | 
0F70 | 00000000 | 
0F74 | 00000000 | 
0F78 | 00000000 | 
0F7C | 00000000 | 
0F80 | 00000000 | 
0F84 | 00000000 | 
0F88 | 00000000 | 
0F8C | 00000000 | 
0F90 | 00000000 | 
0F94 | 00000000 | 
0F98 | 00000000 | 
0F9C | 00000000 | 
0FA0 | 00000000 | 
0FA4 | 00000000 | 
0FA8 | 00000000 | 
0FAC | 00000000 | 
0FB0 | 00000000 | 
0FB4 | 00000000 | 
0FB8 | 00000000 | 
0FBC | 00000000 | 
0FC0 | 00000000 | 
0FC4 | 00000000 | 
0FC8 | 00000000 | 
0FCC | 00000000 | 
0FD0 | 00000000 | 
0FD4 | 00000000 | 
0FD8 | 00000000 | 
0FDC | 00000000 | 
0FE0 | 00000000 | 
0FE4 | 00000000 | 
0FE8 | 00000000 | 
0FEC | 00000000 | 
0FF0 | 00000000 | 
0FF4 | 00000000 | 
0FF8 | 00000000 | 
0FFC | 00000000 | 
1000 | 00000000 | 
1004 | 00000000 | 
1008 | 00000000 | 
100C | 00000000 | 
1010 | 00000000 | 
1014 | 00000000 | 
1018 | 00000000 | 
101C | 00000000 | 
1020 | 00000000 | 
1024 | 00000000 | 
1028 | 00000000 | 
102C | 00000000 | 
1030 | 00000000 | 
1034 | 00000000 | 
1038 | 00000000 | 
103C | 00000000 | 
1040 | 00000000 | 
1044 | 00000000 | 
1048 | 00000000 | 
104C | 00000000 | 
1050 | 00000000 | 
1054 | 00000000 | 
1058 | 00000000 | 
105C | 00000000 | 
1060 | 00000000 | 
1064 | 00000000 | 
1068 | 00000000 | 
106C | 00000000 | 
1070 | 00000000 | 
1074 | 00000000 | 
1078 | 00000000 | 
107C | 00000000 | 
1080 | 00000000 | 
1084 | 00000000 | 
1088 | 00000000 | 
108C | 00000000 | 
1090 | 00000000 | 
1094 | 00000000 | 
1098 | 00000000 | 
109C | 00000000 | 
10A0 | 00000000 | 
10A4 | 00000000 | 
10A8 | 00000000 | 
10AC | 00000000 | 
10B0 | 00000000 | 
10B4 | 00000000 | 
10B8 | 00000000 | 
10BC | 00000000 | 
10C0 | 00000000 | 
10C4 | 00000000 | 
10C8 | 00000000 | 
10CC | 00000000 | 
10D0 | 00000000 | 
10D4 | 00000000 | 
10D8 | 00000000 | 
10DC | 00000000 | 
10E0 | 00000000 | 
10E4 | 00000000 | 
10E8 | 00000000 | 
10EC | 00000000 | 
10F0 | 00000000 | 
10F4 | 00000000 | 
10F8 | 00000000 | 
10FC | 00000000 | 
1100 | 00000000 | 
1104 | 00000000 | 
1108 | 00000000 | 
110C | 00000000 | 
1110 | 00000000 | 
1114 | 00000000 | 
1118 | 00000000 | 
111C | 00000000 | 
1120 | 00000000 | 
1124 | 00000000 | 
1128 | 00000000 | 
112C | 00000000 | 
1130 | 00000000 | 
1134 | 00000000 | 
1138 | 00000000 | 
113C | 00000000 | 
1140 | 00000000 | 
1144 | 00000000 | 
1148 | 00000000 | 
114C | 00000000 | 
1150 | 00000000 | 
1154 | 00000000 | 
1158 | 00000000 | 
115C | 00000000 | 
1160 | 00000000 | 
1164 | 00000000 | 
1168 | 00000000 | 
116C | 00000000 | 
1170 | 00000000 | 
1174 | 00000000 | 
1178 | 00000000 | 
117C | 00000000 | 
1180 | 00000000 | 
1184 | 00000000 | 
1188 | 00000000 | 
118C | 00000000 | 
1190 | 00000000 | 
1194 | 00000000 | 
1198 | 00000000 | 
119C | 00000000 | 
11A0 | 00000000 | 
11A4 | 00000000 | 
11A8 | 00000000 | 
11AC | 00000000 | 
11B0 | 00000000 | 
11B4 | 00000000 | 
11B8 | 00000000 | 
11BC | 00000000 | 
11C0 | 00000000 | 
11C4 | 00000000 | 
11C8 | 00000000 | 
11CC | 00000000 | 
11D0 | 00000000 | 
11D4 | 00000000 | 
11D8 | 00000000 | 
11DC | 00000000 | 
11E0 | 00000000 | 
11E4 | 00000000 | 
11E8 | 00000000 | 
11EC | 00000000 | 
11F0 | 00000000 | 
11F4 | 00000000 | 
11F8 | 00000000 | 
11FC | 00000000 | 
1200 | 00000000 | 
1204 | 00000000 | 
1208 | 00000000 | 
120C | 00000000 | 
1210 | 00000000 | 
1214 | 00000000 | 
1218 | 00000000 | 
121C | 00000000 | 
1220 | 00000000 | 
1224 | 00000000 | 
1228 | 00000000 | 
122C | 00000000 | 
1230 | 00000000 | 
1234 | 00000000 | 
1238 | 00000000 | 
123C | 00000000 | 
1240 | 00000000 | 
1244 | 00000000 | 
1248 | 00000000 | 
124C | 00000000 | 
1250 | 00000000 | 
1254 | 00000000 | 
1258 | 00000000 | 
125C | 00000000 | 
1260 | 00000000 | 
1264 | 00000000 | 
1268 | 00000000 | 
126C | 00000000 | 
1270 | 00000000 | 
1274 | 00000000 | 
1278 | 00000000 | 
127C | 00000000 | 
1280 | 00000000 | 
1284 | 00000000 | 
1288 | 00000000 | 
128C | 00000000 | 
1290 | 00000000 | 
1294 | 00000000 | 
1298 | 00000000 | 
129C | 00000000 | 
12A0 | 00000000 | 
12A4 | 00000000 | 
12A8 | 00000000 | 
12AC | 00000000 | 
12B0 | 00000000 | 
12B4 | 00000000 | 
12B8 | 00000000 | 
12BC | 00000000 | 
12C0 | 00000000 | 
12C4 | 00000000 | 
12C8 | 00000000 | 
12CC | 00000000 | 
12D0 | 00000000 | 
12D4 | 00000000 | 
12D8 | 00000000 | 
12DC | 00000000 | 
12E0 | 00000000 | 
12E4 | 00000000 | 
12E8 | 00000000 | 
12EC | 00000000 | 
12F0 | 00000000 | 
12F4 | 00000000 | 
12F8 | 00000000 | 
12FC | 00000000 | 
1300 | 00000000 | 
1304 | 00000000 | 
1308 | 00000000 | 
130C | 00000000 | 
1310 | 00000000 | 
1314 | 00000000 | 
1318 | 00000000 | 
131C | 00000000 | 
1320 | 00000000 | 
1324 | 00000000 | 
1328 | 00000000 | 
132C | 00000000 | 
1330 | 00000000 | 
1334 | 00000000 | 
1338 | 00000000 | 
133C | 00000000 | 
1340 | 00000000 | 
1344 | 00000000 | 
1348 | 00000000 | 
134C | 00000000 | 
1350 | 00000000 | 
1354 | 00000000 | 
1358 | 00000000 | 
135C | 00000000 | 
1360 | 00000000 | 
1364 | 00000000 | 
1368 | 00000000 | 
136C | 00000000 | 
1370 | 00000000 | 
1374 | 00000000 | 
1378 | 00000000 | 
137C | 00000000 | 
1380 | 00000000 | 
1384 | 00000000 | 
1388 | 00000000 | 
138C | 00000000 | 
1390 | 00000000 | 
1394 | 00000000 | 
1398 | 00000000 | 
139C | 00000000 | 
13A0 | 00000000 | 
13A4 | 00000000 | 
13A8 | 00000000 | 
13AC | 00000000 | 
13B0 | 00000000 | 
13B4 | 00000000 | 
13B8 | 00000000 | 
13BC | 00000000 | 
13C0 | 00000000 | 
13C4 | 00000000 | 
13C8 | 00000000 | 
13CC | 00000000 | 
13D0 | 00000000 | 
13D4 | 00000000 | 
13D8 | 00000000 | 
13DC | 00000000 | 
13E0 | 00000000 | 
13E4 | 00000000 | 
13E8 | 00000000 | 
13EC | 00000000 | 
13F0 | 00000000 | 
13F4 | 00000000 | 
13F8 | 00000000 | 
13FC | 00000000 | 
1400 | 00000000 | 
1404 | 00000000 | 
1408 | 00000000 | 
140C | 00000000 | 
1410 | 00000000 | 
1414 | 00000000 | 
1418 | 00000000 | 
141C | 00000000 | 
1420 | 00000000 | 
1424 | 00000000 | 
1428 | 00000000 | 
142C | 00000000 | 
1430 | 00000000 | 
1434 | 00000000 | 
1438 | 00000000 | 
143C | 00000000 | 
1440 | 00000000 | 
1444 | 00000000 | 
1448 | 00000000 | 
144C | 00000000 | 
1450 | 00000000 | 
1454 | 00000000 | 
1458 | 00000000 | 
145C | 00000000 | 
1460 | 00000000 | 
1464 | 00000000 | 
1468 | 00000000 | 
146C | 00000000 | 
1470 | 00000000 | 
1474 | 00000000 | 
1478 | 00000000 | 
147C | 00000000 | 
1480 | 00000000 | 
1484 | 00000000 | 
1488 | 00000000 | 
148C | 00000000 | 
1490 | 00000000 | 
1494 | 00000000 | 
1498 | 00000000 | 
149C | 00000000 | 
14A0 | 00000000 | 
14A4 | 00000000 | 
14A8 | 00000000 | 
14AC | 00000000 | 
14B0 | 00000000 | 
14B4 | 00000000 | 
14B8 | 00000000 | 
14BC | 00000000 | 
14C0 | 00000000 | 
14C4 | 00000000 | 
14C8 | 00000000 | 
14CC | 00000000 | 
14D0 | 00000000 | 
14D4 | 00000000 | 
14D8 | 00000000 | 
14DC | 00000000 | 
14E0 | 00000000 | 
14E4 | 00000000 | 
14E8 | 00000000 | 
14EC | 00000000 | 
14F0 | 00000000 | 
14F4 | 00000000 | 
14F8 | 00000000 | 
14FC | 00000000 | 
1500 | 00000000 | 
1504 | 00000000 | 
1508 | 00000000 | 
150C | 00000000 | 
1510 | 00000000 | 
1514 | 00000000 | 
1518 | 00000000 | 
151C | 00000000 | 
1520 | 00000000 | 
1524 | 00000000 | 
1528 | 00000000 | 
152C | 00000000 | 
1530 | 00000000 | 
1534 | 00000000 | 
1538 | 00000000 | 
153C | 00000000 | 
1540 | 00000000 | 
1544 | 00000000 | 
1548 | 00000000 | 
154C | 00000000 | 
1550 | 00000000 | 
1554 | 00000000 | 
1558 | 00000000 | 
155C | 00000000 | 
1560 | 00000000 | 
1564 | 00000000 | 
1568 | 00000000 | 
156C | 00000000 | 
1570 | 00000000 | 
1574 | 00000000 | 
1578 | 00000000 | 
157C | 00000000 | 
1580 | 00000000 | 
1584 | 00000000 | 
1588 | 00000000 | 
158C | 00000000 | 
1590 | 00000000 | 
1594 | 00000000 | 
1598 | 00000000 | 
159C | 00000000 | 
15A0 | 00000000 | 
15A4 | 00000000 | 
15A8 | 00000000 | 
15AC | 00000000 | 
15B0 | 00000000 | 
15B4 | 00000000 | 
15B8 | 00000000 | 
15BC | 00000000 | 
15C0 | 00000000 | 
15C4 | 00000000 | 
15C8 | 00000000 | 
15CC | 00000000 | 
15D0 | 00000000 | 
15D4 | 00000000 | 
15D8 | 00000000 | 
15DC | 00000000 | 
15E0 | 00000000 | 
15E4 | 00000000 | 
15E8 | 00000000 | 
15EC | 00000000 | 
15F0 | 00000000 | 
15F4 | 00000000 | 
15F8 | 00000000 | 
15FC | 00000000 | 
1600 | 00000000 | 
1604 | 00000000 | 
1608 | 00000000 | 
160C | 00000000 | 
1610 | 00000000 | 
1614 | 00000000 | 
1618 | 00000000 | 
161C | 00000000 | 
1620 | 00000000 | 
1624 | 00000000 | 
1628 | 00000000 | 
162C | 00000000 | 
1630 | 00000000 | 
1634 | 00000000 | 
1638 | 00000000 | 
163C | 00000000 | 
1640 | 00000000 | 
1644 | 00000000 | 
1648 | 00000000 | 
164C | 00000000 | 
1650 | 00000000 | 
1654 | 00000000 | 
1658 | 00000000 | 
165C | 00000000 | 
1660 | 00000000 | 
1664 | 00000000 | 
1668 | 00000000 | 
166C | 00000000 | 
1670 | 00000000 | 
1674 | 00000000 | 
1678 | 00000000 | 
167C | 00000000 | 
1680 | 00000000 | 
1684 | 00000000 | 
1688 | 00000000 | 
168C | 00000000 | 
1690 | 00000000 | 
1694 | 00000000 | 
1698 | 00000000 | 
169C | 00000000 | 
16A0 | 00000000 | 
16A4 | 00000000 | 
16A8 | 00000000 | 
16AC | 00000000 | 
16B0 | 00000000 | 
16B4 | 00000000 | 
16B8 | 00000000 | 
16BC | 00000000 | 
16C0 | 00000000 | 
16C4 | 00000000 | 
16C8 | 00000000 | 
16CC | 00000000 | 
16D0 | 00000000 | 
16D4 | 00000000 | 
16D8 | 00000000 | 
16DC | 00000000 | 
16E0 | 00000000 | 
16E4 | 00000000 | 
16E8 | 00000000 | 
16EC | 00000000 | 
16F0 | 00000000 | 
16F4 | 00000000 | 
16F8 | 00000000 | 
16FC | 00000000 | 
1700 | 00000000 | 
1704 | 00000000 | 
1708 | 00000000 | 
170C | 00000000 | 
1710 | 00000000 | 
1714 | 00000000 | 
1718 | 00000000 | 
171C | 00000000 | 
1720 | 00000000 | 
1724 | 00000000 | 
1728 | 00000000 | 
172C | 00000000 | 
1730 | 00000000 | 
1734 | 00000000 | 
1738 | 00000000 | 
173C | 00000000 | 
1740 | 00000000 | 
1744 | 00000000 | 
1748 | 00000000 | 
174C | 00000000 | 
1750 | 00000000 | 
1754 | 00000000 | 
1758 | 00000000 | 
175C | 00000000 | 
1760 | 00000000 | 
1764 | 00000000 | 
1768 | 00000000 | 
176C | 00000000 | 
1770 | 00000000 | 
1774 | 00000000 | 
1778 | 00000000 | 
177C | 00000000 | 
1780 | 00000000 | 
1784 | 00000000 | 
1788 | 00000000 | 
178C | 00000000 | 
1790 | 00000000 | 
1794 | 00000000 | 
1798 | 00000000 | 
179C | 00000000 | 
17A0 | 00000000 | 
17A4 | 00000000 | 
17A8 | 00000000 | 
17AC | 00000000 | 
17B0 | 00000000 | 
17B4 | 00000000 | 
17B8 | 00000000 | 
17BC | 00000000 | 
17C0 | 00000000 | 
17C4 | 00000000 | 
17C8 | 00000000 | 
17CC | 00000000 | 
17D0 | 00000000 | 
17D4 | 00000000 | 
17D8 | 00000000 | 
17DC | 00000000 | 
17E0 | 00000000 | 
17E4 | 00000000 | 
17E8 | 00000000 | 
17EC | 00000000 | 
17F0 | 00000000 | 
17F4 | 00000000 | 
17F8 | 00000000 | 
17FC | 00000000 | 
1800 | 00000000 | 
1804 | 00000000 | 
1808 | 00000000 | 
180C | 00000000 | 
1810 | 00000000 | 
1814 | 00000000 | 
1818 | 00000000 | 
181C | 00000000 | 
1820 | 00000000 | 
1824 | 00000000 | 
1828 | 00000000 | 
182C | 00000000 | 
1830 | 00000000 | 
1834 | 00000000 | 
1838 | 00000000 | 
183C | 00000000 | 
1840 | 00000000 | 
1844 | 00000000 | 
1848 | 00000000 | 
184C | 00000000 | 
1850 | 00000000 | 
1854 | 00000000 | 
1858 | 00000000 | 
185C | 00000000 | 
1860 | 00000000 | 
1864 | 00000000 | 
1868 | 00000000 | 
186C | 00000000 | 
1870 | 00000000 | 
1874 | 00000000 | 
1878 | 00000000 | 
187C | 00000000 | 
1880 | 00000000 | 
1884 | 00000000 | 
1888 | 00000000 | 
188C | 00000000 | 
1890 | 00000000 | 
1894 | 00000000 | 
1898 | 00000000 | 
189C | 00000000 | 
18A0 | 00000000 | 
18A4 | 00000000 | 
18A8 | 00000000 | 
18AC | 00000000 | 
18B0 | 00000000 | 
18B4 | 00000000 | 
18B8 | 00000000 | 
18BC | 00000000 | 
18C0 | 00000000 | 
18C4 | 00000000 | 
18C8 | 00000000 | 
18CC | 00000000 | 
18D0 | 00000000 | 
18D4 | 00000000 | 
18D8 | 00000000 | 
18DC | 00000000 | 
18E0 | 00000000 | 
18E4 | 00000000 | 
18E8 | 00000000 | 
18EC | 00000000 | 
18F0 | 00000000 | 
18F4 | 00000000 | 
18F8 | 00000000 | 
18FC | 00000000 | 
1900 | 00000000 | 
1904 | 00000000 | 
1908 | 00000000 | 
190C | 00000000 | 
1910 | 00000000 | 
1914 | 00000000 | 
1918 | 00000000 | 
191C | 00000000 | 
1920 | 00000000 | 
1924 | 00000000 | 
1928 | 00000000 | 
192C | 00000000 | 
1930 | 00000000 | 
1934 | 00000000 | 
1938 | 00000000 | 
193C | 00000000 | 
1940 | 00000000 | 
1944 | 00000000 | 
1948 | 00000000 | 
194C | 00000000 | 
1950 | 00000000 | 
1954 | 00000000 | 
1958 | 00000000 | 
195C | 00000000 | 
1960 | 00000000 | 
1964 | 00000000 | 
1968 | 00000000 | 
196C | 00000000 | 
1970 | 00000000 | 
1974 | 00000000 | 
1978 | 00000000 | 
197C | 00000000 | 
1980 | 00000000 | 
1984 | 00000000 | 
1988 | 00000000 | 
198C | 00000000 | 
1990 | 00000000 | 
1994 | 00000000 | 
1998 | 00000000 | 
199C | 00000000 | 
19A0 | 00000000 | 
19A4 | 00000000 | 
19A8 | 00000000 | 
19AC | 00000000 | 
19B0 | 00000000 | 
19B4 | 00000000 | 
19B8 | 00000000 | 
19BC | 00000000 | 
19C0 | 00000000 | 
19C4 | 00000000 | 
19C8 | 00000000 | 
19CC | 00000000 | 
19D0 | 00000000 | 
19D4 | 00000000 | 
19D8 | 00000000 | 
19DC | 00000000 | 
19E0 | 00000000 | 
19E4 | 00000000 | 
19E8 | 00000000 | 
19EC | 00000000 | 
19F0 | 00000000 | 
19F4 | 00000000 | 
19F8 | 00000000 | 
19FC | 00000000 | 
1A00 | 00000000 | 
1A04 | 00000000 | 
1A08 | 00000000 | 
1A0C | 00000000 | 
1A10 | 00000000 | 
1A14 | 00000000 | 
1A18 | 00000000 | 
1A1C | 00000000 | 
1A20 | 00000000 | 
1A24 | 00000000 | 
1A28 | 00000000 | 
1A2C | 00000000 | 
1A30 | 00000000 | 
1A34 | 00000000 | 
1A38 | 00000000 | 
1A3C | 00000000 | 
1A40 | 00000000 | 
1A44 | 00000000 | 
1A48 | 00000000 | 
1A4C | 00000000 | 
1A50 | 00000000 | 
1A54 | 00000000 | 
1A58 | 00000000 | 
1A5C | 00000000 | 
1A60 | 00000000 | 
1A64 | 00000000 | 
1A68 | 00000000 | 
1A6C | 00000000 | 
1A70 | 00000000 | 
1A74 | 00000000 | 
1A78 | 00000000 | 
1A7C | 00000000 | 
1A80 | 00000000 | 
1A84 | 00000000 | 
1A88 | 00000000 | 
1A8C | 00000000 | 
1A90 | 00000000 | 
1A94 | 00000000 | 
1A98 | 00000000 | 
1A9C | 00000000 | 
1AA0 | 00000000 | 
1AA4 | 00000000 | 
1AA8 | 00000000 | 
1AAC | 00000000 | 
1AB0 | 00000000 | 
1AB4 | 00000000 | 
1AB8 | 00000000 | 
1ABC | 00000000 | 
1AC0 | 00000000 | 
1AC4 | 00000000 | 
1AC8 | 00000000 | 
1ACC | 00000000 | 
1AD0 | 00000000 | 
1AD4 | 00000000 | 
1AD8 | 00000000 | 
1ADC | 00000000 | 
1AE0 | 00000000 | 
1AE4 | 00000000 | 
1AE8 | 00000000 | 
1AEC | 00000000 | 
1AF0 | 00000000 | 
1AF4 | 00000000 | 
1AF8 | 00000000 | 
1AFC | 00000000 | 
1B00 | 00000000 | 
1B04 | 00000000 | 
1B08 | 00000000 | 
1B0C | 00000000 | 
1B10 | 00000000 | 
1B14 | 00000000 | 
1B18 | 00000000 | 
1B1C | 00000000 | 
1B20 | 00000000 | 
1B24 | 00000000 | 
1B28 | 00000000 | 
1B2C | 00000000 | 
1B30 | 00000000 | 
1B34 | 00000000 | 
1B38 | 00000000 | 
1B3C | 00000000 | 
1B40 | 00000000 | 
1B44 | 00000000 | 
1B48 | 00000000 | 
1B4C | 00000000 | 
1B50 | 00000000 | 
1B54 | 00000000 | 
1B58 | 00000000 | 
1B5C | 00000000 | 
1B60 | 00000000 | 
1B64 | 00000000 | 
1B68 | 00000000 | 
1B6C | 00000000 | 
1B70 | 00000000 | 
1B74 | 00000000 | 
1B78 | 00000000 | 
1B7C | 00000000 | 
1B80 | 00000000 | 
1B84 | 00000000 | 
1B88 | 00000000 | 
1B8C | 00000000 | 
1B90 | 00000000 | 
1B94 | 00000000 | 
1B98 | 00000000 | 
1B9C | 00000000 | 
1BA0 | 00000000 | 
1BA4 | 00000000 | 
1BA8 | 00000000 | 
1BAC | 00000000 | 
1BB0 | 00000000 | 
1BB4 | 00000000 | 
1BB8 | 00000000 | 
1BBC | 00000000 | 
1BC0 | 00000000 | 
1BC4 | 00000000 | 
1BC8 | 00000000 | 
1BCC | 00000000 | 
1BD0 | 00000000 | 
1BD4 | 00000000 | 
1BD8 | 00000000 | 
1BDC | 00000000 | 
1BE0 | 00000000 | 
1BE4 | 00000000 | 
1BE8 | 00000000 | 
1BEC | 00000000 | 
1BF0 | 00000000 | 
1BF4 | 00000000 | 
1BF8 | 00000000 | 
1BFC | 00000000 | 
1C00 | 00000000 | 
1C04 | 00000000 | 
1C08 | 00000000 | 
1C0C | 00000000 | 
1C10 | 00000000 | 
1C14 | 00000000 | 
1C18 | 00000000 | 
1C1C | 00000000 | 
1C20 | 00000000 | 
1C24 | 00000000 | 
1C28 | 00000000 | 
1C2C | 00000000 | 
1C30 | 00000000 | 
1C34 | 00000000 | 
1C38 | 00000000 | 
1C3C | 00000000 | 
1C40 | 00000000 | 
1C44 | 00000000 | 
1C48 | 00000000 | 
1C4C | 00000000 | 
1C50 | 00000000 | 
1C54 | 00000000 | 
1C58 | 00000000 | 
1C5C | 00000000 | 
1C60 | 00000000 | 
1C64 | 00000000 | 
1C68 | 00000000 | 
1C6C | 00000000 | 
1C70 | 00000000 | 
1C74 | 00000000 | 
1C78 | 00000000 | 
1C7C | 00000000 | 
1C80 | 00000000 | 
1C84 | 00000000 | 
1C88 | 00000000 | 
1C8C | 00000000 | 
1C90 | 00000000 | 
1C94 | 00000000 | 
1C98 | 00000000 | 
1C9C | 00000000 | 
1CA0 | 00000000 | 
1CA4 | 00000000 | 
1CA8 | 00000000 | 
1CAC | 00000000 | 
1CB0 | 00000000 | 
1CB4 | 00000000 | 
1CB8 | 00000000 | 
1CBC | 00000000 | 
1CC0 | 00000000 | 
1CC4 | 00000000 | 
1CC8 | 00000000 | 
1CCC | 00000000 | 
1CD0 | 00000000 | 
1CD4 | 00000000 | 
1CD8 | 00000000 | 
1CDC | 00000000 | 
1CE0 | 00000000 | 
1CE4 | 00000000 | 
1CE8 | 00000000 | 
1CEC | 00000000 | 
1CF0 | 00000000 | 
1CF4 | 00000000 | 
1CF8 | 00000000 | 
1CFC | 00000000 | 
1D00 | 00000000 | 
1D04 | 00000000 | 
1D08 | 00000000 | 
1D0C | 00000000 | 
1D10 | 00000000 | 
1D14 | 00000000 | 
1D18 | 00000000 | 
1D1C | 00000000 | 
1D20 | 00000000 | 
1D24 | 00000000 | 
1D28 | 00000000 | 
1D2C | 00000000 | 
1D30 | 00000000 | 
1D34 | 00000000 | 
1D38 | 00000000 | 
1D3C | 00000000 | 
1D40 | 00000000 | 
1D44 | 00000000 | 
1D48 | 00000000 | 
1D4C | 00000000 | 
1D50 | 00000000 | 
1D54 | 00000000 | 
1D58 | 00000000 | 
1D5C | 00000000 | 
1D60 | 00000000 | 
1D64 | 00000000 | 
1D68 | 00000000 | 
1D6C | 00000000 | 
1D70 | 00000000 | 
1D74 | 00000000 | 
1D78 | 00000000 | 
1D7C | 00000000 | 
1D80 | 00000000 | 
1D84 | 00000000 | 
1D88 | 00000000 | 
1D8C | 00000000 | 
1D90 | 00000000 | 
1D94 | 00000000 | 
1D98 | 00000000 | 
1D9C | 00000000 | 
1DA0 | 00000000 | 
1DA4 | 00000000 | 
1DA8 | 00000000 | 
1DAC | 00000000 | 
1DB0 | 00000000 | 
1DB4 | 00000000 | 
1DB8 | 00000000 | 
1DBC | 00000000 | 
1DC0 | 00000000 | 
1DC4 | 00000000 | 
1DC8 | 00000000 | 
1DCC | 00000000 | 
1DD0 | 00000000 | 
1DD4 | 00000000 | 
1DD8 | 00000000 | 
1DDC | 00000000 | 
1DE0 | 00000000 | 
1DE4 | 00000000 | 
1DE8 | 00000000 | 
1DEC | 00000000 | 
1DF0 | 00000000 | 
1DF4 | 00000000 | 
1DF8 | 00000000 | 
1DFC | 00000000 | 
1E00 | 00000000 | 
1E04 | 00000000 | 
1E08 | 00000000 | 
1E0C | 00000000 | 
1E10 | 00000000 | 
1E14 | 00000000 | 
1E18 | 00000000 | 
1E1C | 00000000 | 
1E20 | 00000000 | 
1E24 | 00000000 | 
1E28 | 00000000 | 
1E2C | 00000000 | 
1E30 | 00000000 | 
1E34 | 00000000 | 
1E38 | 00000000 | 
1E3C | 00000000 | 
1E40 | 00000000 | 
1E44 | 00000000 | 
1E48 | 00000000 | 
1E4C | 00000000 | 
1E50 | 00000000 | 
1E54 | 00000000 | 
1E58 | 00000000 | 
1E5C | 00000000 | 
1E60 | 00000000 | 
1E64 | 00000000 | 
1E68 | 00000000 | 
1E6C | 00000000 | 
1E70 | 00000000 | 
1E74 | 00000000 | 
1E78 | 00000000 | 
1E7C | 00000000 | 
1E80 | 00000000 | 
1E84 | 00000000 | 
1E88 | 00000000 | 
1E8C | 00000000 | 
1E90 | 00000000 | 
1E94 | 00000000 | 
1E98 | 00000000 | 
1E9C | 00000000 | 
1EA0 | 00000000 | 
1EA4 | 00000000 | 
1EA8 | 00000000 | 
1EAC | 00000000 | 
1EB0 | 00000000 | 
1EB4 | 00000000 | 
1EB8 | 00000000 | 
1EBC | 00000000 | 
1EC0 | 00000000 | 
1EC4 | 00000000 | 
1EC8 | 00000000 | 
1ECC | 00000000 | 
1ED0 | 00000000 | 
1ED4 | 00000000 | 
1ED8 | 00000000 | 
1EDC | 00000000 | 
1EE0 | 00000000 | 
1EE4 | 00000000 | 
1EE8 | 00000000 | 
1EEC | 00000000 | 
1EF0 | 00000000 | 
1EF4 | 00000000 | 
1EF8 | 00000000 | 
1EFC | 00000000 | 
1F00 | 00000000 | 
1F04 | 00000000 | 
1F08 | 00000000 | 
1F0C | 00000000 | 
1F10 | 00000000 | 
1F14 | 00000000 | 
1F18 | 00000000 | 
1F1C | 00000000 | 
1F20 | 00000000 | 
1F24 | 00000000 | 
1F28 | 00000000 | 
1F2C | 00000000 | 
1F30 | 00000000 | 
1F34 | 00000000 | 
1F38 | 00000000 | 
1F3C | 00000000 | 
1F40 | 00000000 | 
1F44 | 00000000 | 
1F48 | 00000000 | 
1F4C | 00000000 | 
1F50 | 00000000 | 
1F54 | 00000000 | 
1F58 | 00000000 | 
1F5C | 00000000 | 
1F60 | 00000000 | 
1F64 | 00000000 | 
1F68 | 00000000 | 
1F6C | 00000000 | 
1F70 | 00000000 | 
1F74 | 00000000 | 
1F78 | 00000000 | 
1F7C | 00000000 | 
1F80 | 00000000 | 
1F84 | 00000000 | 
1F88 | 00000000 | 
1F8C | 00000000 | 
1F90 | 00000000 | 
1F94 | 00000000 | 
1F98 | 00000000 | 
1F9C | 00000000 | 
1FA0 | 00000000 | 
1FA4 | 00000000 | 
1FA8 | 00000000 | 
1FAC | 00000000 | 
1FB0 | 00000000 | 
1FB4 | 00000000 | 
1FB8 | 00000000 | 
1FBC | 00000000 | 
1FC0 | 00000000 | 
1FC4 | 00000000 | 
1FC8 | 00000000 | 
1FCC | 00000000 | 
1FD0 | 00000000 | 
1FD4 | 00000000 | 
1FD8 | 00000000 | 
1FDC | 00000000 | 
1FE0 | 00000000 | 
1FE4 | 00000000 | 
1FE8 | 00000000 | 
1FEC | 00000000 | 
1FF0 | 00000000 | 
1FF4 | 00000000 | 
1FF8 | 00000000 | 
1FFC | 00000000 | 
2000 | 00000000 | 
2004 | 00000000 | 
2008 | 00000000 | 
200C | 00000000 | 
2010 | 00000000 | 
2014 | 00000000 | 
2018 | 00000000 | 
201C | 00000000 | 
2020 | 00000000 | 
2024 | 00000000 | 
2028 | 00000000 | 
202C | 00000000 | 
2030 | 00000000 | 
2034 | 00000000 | 
2038 | 00000000 | 
203C | 00000000 | 
2040 | 00000000 | 
2044 | 00000000 | 
2048 | 00000000 | 
204C | 00000000 | 
2050 | 00000000 | 
2054 | 00000000 | 
2058 | 00000000 | 
205C | 00000000 | 
2060 | 00000000 | 
2064 | 00000000 | 
2068 | 00000000 | 
206C | 00000000 | 
2070 | 00000000 | 
2074 | 00000000 | 
2078 | 00000000 | 
207C | 00000000 | 
2080 | 00000000 | 
2084 | 00000000 | 
2088 | 00000000 | 
208C | 00000000 | 
2090 | 00000000 | 
2094 | 00000000 | 
2098 | 00000000 | 
209C | 00000000 | 
20A0 | 00000000 | 
20A4 | 00000000 | 
20A8 | 00000000 | 
20AC | 00000000 | 
20B0 | 00000000 | 
20B4 | 00000000 | 
20B8 | 00000000 | 
20BC | 00000000 | 
20C0 | 00000000 | 
20C4 | 00000000 | 
20C8 | 00000000 | 
20CC | 00000000 | 
20D0 | 00000000 | 
20D4 | 00000000 | 
20D8 | 00000000 | 
20DC | 00000000 | 
20E0 | 00000000 | 
20E4 | 00000000 | 
20E8 | 00000000 | 
20EC | 00000000 | 
20F0 | 00000000 | 
20F4 | 00000000 | 
20F8 | 00000000 | 
20FC | 00000000 | 
2100 | 00000000 | 
2104 | 00000000 | 
2108 | 00000000 | 
210C | 00000000 | 
2110 | 00000000 | 
2114 | 00000000 | 
2118 | 00000000 | 
211C | 00000000 | 
2120 | 00000000 | 
2124 | 00000000 | 
2128 | 00000000 | 
212C | 00000000 | 
2130 | 00000000 | 
2134 | 00000000 | 
2138 | 00000000 | 
213C | 00000000 | 
2140 | 00000000 | 
2144 | 00000000 | 
2148 | 00000000 | 
214C | 00000000 | 
2150 | 00000000 | 
2154 | 00000000 | 
2158 | 00000000 | 
215C | 00000000 | 
2160 | 00000000 | 
2164 | 00000000 | 
2168 | 00000000 | 
216C | 00000000 | 
2170 | 00000000 | 
2174 | 00000000 | 
2178 | 00000000 | 
217C | 00000000 | 
2180 | 00000000 | 
2184 | 00000000 | 
2188 | 00000000 | 
218C | 00000000 | 
2190 | 00000000 | 
2194 | 00000000 | 
2198 | 00000000 | 
219C | 00000000 | 
21A0 | 00000000 | 
21A4 | 00000000 | 
21A8 | 00000000 | 
21AC | 00000000 | 
21B0 | 00000000 | 
21B4 | 00000000 | 
21B8 | 00000000 | 
21BC | 00000000 | 
21C0 | 00000000 | 
21C4 | 00000000 | 
21C8 | 00000000 | 
21CC | 00000000 | 
21D0 | 00000000 | 
21D4 | 00000000 | 
21D8 | 00000000 | 
21DC | 00000000 | 
21E0 | 00000000 | 
21E4 | 00000000 | 
21E8 | 00000000 | 
21EC | 00000000 | 
21F0 | 00000000 | 
21F4 | 00000000 | 
21F8 | 00000000 | 
21FC | 00000000 | 
2200 | 00000000 | 
2204 | 00000000 | 
2208 | 00000000 | 
220C | 00000000 | 
2210 | 00000000 | 
2214 | 00000000 | 
2218 | 00000000 | 
221C | 00000000 | 
2220 | 00000000 | 
2224 | 00000000 | 
2228 | 00000000 | 
222C | 00000000 | 
2230 | 00000000 | 
2234 | 00000000 | 
2238 | 00000000 | 
223C | 00000000 | 
2240 | 00000000 | 
2244 | 00000000 | 
2248 | 00000000 | 
224C | 00000000 | 
2250 | 00000000 | 
2254 | 00000000 | 
2258 | 00000000 | 
225C | 00000000 | 
2260 | 00000000 | 
2264 | 00000000 | 
2268 | 00000000 | 
226C | 00000000 | 
2270 | 00000000 | 
2274 | 00000000 | 
2278 | 00000000 | 
227C | 00000000 | 
2280 | 00000000 | 
2284 | 00000000 | 
2288 | 00000000 | 
228C | 00000000 | 
2290 | 00000000 | 
2294 | 00000000 | 
2298 | 00000000 | 
229C | 00000000 | 
22A0 | 00000000 | 
22A4 | 00000000 | 
22A8 | 00000000 | 
22AC | 00000000 | 
22B0 | 00000000 | 
22B4 | 00000000 | 
22B8 | 00000000 | 
22BC | 00000000 | 
22C0 | 00000000 | 
22C4 | 00000000 | 
22C8 | 00000000 | 
22CC | 00000000 | 
22D0 | 00000000 | 
22D4 | 00000000 | 
22D8 | 00000000 | 
22DC | 00000000 | 
22E0 | 00000000 | 
22E4 | 00000000 | 
22E8 | 00000000 | 
22EC | 00000000 | 
22F0 | 00000000 | 
22F4 | 00000000 | 
22F8 | 00000000 | 
22FC | 00000000 | 
2300 | 00000000 | 
2304 | 00000000 | 
2308 | 00000000 | 
230C | 00000000 | 
2310 | 00000000 | 
2314 | 00000000 | 
2318 | 00000000 | 
231C | 00000000 | 
2320 | 00000000 | 
2324 | 00000000 | 
2328 | 00000000 | 
232C | 00000000 | 
2330 | 00000000 | 
2334 | 00000000 | 
2338 | 00000000 | 
233C | 00000000 | 
2340 | 00000000 | 
2344 | 00000000 | 
2348 | 00000000 | 
234C | 00000000 | 
2350 | 00000000 | 
2354 | 00000000 | 
2358 | 00000000 | 
235C | 00000000 | 
2360 | 00000000 | 
2364 | 00000000 | 
2368 | 00000000 | 
236C | 00000000 | 
2370 | 00000000 | 
2374 | 00000000 | 
2378 | 00000000 | 
237C | 00000000 | 
2380 | 00000000 | 
2384 | 00000000 | 
2388 | 00000000 | 
238C | 00000000 | 
2390 | 00000000 | 
2394 | 00000000 | 
2398 | 00000000 | 
239C | 00000000 | 
23A0 | 00000000 | 
23A4 | 00000000 | 
23A8 | 00000000 | 
23AC | 00000000 | 
23B0 | 00000000 | 
23B4 | 00000000 | 
23B8 | 00000000 | 
23BC | 00000000 | 
23C0 | 00000000 | 
23C4 | 00000000 | 
23C8 | 00000000 | 
23CC | 00000000 | 
23D0 | 00000000 | 
23D4 | 00000000 | 
23D8 | 00000000 | 
23DC | 00000000 | 
23E0 | 00000000 | 
23E4 | 00000000 | 
23E8 | 00000000 | 
23EC | 00000000 | 
23F0 | 00000000 | 
23F4 | 00000000 | 
23F8 | 00000000 | 
23FC | 00000000 | 
2400 | 00000000 | 
2404 | 00000000 | 
2408 | 00000000 | 
240C | 00000000 | 
2410 | 00000000 | 
2414 | 00000000 | 
2418 | 00000000 | 
241C | 00000000 | 
2420 | 00000000 | 
2424 | 00000000 | 
2428 | 00000000 | 
242C | 00000000 | 
2430 | 00000000 | 
2434 | 00000000 | 
2438 | 00000000 | 
243C | 00000000 | 
2440 | 00000000 | 
2444 | 00000000 | 
2448 | 00000000 | 
244C | 00000000 | 
2450 | 00000000 | 
2454 | 00000000 | 
2458 | 00000000 | 
245C | 00000000 | 
2460 | 00000000 | 
2464 | 00000000 | 
2468 | 00000000 | 
246C | 00000000 | 
2470 | 00000000 | 
2474 | 00000000 | 
2478 | 00000000 | 
247C | 00000000 | 
2480 | 00000000 | 
2484 | 00000000 | 
2488 | 00000000 | 
248C | 00000000 | 
2490 | 00000000 | 
2494 | 00000000 | 
2498 | 00000000 | 
249C | 00000000 | 
24A0 | 00000000 | 
24A4 | 00000000 | 
24A8 | 00000000 | 
24AC | 00000000 | 
24B0 | 00000000 | 
24B4 | 00000000 | 
24B8 | 00000000 | 
24BC | 00000000 | 
24C0 | 00000000 | 
24C4 | 00000000 | 
24C8 | 00000000 | 
24CC | 00000000 | 
24D0 | 00000000 | 
24D4 | 00000000 | 
24D8 | 00000000 | 
24DC | 00000000 | 
24E0 | 00000000 | 
24E4 | 00000000 | 
24E8 | 00000000 | 
24EC | 00000000 | 
24F0 | 00000000 | 
24F4 | 00000000 | 
24F8 | 00000000 | 
24FC | 00000000 | 
2500 | 00000000 | 
2504 | 00000000 | 
2508 | 00000000 | 
250C | 00000000 | 
2510 | 00000000 | 
2514 | 00000000 | 
2518 | 00000000 | 
251C | 00000000 | 
2520 | 00000000 | 
2524 | 00000000 | 
2528 | 00000000 | 
252C | 00000000 | 
2530 | 00000000 | 
2534 | 00000000 | 
2538 | 00000000 | 
253C | 00000000 | 
2540 | 00000000 | 
2544 | 00000000 | 
2548 | 00000000 | 
254C | 00000000 | 
2550 | 00000000 | 
2554 | 00000000 | 
2558 | 00000000 | 
255C | 00000000 | 
2560 | 00000000 | 
2564 | 00000000 | 
2568 | 00000000 | 
256C | 00000000 | 
2570 | 00000000 | 
2574 | 00000000 | 
2578 | 00000000 | 
257C | 00000000 | 
2580 | 00000000 | 
2584 | 00000000 | 
2588 | 00000000 | 
258C | 00000000 | 
2590 | 00000000 | 
2594 | 00000000 | 
2598 | 00000000 | 
259C | 00000000 | 
25A0 | 00000000 | 
25A4 | 00000000 | 
25A8 | 00000000 | 
25AC | 00000000 | 
25B0 | 00000000 | 
25B4 | 00000000 | 
25B8 | 00000000 | 
25BC | 00000000 | 
25C0 | 00000000 | 
25C4 | 00000000 | 
25C8 | 00000000 | 
25CC | 00000000 | 
25D0 | 00000000 | 
25D4 | 00000000 | 
25D8 | 00000000 | 
25DC | 00000000 | 
25E0 | 00000000 | 
25E4 | 00000000 | 
25E8 | 00000000 | 
25EC | 00000000 | 
25F0 | 00000000 | 
25F4 | 00000000 | 
25F8 | 00000000 | 
25FC | 00000000 | 
2600 | 00000000 | 
2604 | 00000000 | 
2608 | 00000000 | 
260C | 00000000 | 
2610 | 00000000 | 
2614 | 00000000 | 
2618 | 00000000 | 
261C | 00000000 | 
2620 | 00000000 | 
2624 | 00000000 | 
2628 | 00000000 | 
262C | 00000000 | 
2630 | 00000000 | 
2634 | 00000000 | 
2638 | 00000000 | 
263C | 00000000 | 
2640 | 00000000 | 
2644 | 00000000 | 
2648 | 00000000 | 
264C | 00000000 | 
2650 | 00000000 | 
2654 | 00000000 | 
2658 | 00000000 | 
265C | 00000000 | 
2660 | 00000000 | 
2664 | 00000000 | 
2668 | 00000000 | 
266C | 00000000 | 
2670 | 00000000 | 
2674 | 00000000 | 
2678 | 00000000 | 
267C | 00000000 | 
2680 | 00000000 | 
2684 | 00000000 | 
2688 | 00000000 | 
268C | 00000000 | 
2690 | 00000000 | 
2694 | 00000000 | 
2698 | 00000000 | 
269C | 00000000 | 
26A0 | 00000000 | 
26A4 | 00000000 | 
26A8 | 00000000 | 
26AC | 00000000 | 
26B0 | 00000000 | 
26B4 | 00000000 | 
26B8 | 00000000 | 
26BC | 00000000 | 
26C0 | 00000000 | 
26C4 | 00000000 | 
26C8 | 00000000 | 
26CC | 00000000 | 
26D0 | 00000000 | 
26D4 | 00000000 | 
26D8 | 00000000 | 
26DC | 00000000 | 
26E0 | 00000000 | 
26E4 | 00000000 | 
26E8 | 00000000 | 
26EC | 00000000 | 
26F0 | 00000000 | 
26F4 | 00000000 | 
26F8 | 00000000 | 
26FC | 00000000 | 
2700 | 00000000 | 
2704 | 00000000 | 
2708 | 00000000 | 
270C | 00000000 | 
2710 | 00000000 | 
2714 | 00000000 | 
2718 | 00000000 | 
271C | 00000000 | 
2720 | 00000000 | 
2724 | 00000000 | 
2728 | 00000000 | 
272C | 00000000 | 
2730 | 00000000 | 
2734 | 00000000 | 
2738 | 00000000 | 
273C | 00000000 | 
2740 | 00000000 | 
2744 | 00000000 | 
2748 | 00000000 | 
274C | 00000000 | 
2750 | 00000000 | 
2754 | 00000000 | 
2758 | 00000000 | 
275C | 00000000 | 
2760 | 00000000 | 
2764 | 00000000 | 
2768 | 00000000 | 
276C | 00000000 | 
2770 | 00000000 | 
2774 | 00000000 | 
2778 | 00000000 | 
277C | 00000000 | 
2780 | 00000000 | 
2784 | 00000000 | 
2788 | 00000000 | 
278C | 00000000 | 
2790 | 00000000 | 
2794 | 00000000 | 
2798 | 00000000 | 
279C | 00000000 | 
27A0 | 00000000 | 
27A4 | 00000000 | 
27A8 | 00000000 | 
27AC | 00000000 | 
27B0 | 00000000 | 
27B4 | 00000000 | 
27B8 | 00000000 | 
27BC | 00000000 | 
27C0 | 00000000 | 
27C4 | 00000000 | 
27C8 | 00000000 | 
27CC | 00000000 | 
27D0 | 00000000 | 
27D4 | 00000000 | 
27D8 | 00000000 | 
27DC | 00000000 | 
27E0 | 00000000 | 
27E4 | 00000000 | 
27E8 | 00000000 | 
27EC | 00000000 | 
27F0 | 00000000 | 
27F4 | 00000000 | 
27F8 | 00000000 | 
27FC | 00000000 | 
2800 | 00000000 | 
2804 | 00000000 | 
2808 | 00000000 | 
280C | 00000000 | 
2810 | 00000000 | 
2814 | 00000000 | 
2818 | 00000000 | 
281C | 00000000 | 
2820 | 00000000 | 
2824 | 00000000 | 
2828 | 00000000 | 
282C | 00000000 | 
2830 | 00000000 | 
2834 | 00000000 | 
2838 | 00000000 | 
283C | 00000000 | 
2840 | 00000000 | 
2844 | 00000000 | 
2848 | 00000000 | 
284C | 00000000 | 
2850 | 00000000 | 
2854 | 00000000 | 
2858 | 00000000 | 
285C | 00000000 | 
2860 | 00000000 | 
2864 | 00000000 | 
2868 | 00000000 | 
286C | 00000000 | 
2870 | 00000000 | 
2874 | 00000000 | 
2878 | 00000000 | 
287C | 00000000 | 
2880 | 00000000 | 
2884 | 00000000 | 
2888 | 00000000 | 
288C | 00000000 | 
2890 | 00000000 | 
2894 | 00000000 | 
2898 | 00000000 | 
289C | 00000000 | 
28A0 | 00000000 | 
28A4 | 00000000 | 
28A8 | 00000000 | 
28AC | 00000000 | 
28B0 | 00000000 | 
28B4 | 00000000 | 
28B8 | 00000000 | 
28BC | 00000000 | 
28C0 | 00000000 | 
28C4 | 00000000 | 
28C8 | 00000000 | 
28CC | 00000000 | 
28D0 | 00000000 | 
28D4 | 00000000 | 
28D8 | 00000000 | 
28DC | 00000000 | 
28E0 | 00000000 | 
28E4 | 00000000 | 
28E8 | 00000000 | 
28EC | 00000000 | 
28F0 | 00000000 | 
28F4 | 00000000 | 
28F8 | 00000000 | 
28FC | 00000000 | 
2900 | 00000000 | 
2904 | 00000000 | 
2908 | 00000000 | 
290C | 00000000 | 
2910 | 00000000 | 
2914 | 00000000 | 
2918 | 00000000 | 
291C | 00000000 | 
2920 | 00000000 | 
2924 | 00000000 | 
2928 | 00000000 | 
292C | 00000000 | 
2930 | 00000000 | 
2934 | 00000000 | 
2938 | 00000000 | 
293C | 00000000 | 
2940 | 00000000 | 
2944 | 00000000 | 
2948 | 00000000 | 
294C | 00000000 | 
2950 | 00000000 | 
2954 | 00000000 | 
2958 | 00000000 | 
295C | 00000000 | 
2960 | 00000000 | 
2964 | 00000000 | 
2968 | 00000000 | 
296C | 00000000 | 
2970 | 00000000 | 
2974 | 00000000 | 
2978 | 00000000 | 
297C | 00000000 | 
2980 | 00000000 | 
2984 | 00000000 | 
2988 | 00000000 | 
298C | 00000000 | 
2990 | 00000000 | 
2994 | 00000000 | 
2998 | 00000000 | 
299C | 00000000 | 
29A0 | 00000000 | 
29A4 | 00000000 | 
29A8 | 00000000 | 
29AC | 00000000 | 
29B0 | 00000000 | 
29B4 | 00000000 | 
29B8 | 00000000 | 
29BC | 00000000 | 
29C0 | 00000000 | 
29C4 | 00000000 | 
29C8 | 00000000 | 
29CC | 00000000 | 
29D0 | 00000000 | 
29D4 | 00000000 | 
29D8 | 00000000 | 
29DC | 00000000 | 
29E0 | 00000000 | 
29E4 | 00000000 | 
29E8 | 00000000 | 
29EC | 00000000 | 
29F0 | 00000000 | 
29F4 | 00000000 | 
29F8 | 00000000 | 
29FC | 00000000 | 
2A00 | 00000000 | 
2A04 | 00000000 | 
2A08 | 00000000 | 
2A0C | 00000000 | 
2A10 | 00000000 | 
2A14 | 00000000 | 
2A18 | 00000000 | 
2A1C | 00000000 | 
2A20 | 00000000 | 
2A24 | 00000000 | 
2A28 | 00000000 | 
2A2C | 00000000 | 
2A30 | 00000000 | 
2A34 | 00000000 | 
2A38 | 00000000 | 
2A3C | 00000000 | 
2A40 | 00000000 | 
2A44 | 00000000 | 
2A48 | 00000000 | 
2A4C | 00000000 | 
2A50 | 00000000 | 
2A54 | 00000000 | 
2A58 | 00000000 | 
2A5C | 00000000 | 
2A60 | 00000000 | 
2A64 | 00000000 | 
2A68 | 00000000 | 
2A6C | 00000000 | 
2A70 | 00000000 | 
2A74 | 00000000 | 
2A78 | 00000000 | 
2A7C | 00000000 | 
2A80 | 00000000 | 
2A84 | 00000000 | 
2A88 | 00000000 | 
2A8C | 00000000 | 
2A90 | 00000000 | 
2A94 | 00000000 | 
2A98 | 00000000 | 
2A9C | 00000000 | 
2AA0 | 00000000 | 
2AA4 | 00000000 | 
2AA8 | 00000000 | 
2AAC | 00000000 | 
2AB0 | 00000000 | 
2AB4 | 00000000 | 
2AB8 | 00000000 | 
2ABC | 00000000 | 
2AC0 | 00000000 | 
2AC4 | 00000000 | 
2AC8 | 00000000 | 
2ACC | 00000000 | 
2AD0 | 00000000 | 
2AD4 | 00000000 | 
2AD8 | 00000000 | 
2ADC | 00000000 | 
2AE0 | 00000000 | 
2AE4 | 00000000 | 
2AE8 | 00000000 | 
2AEC | 00000000 | 
2AF0 | 00000000 | 
2AF4 | 00000000 | 
2AF8 | 00000000 | 
2AFC | 00000000 | 
2B00 | 00000000 | 
2B04 | 00000000 | 
2B08 | 00000000 | 
2B0C | 00000000 | 
2B10 | 00000000 | 
2B14 | 00000000 | 
2B18 | 00000000 | 
2B1C | 00000000 | 
2B20 | 00000000 | 
2B24 | 00000000 | 
2B28 | 00000000 | 
2B2C | 00000000 | 
2B30 | 00000000 | 
2B34 | 00000000 | 
2B38 | 00000000 | 
2B3C | 00000000 | 
2B40 | 00000000 | 
2B44 | 00000000 | 
2B48 | 00000000 | 
2B4C | 00000000 | 
2B50 | 00000000 | 
2B54 | 00000000 | 
2B58 | 00000000 | 
2B5C | 00000000 | 
2B60 | 00000000 | 
2B64 | 00000000 | 
2B68 | 00000000 | 
2B6C | 00000000 | 
2B70 | 00000000 | 
2B74 | 00000000 | 
2B78 | 00000000 | 
2B7C | 00000000 | 
2B80 | 00000000 | 
2B84 | 00000000 | 
2B88 | 00000000 | 
2B8C | 00000000 | 
2B90 | 00000000 | 
2B94 | 00000000 | 
2B98 | 00000000 | 
2B9C | 00000000 | 
2BA0 | 00000000 | 
2BA4 | 00000000 | 
2BA8 | 00000000 | 
2BAC | 00000000 | 
2BB0 | 00000000 | 
2BB4 | 00000000 | 
2BB8 | 00000000 | 
2BBC | 00000000 | 
2BC0 | 00000000 | 
2BC4 | 00000000 | 
2BC8 | 00000000 | 
2BCC | 00000000 | 
2BD0 | 00000000 | 
2BD4 | 00000000 | 
2BD8 | 00000000 | 
2BDC | 00000000 | 
2BE0 | 00000000 | 
2BE4 | 00000000 | 
2BE8 | 00000000 | 
2BEC | 00000000 | 
2BF0 | 00000000 | 
2BF4 | 00000000 | 
2BF8 | 00000000 | 
2BFC | 00000000 | 
2C00 | 00000000 | 
2C04 | 00000000 | 
2C08 | 00000000 | 
2C0C | 00000000 | 
2C10 | 00000000 | 
2C14 | 00000000 | 
2C18 | 00000000 | 
2C1C | 00000000 | 
2C20 | 00000000 | 
2C24 | 00000000 | 
2C28 | 00000000 | 
2C2C | 00000000 | 
2C30 | 00000000 | 
2C34 | 00000000 | 
2C38 | 00000000 | 
2C3C | 00000000 | 
2C40 | 00000000 | 
2C44 | 00000000 | 
2C48 | 00000000 | 
2C4C | 00000000 | 
2C50 | 00000000 | 
2C54 | 00000000 | 
2C58 | 00000000 | 
2C5C | 00000000 | 
2C60 | 00000000 | 
2C64 | 00000000 | 
2C68 | 00000000 | 
2C6C | 00000000 | 
2C70 | 00000000 | 
2C74 | 00000000 | 
2C78 | 00000000 | 
2C7C | 00000000 | 
2C80 | 00000000 | 
2C84 | 00000000 | 
2C88 | 00000000 | 
2C8C | 00000000 | 
2C90 | 00000000 | 
2C94 | 00000000 | 
2C98 | 00000000 | 
2C9C | 00000000 | 
2CA0 | 00000000 | 
2CA4 | 00000000 | 
2CA8 | 00000000 | 
2CAC | 00000000 | 
2CB0 | 00000000 | 
2CB4 | 00000000 | 
2CB8 | 00000000 | 
2CBC | 00000000 | 
2CC0 | 00000000 | 
2CC4 | 00000000 | 
2CC8 | 00000000 | 
2CCC | 00000000 | 
2CD0 | 00000000 | 
2CD4 | 00000000 | 
2CD8 | 00000000 | 
2CDC | 00000000 | 
2CE0 | 00000000 | 
2CE4 | 00000000 | 
2CE8 | 00000000 | 
2CEC | 00000000 | 
2CF0 | 00000000 | 
2CF4 | 00000000 | 
2CF8 | 00000000 | 
2CFC | 00000000 | 
2D00 | 00000000 | 
2D04 | 00000000 | 
2D08 | 00000000 | 
2D0C | 00000000 | 
2D10 | 00000000 | 
2D14 | 00000000 | 
2D18 | 00000000 | 
2D1C | 00000000 | 
2D20 | 00000000 | 
2D24 | 00000000 | 
2D28 | 00000000 | 
2D2C | 00000000 | 
2D30 | 00000000 | 
2D34 | 00000000 | 
2D38 | 00000000 | 
2D3C | 00000000 | 
2D40 | 00000000 | 
2D44 | 00000000 | 
2D48 | 00000000 | 
2D4C | 00000000 | 
2D50 | 00000000 | 
2D54 | 00000000 | 
2D58 | 00000000 | 
2D5C | 00000000 | 
2D60 | 00000000 | 
2D64 | 00000000 | 
2D68 | 00000000 | 
2D6C | 00000000 | 
2D70 | 00000000 | 
2D74 | 00000000 | 
2D78 | 00000000 | 
2D7C | 00000000 | 
2D80 | 00000000 | 
2D84 | 00000000 | 
2D88 | 00000000 | 
2D8C | 00000000 | 
2D90 | 00000000 | 
2D94 | 00000000 | 
2D98 | 00000000 | 
2D9C | 00000000 | 
2DA0 | 00000000 | 
2DA4 | 00000000 | 
2DA8 | 00000000 | 
2DAC | 00000000 | 
2DB0 | 00000000 | 
2DB4 | 00000000 | 
2DB8 | 00000000 | 
2DBC | 00000000 | 
2DC0 | 00000000 | 
2DC4 | 00000000 | 
2DC8 | 00000000 | 
2DCC | 00000000 | 
2DD0 | 00000000 | 
2DD4 | 00000000 | 
2DD8 | 00000000 | 
2DDC | 00000000 | 
2DE0 | 00000000 | 
2DE4 | 00000000 | 
2DE8 | 00000000 | 
2DEC | 00000000 | 
2DF0 | 00000000 | 
2DF4 | 00000000 | 
2DF8 | 00000000 | 
2DFC | 00000000 | 
2E00 | 00000000 | 
2E04 | 00000000 | 
2E08 | 00000000 | 
2E0C | 00000000 | 
2E10 | 00000000 | 
2E14 | 00000000 | 
2E18 | 00000000 | 
2E1C | 00000000 | 
2E20 | 00000000 | 
2E24 | 00000000 | 
2E28 | 00000000 | 
2E2C | 00000000 | 
2E30 | 00000000 | 
2E34 | 00000000 | 
2E38 | 00000000 | 
2E3C | 00000000 | 
2E40 | 00000000 | 
2E44 | 00000000 | 
2E48 | 00000000 | 
2E4C | 00000000 | 
2E50 | 00000000 | 
2E54 | 00000000 | 
2E58 | 00000000 | 
2E5C | 00000000 | 
2E60 | 00000000 | 
2E64 | 00000000 | 
2E68 | 00000000 | 
2E6C | 00000000 | 
2E70 | 00000000 | 
2E74 | 00000000 | 
2E78 | 00000000 | 
2E7C | 00000000 | 
2E80 | 00000000 | 
2E84 | 00000000 | 
2E88 | 00000000 | 
2E8C | 00000000 | 
2E90 | 00000000 | 
2E94 | 00000000 | 
2E98 | 00000000 | 
2E9C | 00000000 | 
2EA0 | 00000000 | 
2EA4 | 00000000 | 
2EA8 | 00000000 | 
2EAC | 00000000 | 
2EB0 | 00000000 | 
2EB4 | 00000000 | 
2EB8 | 00000000 | 
2EBC | 00000000 | 
2EC0 | 00000000 | 
2EC4 | 00000000 | 
2EC8 | 00000000 | 
2ECC | 00000000 | 
2ED0 | 00000000 | 
2ED4 | 00000000 | 
2ED8 | 00000000 | 
2EDC | 00000000 | 
2EE0 | 00000000 | 
2EE4 | 00000000 | 
2EE8 | 00000000 | 
2EEC | 00000000 | 
2EF0 | 00000000 | 
2EF4 | 00000000 | 
2EF8 | 00000000 | 
2EFC | 00000000 | 
2F00 | 00000000 | 
2F04 | 00000000 | 
2F08 | 00000000 | 
2F0C | 00000000 | 
2F10 | 00000000 | 
2F14 | 00000000 | 
2F18 | 00000000 | 
2F1C | 00000000 | 
2F20 | 00000000 | 
2F24 | 00000000 | 
2F28 | 00000000 | 
2F2C | 00000000 | 
2F30 | 00000000 | 
2F34 | 00000000 | 
2F38 | 00000000 | 
2F3C | 00000000 | 
2F40 | 00000000 | 
2F44 | 00000000 | 
2F48 | 00000000 | 
2F4C | 00000000 | 
2F50 | 00000000 | 
2F54 | 00000000 | 
2F58 | 00000000 | 
2F5C | 00000000 | 
2F60 | 00000000 | 
2F64 | 00000000 | 
2F68 | 00000000 | 
2F6C | 00000000 | 
2F70 | 00000000 | 
2F74 | 00000000 | 
2F78 | 00000000 | 
2F7C | 00000000 | 
2F80 | 00000000 | 
2F84 | 00000000 | 
2F88 | 00000000 | 
2F8C | 00000000 | 
2F90 | 00000000 | 
2F94 | 00000000 | 
2F98 | 00000000 | 
2F9C | 00000000 | 
2FA0 | 00000000 | 
2FA4 | 00000000 | 
2FA8 | 00000000 | 
2FAC | 00000000 | 
2FB0 | 00000000 | 
2FB4 | 00000000 | 
2FB8 | 00000000 | 
2FBC | 00000000 | 
2FC0 | 00000000 | 
2FC4 | 00000000 | 
2FC8 | 00000000 | 
2FCC | 00000000 | 
2FD0 | 00000000 | 
2FD4 | 00000000 | 
2FD8 | 00000000 | 
2FDC | 00000000 | 
2FE0 | 00000000 | 
2FE4 | 00000000 | 
2FE8 | 00000000 | 
2FEC | 00000000 | 
2FF0 | 00000000 | 
2FF4 | 00000000 | 
2FF8 | 00000000 | 
2FFC | 00000000 | 
3000 | 00000000 | 
3004 | 00000000 | 
3008 | 00000000 | 
300C | 00000000 | 
3010 | 00000000 | 
3014 | 00000000 | 
3018 | 00000000 | 
301C | 00000000 | 
3020 | 00000000 | 
3024 | 00000000 | 
3028 | 00000000 | 
302C | 00000000 | 
3030 | 00000000 | 
3034 | 00000000 | 
3038 | 00000000 | 
303C | 00000000 | 
3040 | 00000000 | 
3044 | 00000000 | 
3048 | 00000000 | 
304C | 00000000 | 
3050 | 00000000 | 
3054 | 00000000 | 
3058 | 00000000 | 
305C | 00000000 | 
3060 | 00000000 | 
3064 | 00000000 | 
3068 | 00000000 | 
306C | 00000000 | 
3070 | 00000000 | 
3074 | 00000000 | 
3078 | 00000000 | 
307C | 00000000 | 
3080 | 00000000 | 
3084 | 00000000 | 
3088 | 00000000 | 
308C | 00000000 | 
3090 | 00000000 | 
3094 | 00000000 | 
3098 | 00000000 | 
309C | 00000000 | 
30A0 | 00000000 | 
30A4 | 00000000 | 
30A8 | 00000000 | 
30AC | 00000000 | 
30B0 | 00000000 | 
30B4 | 00000000 | 
30B8 | 00000000 | 
30BC | 00000000 | 
30C0 | 00000000 | 
30C4 | 00000000 | 
30C8 | 00000000 | 
30CC | 00000000 | 
30D0 | 00000000 | 
30D4 | 00000000 | 
30D8 | 00000000 | 
30DC | 00000000 | 
30E0 | 00000000 | 
30E4 | 00000000 | 
30E8 | 00000000 | 
30EC | 00000000 | 
30F0 | 00000000 | 
30F4 | 00000000 | 
30F8 | 00000000 | 
30FC | 00000000 | 
3100 | 00000000 | 
3104 | 00000000 | 
3108 | 00000000 | 
310C | 00000000 | 
3110 | 00000000 | 
3114 | 00000000 | 
3118 | 00000000 | 
311C | 00000000 | 
3120 | 00000000 | 
3124 | 00000000 | 
3128 | 00000000 | 
312C | 00000000 | 
3130 | 00000000 | 
3134 | 00000000 | 
3138 | 00000000 | 
313C | 00000000 | 
3140 | 00000000 | 
3144 | 00000000 | 
3148 | 00000000 | 
314C | 00000000 | 
3150 | 00000000 | 
3154 | 00000000 | 
3158 | 00000000 | 
315C | 00000000 | 
3160 | 00000000 | 
3164 | 00000000 | 
3168 | 00000000 | 
316C | 00000000 | 
3170 | 00000000 | 
3174 | 00000000 | 
3178 | 00000000 | 
317C | 00000000 | 
3180 | 00000000 | 
3184 | 00000000 | 
3188 | 00000000 | 
318C | 00000000 | 
3190 | 00000000 | 
3194 | 00000000 | 
3198 | 00000000 | 
319C | 00000000 | 
31A0 | 00000000 | 
31A4 | 00000000 | 
31A8 | 00000000 | 
31AC | 00000000 | 
31B0 | 00000000 | 
31B4 | 00000000 | 
31B8 | 00000000 | 
31BC | 00000000 | 
31C0 | 00000000 | 
31C4 | 00000000 | 
31C8 | 00000000 | 
31CC | 00000000 | 
31D0 | 00000000 | 
31D4 | 00000000 | 
31D8 | 00000000 | 
31DC | 00000000 | 
31E0 | 00000000 | 
31E4 | 00000000 | 
31E8 | 00000000 | 
31EC | 00000000 | 
31F0 | 00000000 | 
31F4 | 00000000 | 
31F8 | 00000000 | 
31FC | 00000000 | 
3200 | 00000000 | 
3204 | 00000000 | 
3208 | 00000000 | 
320C | 00000000 | 
3210 | 00000000 | 
3214 | 00000000 | 
3218 | 00000000 | 
321C | 00000000 | 
3220 | 00000000 | 
3224 | 00000000 | 
3228 | 00000000 | 
322C | 00000000 | 
3230 | 00000000 | 
3234 | 00000000 | 
3238 | 00000000 | 
323C | 00000000 | 
3240 | 00000000 | 
3244 | 00000000 | 
3248 | 00000000 | 
324C | 00000000 | 
3250 | 00000000 | 
3254 | 00000000 | 
3258 | 00000000 | 
325C | 00000000 | 
3260 | 00000000 | 
3264 | 00000000 | 
3268 | 00000000 | 
326C | 00000000 | 
3270 | 00000000 | 
3274 | 00000000 | 
3278 | 00000000 | 
327C | 00000000 | 
3280 | 00000000 | 
3284 | 00000000 | 
3288 | 00000000 | 
328C | 00000000 | 
3290 | 00000000 | 
3294 | 00000000 | 
3298 | 00000000 | 
329C | 00000000 | 
32A0 | 00000000 | 
32A4 | 00000000 | 
32A8 | 00000000 | 
32AC | 00000000 | 
32B0 | 00000000 | 
32B4 | 00000000 | 
32B8 | 00000000 | 
32BC | 00000000 | 
32C0 | 00000000 | 
32C4 | 00000000 | 
32C8 | 00000000 | 
32CC | 00000000 | 
32D0 | 00000000 | 
32D4 | 00000000 | 
32D8 | 00000000 | 
32DC | 00000000 | 
32E0 | 00000000 | 
32E4 | 00000000 | 
32E8 | 00000000 | 
32EC | 00000000 | 
32F0 | 00000000 | 
32F4 | 00000000 | 
32F8 | 00000000 | 
32FC | 00000000 | 
3300 | 00000000 | 
3304 | 00000000 | 
3308 | 00000000 | 
330C | 00000000 | 
3310 | 00000000 | 
3314 | 00000000 | 
3318 | 00000000 | 
331C | 00000000 | 
3320 | 00000000 | 
3324 | 00000000 | 
3328 | 00000000 | 
332C | 00000000 | 
3330 | 00000000 | 
3334 | 00000000 | 
3338 | 00000000 | 
333C | 00000000 | 
3340 | 00000000 | 
3344 | 00000000 | 
3348 | 00000000 | 
334C | 00000000 | 
3350 | 00000000 | 
3354 | 00000000 | 
3358 | 00000000 | 
335C | 00000000 | 
3360 | 00000000 | 
3364 | 00000000 | 
3368 | 00000000 | 
336C | 00000000 | 
3370 | 00000000 | 
3374 | 00000000 | 
3378 | 00000000 | 
337C | 00000000 | 
3380 | 00000000 | 
3384 | 00000000 | 
3388 | 00000000 | 
338C | 00000000 | 
3390 | 00000000 | 
3394 | 00000000 | 
3398 | 00000000 | 
339C | 00000000 | 
33A0 | 00000000 | 
33A4 | 00000000 | 
33A8 | 00000000 | 
33AC | 00000000 | 
33B0 | 00000000 | 
33B4 | 00000000 | 
33B8 | 00000000 | 
33BC | 00000000 | 
33C0 | 00000000 | 
33C4 | 00000000 | 
33C8 | 00000000 | 
33CC | 00000000 | 
33D0 | 00000000 | 
33D4 | 00000000 | 
33D8 | 00000000 | 
33DC | 00000000 | 
33E0 | 00000000 | 
33E4 | 00000000 | 
33E8 | 00000000 | 
33EC | 00000000 | 
33F0 | 00000000 | 
33F4 | 00000000 | 
33F8 | 00000000 | 
33FC | 00000000 | 
3400 | 00000000 | 
3404 | 00000000 | 
3408 | 00000000 | 
340C | 00000000 | 
3410 | 00000000 | 
3414 | 00000000 | 
3418 | 00000000 | 
341C | 00000000 | 
3420 | 00000000 | 
3424 | 00000000 | 
3428 | 00000000 | 
342C | 00000000 | 
3430 | 00000000 | 
3434 | 00000000 | 
3438 | 00000000 | 
343C | 00000000 | 
3440 | 00000000 | 
3444 | 00000000 | 
3448 | 00000000 | 
344C | 00000000 | 
3450 | 00000000 | 
3454 | 00000000 | 
3458 | 00000000 | 
345C | 00000000 | 
3460 | 00000000 | 
3464 | 00000000 | 
3468 | 00000000 | 
346C | 00000000 | 
3470 | 00000000 | 
3474 | 00000000 | 
3478 | 00000000 | 
347C | 00000000 | 
3480 | 00000000 | 
3484 | 00000000 | 
3488 | 00000000 | 
348C | 00000000 | 
3490 | 00000000 | 
3494 | 00000000 | 
3498 | 00000000 | 
349C | 00000000 | 
34A0 | 00000000 | 
34A4 | 00000000 | 
34A8 | 00000000 | 
34AC | 00000000 | 
34B0 | 00000000 | 
34B4 | 00000000 | 
34B8 | 00000000 | 
34BC | 00000000 | 
34C0 | 00000000 | 
34C4 | 00000000 | 
34C8 | 00000000 | 
34CC | 00000000 | 
34D0 | 00000000 | 
34D4 | 00000000 | 
34D8 | 00000000 | 
34DC | 00000000 | 
34E0 | 00000000 | 
34E4 | 00000000 | 
34E8 | 00000000 | 
34EC | 00000000 | 
34F0 | 00000000 | 
34F4 | 00000000 | 
34F8 | 00000000 | 
34FC | 00000000 | 
3500 | 00000000 | 
3504 | 00000000 | 
3508 | 00000000 | 
350C | 00000000 | 
3510 | 00000000 | 
3514 | 00000000 | 
3518 | 00000000 | 
351C | 00000000 | 
3520 | 00000000 | 
3524 | 00000000 | 
3528 | 00000000 | 
352C | 00000000 | 
3530 | 00000000 | 
3534 | 00000000 | 
3538 | 00000000 | 
353C | 00000000 | 
3540 | 00000000 | 
3544 | 00000000 | 
3548 | 00000000 | 
354C | 00000000 | 
3550 | 00000000 | 
3554 | 00000000 | 
3558 | 00000000 | 
355C | 00000000 | 
3560 | 00000000 | 
3564 | 00000000 | 
3568 | 00000000 | 
356C | 00000000 | 
3570 | 00000000 | 
3574 | 00000000 | 
3578 | 00000000 | 
357C | 00000000 | 
3580 | 00000000 | 
3584 | 00000000 | 
3588 | 00000000 | 
358C | 00000000 | 
3590 | 00000000 | 
3594 | 00000000 | 
3598 | 00000000 | 
359C | 00000000 | 
35A0 | 00000000 | 
35A4 | 00000000 | 
35A8 | 00000000 | 
35AC | 00000000 | 
35B0 | 00000000 | 
35B4 | 00000000 | 
35B8 | 00000000 | 
35BC | 00000000 | 
35C0 | 00000000 | 
35C4 | 00000000 | 
35C8 | 00000000 | 
35CC | 00000000 | 
35D0 | 00000000 | 
35D4 | 00000000 | 
35D8 | 00000000 | 
35DC | 00000000 | 
35E0 | 00000000 | 
35E4 | 00000000 | 
35E8 | 00000000 | 
35EC | 00000000 | 
35F0 | 00000000 | 
35F4 | 00000000 | 
35F8 | 00000000 | 
35FC | 00000000 | 
3600 | 00000000 | 
3604 | 00000000 | 
3608 | 00000000 | 
360C | 00000000 | 
3610 | 00000000 | 
3614 | 00000000 | 
3618 | 00000000 | 
361C | 00000000 | 
3620 | 00000000 | 
3624 | 00000000 | 
3628 | 00000000 | 
362C | 00000000 | 
3630 | 00000000 | 
3634 | 00000000 | 
3638 | 00000000 | 
363C | 00000000 | 
3640 | 00000000 | 
3644 | 00000000 | 
3648 | 00000000 | 
364C | 00000000 | 
3650 | 00000000 | 
3654 | 00000000 | 
3658 | 00000000 | 
365C | 00000000 | 
3660 | 00000000 | 
3664 | 00000000 | 
3668 | 00000000 | 
366C | 00000000 | 
3670 | 00000000 | 
3674 | 00000000 | 
3678 | 00000000 | 
367C | 00000000 | 
3680 | 00000000 | 
3684 | 00000000 | 
3688 | 00000000 | 
368C | 00000000 | 
3690 | 00000000 | 
3694 | 00000000 | 
3698 | 00000000 | 
369C | 00000000 | 
36A0 | 00000000 | 
36A4 | 00000000 | 
36A8 | 00000000 | 
36AC | 00000000 | 
36B0 | 00000000 | 
36B4 | 00000000 | 
36B8 | 00000000 | 
36BC | 00000000 | 
36C0 | 00000000 | 
36C4 | 00000000 | 
36C8 | 00000000 | 
36CC | 00000000 | 
36D0 | 00000000 | 
36D4 | 00000000 | 
36D8 | 00000000 | 
36DC | 00000000 | 
36E0 | 00000000 | 
36E4 | 00000000 | 
36E8 | 00000000 | 
36EC | 00000000 | 
36F0 | 00000000 | 
36F4 | 00000000 | 
36F8 | 00000000 | 
36FC | 00000000 | 
3700 | 00000000 | 
3704 | 00000000 | 
3708 | 00000000 | 
370C | 00000000 | 
3710 | 00000000 | 
3714 | 00000000 | 
3718 | 00000000 | 
371C | 00000000 | 
3720 | 00000000 | 
3724 | 00000000 | 
3728 | 00000000 | 
372C | 00000000 | 
3730 | 00000000 | 
3734 | 00000000 | 
3738 | 00000000 | 
373C | 00000000 | 
3740 | 00000000 | 
3744 | 00000000 | 
3748 | 00000000 | 
374C | 00000000 | 
3750 | 00000000 | 
3754 | 00000000 | 
3758 | 00000000 | 
375C | 00000000 | 
3760 | 00000000 | 
3764 | 00000000 | 
3768 | 00000000 | 
376C | 00000000 | 
3770 | 00000000 | 
3774 | 00000000 | 
3778 | 00000000 | 
377C | 00000000 | 
3780 | 00000000 | 
3784 | 00000000 | 
3788 | 00000000 | 
378C | 00000000 | 
3790 | 00000000 | 
3794 | 00000000 | 
3798 | 00000000 | 
379C | 00000000 | 
37A0 | 00000000 | 
37A4 | 00000000 | 
37A8 | 00000000 | 
37AC | 00000000 | 
37B0 | 00000000 | 
37B4 | 00000000 | 
37B8 | 00000000 | 
37BC | 00000000 | 
37C0 | 00000000 | 
37C4 | 00000000 | 
37C8 | 00000000 | 
37CC | 00000000 | 
37D0 | 00000000 | 
37D4 | 00000000 | 
37D8 | 00000000 | 
37DC | 00000000 | 
37E0 | 00000000 | 
37E4 | 00000000 | 
37E8 | 00000000 | 
37EC | 00000000 | 
37F0 | 00000000 | 
37F4 | 00000000 | 
37F8 | 00000000 | 
37FC | 00000000 | 
3800 | 00000000 | 
3804 | 00000000 | 
3808 | 00000000 | 
380C | 00000000 | 
3810 | 00000000 | 
3814 | 00000000 | 
3818 | 00000000 | 
381C | 00000000 | 
3820 | 00000000 | 
3824 | 00000000 | 
3828 | 00000000 | 
382C | 00000000 | 
3830 | 00000000 | 
3834 | 00000000 | 
3838 | 00000000 | 
383C | 00000000 | 
3840 | 00000000 | 
3844 | 00000000 | 
3848 | 00000000 | 
384C | 00000000 | 
3850 | 00000000 | 
3854 | 00000000 | 
3858 | 00000000 | 
385C | 00000000 | 
3860 | 00000000 | 
3864 | 00000000 | 
3868 | 00000000 | 
386C | 00000000 | 
3870 | 00000000 | 
3874 | 00000000 | 
3878 | 00000000 | 
387C | 00000000 | 
3880 | 00000000 | 
3884 | 00000000 | 
3888 | 00000000 | 
388C | 00000000 | 
3890 | 00000000 | 
3894 | 00000000 | 
3898 | 00000000 | 
389C | 00000000 | 
38A0 | 00000000 | 
38A4 | 00000000 | 
38A8 | 00000000 | 
38AC | 00000000 | 
38B0 | 00000000 | 
38B4 | 00000000 | 
38B8 | 00000000 | 
38BC | 00000000 | 
38C0 | 00000000 | 
38C4 | 00000000 | 
38C8 | 00000000 | 
38CC | 00000000 | 
38D0 | 00000000 | 
38D4 | 00000000 | 
38D8 | 00000000 | 
38DC | 00000000 | 
38E0 | 00000000 | 
38E4 | 00000000 | 
38E8 | 00000000 | 
38EC | 00000000 | 
38F0 | 00000000 | 
38F4 | 00000000 | 
38F8 | 00000000 | 
38FC | 00000000 | 
3900 | 00000000 | 
3904 | 00000000 | 
3908 | 00000000 | 
390C | 00000000 | 
3910 | 00000000 | 
3914 | 00000000 | 
3918 | 00000000 | 
391C | 00000000 | 
3920 | 00000000 | 
3924 | 00000000 | 
3928 | 00000000 | 
392C | 00000000 | 
3930 | 00000000 | 
3934 | 00000000 | 
3938 | 00000000 | 
393C | 00000000 | 
3940 | 00000000 | 
3944 | 00000000 | 
3948 | 00000000 | 
394C | 00000000 | 
3950 | 00000000 | 
3954 | 00000000 | 
3958 | 00000000 | 
395C | 00000000 | 
3960 | 00000000 | 
3964 | 00000000 | 
3968 | 00000000 | 
396C | 00000000 | 
3970 | 00000000 | 
3974 | 00000000 | 
3978 | 00000000 | 
397C | 00000000 | 
3980 | 00000000 | 
3984 | 00000000 | 
3988 | 00000000 | 
398C | 00000000 | 
3990 | 00000000 | 
3994 | 00000000 | 
3998 | 00000000 | 
399C | 00000000 | 
39A0 | 00000000 | 
39A4 | 00000000 | 
39A8 | 00000000 | 
39AC | 00000000 | 
39B0 | 00000000 | 
39B4 | 00000000 | 
39B8 | 00000000 | 
39BC | 00000000 | 
39C0 | 00000000 | 
39C4 | 00000000 | 
39C8 | 00000000 | 
39CC | 00000000 | 
39D0 | 00000000 | 
39D4 | 00000000 | 
39D8 | 00000000 | 
39DC | 00000000 | 
39E0 | 00000000 | 
39E4 | 00000000 | 
39E8 | 00000000 | 
39EC | 00000000 | 
39F0 | 00000000 | 
39F4 | 00000000 | 
39F8 | 00000000 | 
39FC | 00000000 | 
3A00 | 00000000 | 
3A04 | 00000000 | 
3A08 | 00000000 | 
3A0C | 00000000 | 
3A10 | 00000000 | 
3A14 | 00000000 | 
3A18 | 00000000 | 
3A1C | 00000000 | 
3A20 | 00000000 | 
3A24 | 00000000 | 
3A28 | 00000000 | 
3A2C | 00000000 | 
3A30 | 00000000 | 
3A34 | 00000000 | 
3A38 | 00000000 | 
3A3C | 00000000 | 
3A40 | 00000000 | 
3A44 | 00000000 | 
3A48 | 00000000 | 
3A4C | 00000000 | 
3A50 | 00000000 | 
3A54 | 00000000 | 
3A58 | 00000000 | 
3A5C | 00000000 | 
3A60 | 00000000 | 
3A64 | 00000000 | 
3A68 | 00000000 | 
3A6C | 00000000 | 
3A70 | 00000000 | 
3A74 | 00000000 | 
3A78 | 00000000 | 
3A7C | 00000000 | 
3A80 | 00000000 | 
3A84 | 00000000 | 
3A88 | 00000000 | 
3A8C | 00000000 | 
3A90 | 00000000 | 
3A94 | 00000000 | 
3A98 | 00000000 | 
3A9C | 00000000 | 
3AA0 | 00000000 | 
3AA4 | 00000000 | 
3AA8 | 00000000 | 
3AAC | 00000000 | 
3AB0 | 00000000 | 
3AB4 | 00000000 | 
3AB8 | 00000000 | 
3ABC | 00000000 | 
3AC0 | 00000000 | 
3AC4 | 00000000 | 
3AC8 | 00000000 | 
3ACC | 00000000 | 
3AD0 | 00000000 | 
3AD4 | 00000000 | 
3AD8 | 00000000 | 
3ADC | 00000000 | 
3AE0 | 00000000 | 
3AE4 | 00000000 | 
3AE8 | 00000000 | 
3AEC | 00000000 | 
3AF0 | 00000000 | 
3AF4 | 00000000 | 
3AF8 | 00000000 | 
3AFC | 00000000 | 
3B00 | 00000000 | 
3B04 | 00000000 | 
3B08 | 00000000 | 
3B0C | 00000000 | 
3B10 | 00000000 | 
3B14 | 00000000 | 
3B18 | 00000000 | 
3B1C | 00000000 | 
3B20 | 00000000 | 
3B24 | 00000000 | 
3B28 | 00000000 | 
3B2C | 00000000 | 
3B30 | 00000000 | 
3B34 | 00000000 | 
3B38 | 00000000 | 
3B3C | 00000000 | 
3B40 | 00000000 | 
3B44 | 00000000 | 
3B48 | 00000000 | 
3B4C | 00000000 | 
3B50 | 00000000 | 
3B54 | 00000000 | 
3B58 | 00000000 | 
3B5C | 00000000 | 
3B60 | 00000000 | 
3B64 | 00000000 | 
3B68 | 00000000 | 
3B6C | 00000000 | 
3B70 | 00000000 | 
3B74 | 00000000 | 
3B78 | 00000000 | 
3B7C | 00000000 | 
3B80 | 00000000 | 
3B84 | 00000000 | 
3B88 | 00000000 | 
3B8C | 00000000 | 
3B90 | 00000000 | 
3B94 | 00000000 | 
3B98 | 00000000 | 
3B9C | 00000000 | 
3BA0 | 00000000 | 
3BA4 | 00000000 | 
3BA8 | 00000000 | 
3BAC | 00000000 | 
3BB0 | 00000000 | 
3BB4 | 00000000 | 
3BB8 | 00000000 | 
3BBC | 00000000 | 
3BC0 | 00000000 | 
3BC4 | 00000000 | 
3BC8 | 00000000 | 
3BCC | 00000000 | 
3BD0 | 00000000 | 
3BD4 | 00000000 | 
3BD8 | 00000000 | 
3BDC | 00000000 | 
3BE0 | 00000000 | 
3BE4 | 00000000 | 
3BE8 | 00000000 | 
3BEC | 00000000 | 
3BF0 | 00000000 | 
3BF4 | 00000000 | 
3BF8 | 00000000 | 
3BFC | 00000000 | 
3C00 | 00000000 | 
3C04 | 00000000 | 
3C08 | 00000000 | 
3C0C | 00000000 | 
3C10 | 00000000 | 
3C14 | 00000000 | 
3C18 | 00000000 | 
3C1C | 00000000 | 
3C20 | 00000000 | 
3C24 | 00000000 | 
3C28 | 00000000 | 
3C2C | 00000000 | 
3C30 | 00000000 | 
3C34 | 00000000 | 
3C38 | 00000000 | 
3C3C | 00000000 | 
3C40 | 00000000 | 
3C44 | 00000000 | 
3C48 | 00000000 | 
3C4C | 00000000 | 
3C50 | 00000000 | 
3C54 | 00000000 | 
3C58 | 00000000 | 
3C5C | 00000000 | 
3C60 | 00000000 | 
3C64 | 00000000 | 
3C68 | 00000000 | 
3C6C | 00000000 | 
3C70 | 00000000 | 
3C74 | 00000000 | 
3C78 | 00000000 | 
3C7C | 00000000 | 
3C80 | 00000000 | 
3C84 | 00000000 | 
3C88 | 00000000 | 
3C8C | 00000000 | 
3C90 | 00000000 | 
3C94 | 00000000 | 
3C98 | 00000000 | 
3C9C | 00000000 | 
3CA0 | 00000000 | 
3CA4 | 00000000 | 
3CA8 | 00000000 | 
3CAC | 00000000 | 
3CB0 | 00000000 | 
3CB4 | 00000000 | 
3CB8 | 00000000 | 
3CBC | 00000000 | 
3CC0 | 00000000 | 
3CC4 | 00000000 | 
3CC8 | 00000000 | 
3CCC | 00000000 | 
3CD0 | 00000000 | 
3CD4 | 00000000 | 
3CD8 | 00000000 | 
3CDC | 00000000 | 
3CE0 | 00000000 | 
3CE4 | 00000000 | 
3CE8 | 00000000 | 
3CEC | 00000000 | 
3CF0 | 00000000 | 
3CF4 | 00000000 | 
3CF8 | 00000000 | 
3CFC | 00000000 | 
3D00 | 00000000 | 
3D04 | 00000000 | 
3D08 | 00000000 | 
3D0C | 00000000 | 
3D10 | 00000000 | 
3D14 | 00000000 | 
3D18 | 00000000 | 
3D1C | 00000000 | 
3D20 | 00000000 | 
3D24 | 00000000 | 
3D28 | 00000000 | 
3D2C | 00000000 | 
3D30 | 00000000 | 
3D34 | 00000000 | 
3D38 | 00000000 | 
3D3C | 00000000 | 
3D40 | 00000000 | 
3D44 | 00000000 | 
3D48 | 00000000 | 
3D4C | 00000000 | 
3D50 | 00000000 | 
3D54 | 00000000 | 
3D58 | 00000000 | 
3D5C | 00000000 | 
3D60 | 00000000 | 
3D64 | 00000000 | 
3D68 | 00000000 | 
3D6C | 00000000 | 
3D70 | 00000000 | 
3D74 | 00000000 | 
3D78 | 00000000 | 
3D7C | 00000000 | 
3D80 | 00000000 | 
3D84 | 00000000 | 
3D88 | 00000000 | 
3D8C | 00000000 | 
3D90 | 00000000 | 
3D94 | 00000000 | 
3D98 | 00000000 | 
3D9C | 00000000 | 
3DA0 | 00000000 | 
3DA4 | 00000000 | 
3DA8 | 00000000 | 
3DAC | 00000000 | 
3DB0 | 00000000 | 
3DB4 | 00000000 | 
3DB8 | 00000000 | 
3DBC | 00000000 | 
3DC0 | 00000000 | 
3DC4 | 00000000 | 
3DC8 | 00000000 | 
3DCC | 00000000 | 
3DD0 | 00000000 | 
3DD4 | 00000000 | 
3DD8 | 00000000 | 
3DDC | 00000000 | 
3DE0 | 00000000 | 
3DE4 | 00000000 | 
3DE8 | 00000000 | 
3DEC | 00000000 | 
3DF0 | 00000000 | 
3DF4 | 00000000 | 
3DF8 | 00000000 | 
3DFC | 00000000 | 
3E00 | 00000000 | 
3E04 | 00000000 | 
3E08 | 00000000 | 
3E0C | 00000000 | 
3E10 | 00000000 | 
3E14 | 00000000 | 
3E18 | 00000000 | 
3E1C | 00000000 | 
3E20 | 00000000 | 
3E24 | 00000000 | 
3E28 | 00000000 | 
3E2C | 00000000 | 
3E30 | 00000000 | 
3E34 | 00000000 | 
3E38 | 00000000 | 
3E3C | 00000000 | 
3E40 | 00000000 | 
3E44 | 00000000 | 
3E48 | 00000000 | 
3E4C | 00000000 | 
3E50 | 00000000 | 
3E54 | 00000000 | 
3E58 | 00000000 | 
3E5C | 00000000 | 
3E60 | 00000000 | 
3E64 | 00000000 | 
3E68 | 00000000 | 
3E6C | 00000000 | 
3E70 | 00000000 | 
3E74 | 00000000 | 
3E78 | 00000000 | 
3E7C | 00000000 | 
3E80 | 00000000 | 
3E84 | 00000000 | 
3E88 | 00000000 | 
3E8C | 00000000 | 
3E90 | 00000000 | 
3E94 | 00000000 | 
3E98 | 00000000 | 
3E9C | 00000000 | 
3EA0 | 00000000 | 
3EA4 | 00000000 | 
3EA8 | 00000000 | 
3EAC | 00000000 | 
3EB0 | 00000000 | 
3EB4 | 00000000 | 
3EB8 | 00000000 | 
3EBC | 00000000 | 
3EC0 | 00000000 | 
3EC4 | 00000000 | 
3EC8 | 00000000 | 
3ECC | 00000000 | 
3ED0 | 00000000 | 
3ED4 | 00000000 | 
3ED8 | 00000000 | 
3EDC | 00000000 | 
3EE0 | 00000000 | 
3EE4 | 00000000 | 
3EE8 | 00000000 | 
3EEC | 00000000 | 
3EF0 | 00000000 | 
3EF4 | 00000000 | 
3EF8 | 00000000 | 
3EFC | 00000000 | 
3F00 | 00000000 | 
3F04 | 00000000 | 
3F08 | 00000000 | 
3F0C | 00000000 | 
3F10 | 00000000 | 
3F14 | 00000000 | 
3F18 | 00000000 | 
3F1C | 00000000 | 
3F20 | 00000000 | 
3F24 | 00000000 | 
3F28 | 00000000 | 
3F2C | 00000000 | 
3F30 | 00000000 | 
3F34 | 00000000 | 
3F38 | 00000000 | 
3F3C | 00000000 | 
3F40 | 00000000 | 
3F44 | 00000000 | 
3F48 | 00000000 | 
3F4C | 00000000 | 
3F50 | 00000000 | 
3F54 | 00000000 | 
3F58 | 00000000 | 
3F5C | 00000000 | 
3F60 | 00000000 | 
3F64 | 00000000 | 
3F68 | 00000000 | 
3F6C | 00000000 | 
3F70 | 00000000 | 
3F74 | 00000000 | 
3F78 | 00000000 | 
3F7C | 00000000 | 
3F80 | 00000000 | 
3F84 | 00000000 | 
3F88 | 00000000 | 
3F8C | 00000000 | 
3F90 | 00000000 | 
3F94 | 00000000 | 
3F98 | 00000000 | 
3F9C | 00000000 | 
3FA0 | 00000000 | 
3FA4 | 00000000 | 
3FA8 | 00000000 | 
3FAC | 00000000 | 
3FB0 | 00000000 | 
3FB4 | 00000000 | 
3FB8 | 00000000 | 
3FBC | 00000000 | 
3FC0 | 00000000 | 
3FC4 | 00000000 | 
3FC8 | 00000000 | 
3FCC | 00000000 | 
3FD0 | 00000000 | 
3FD4 | 00000000 | 
3FD8 | 00000000 | 
3FDC | 00000000 | 
3FE0 | 00000000 | 
3FE4 | 00000000 | 
3FE8 | 00000000 | 
3FEC | 00000000 | 
3FF0 | 00000000 | 
3FF4 | 00000000 | 
3FF8 | 00000000 | 
3FFC | 00000000 | 
4000 | 00000000 | 
4004 | 00000000 | 
4008 | 00000000 | 
400C | 00000000 | 
4010 | 00000000 | 
4014 | 00000000 | 
4018 | 00000000 | 
401C | 00000000 | 
4020 | 00000000 | 
4024 | 00000000 | 
4028 | 00000000 | 
402C | 00000000 | 
4030 | 00000000 | 
4034 | 00000000 | 
4038 | 00000000 | 
403C | 00000000 | 
4040 | 00000000 | 
4044 | 00000000 | 
4048 | 00000000 | 
404C | 00000000 | 
4050 | 00000000 | 
4054 | 00000000 | 
4058 | 00000000 | 
405C | 00000000 | 
4060 | 00000000 | 
4064 | 00000000 | 
4068 | 00000000 | 
406C | 00000000 | 
4070 | 00000000 | 
4074 | 00000000 | 
4078 | 00000000 | 
407C | 00000000 | 
4080 | 00000000 | 
4084 | 00000000 | 
4088 | 00000000 | 
408C | 00000000 | 
4090 | 00000000 | 
4094 | 00000000 | 
4098 | 00000000 | 
409C | 00000000 | 
40A0 | 00000000 | 
40A4 | 00000000 | 
40A8 | 00000000 | 
40AC | 00000000 | 
40B0 | 00000000 | 
40B4 | 00000000 | 
40B8 | 00000000 | 
40BC | 00000000 | 
40C0 | 00000000 | 
40C4 | 00000000 | 
40C8 | 00000000 | 
40CC | 00000000 | 
40D0 | 00000000 | 
40D4 | 00000000 | 
40D8 | 00000000 | 
40DC | 00000000 | 
40E0 | 00000000 | 
40E4 | 00000000 | 
40E8 | 00000000 | 
40EC | 00000000 | 
40F0 | 00000000 | 
40F4 | 00000000 | 
40F8 | 00000000 | 
40FC | 00000000 | 
4100 | 00000000 | 
4104 | 00000000 | 
4108 | 00000000 | 
410C | 00000000 | 
4110 | 00000000 | 
4114 | 00000000 | 
4118 | 00000000 | 
411C | 00000000 | 
4120 | 00000000 | 
4124 | 00000000 | 
4128 | 00000000 | 
412C | 00000000 | 
4130 | 00000000 | 
4134 | 00000000 | 
4138 | 00000000 | 
413C | 00000000 | 
4140 | 00000000 | 
4144 | 00000000 | 
4148 | 00000000 | 
414C | 00000000 | 
4150 | 00000000 | 
4154 | 00000000 | 
4158 | 00000000 | 
415C | 00000000 | 
4160 | 00000000 | 
4164 | 00000000 | 
4168 | 00000000 | 
416C | 00000000 | 
4170 | 00000000 | 
4174 | 00000000 | 
4178 | 00000000 | 
417C | 00000000 | 
4180 | 00000000 | 
4184 | 00000000 | 
4188 | 00000000 | 
418C | 00000000 | 
4190 | 00000000 | 
4194 | 00000000 | 
4198 | 00000000 | 
419C | 00000000 | 
41A0 | 00000000 | 
41A4 | 00000000 | 
41A8 | 00000000 | 
41AC | 00000000 | 
41B0 | 00000000 | 
41B4 | 00000000 | 
41B8 | 00000000 | 
41BC | 00000000 | 
41C0 | 00000000 | 
41C4 | 00000000 | 
41C8 | 00000000 | 
41CC | 00000000 | 
41D0 | 00000000 | 
41D4 | 00000000 | 
41D8 | 00000000 | 
41DC | 00000000 | 
41E0 | 00000000 | 
41E4 | 00000000 | 
41E8 | 00000000 | 
41EC | 00000000 | 
41F0 | 00000000 | 
41F4 | 00000000 | 
41F8 | 00000000 | 
41FC | 00000000 | 
4200 | 00000000 | 
4204 | 00000000 | 
4208 | 00000000 | 
420C | 00000000 | 
4210 | 00000000 | 
4214 | 00000000 | 
4218 | 00000000 | 
421C | 00000000 | 
4220 | 00000000 | 
4224 | 00000000 | 
4228 | 00000000 | 
422C | 00000000 | 
4230 | 00000000 | 
4234 | 00000000 | 
4238 | 00000000 | 
423C | 00000000 | 
4240 | 00000000 | 
4244 | 00000000 | 
4248 | 00000000 | 
424C | 00000000 | 
4250 | 00000000 | 
4254 | 00000000 | 
4258 | 00000000 | 
425C | 00000000 | 
4260 | 00000000 | 
4264 | 00000000 | 
4268 | 00000000 | 
426C | 00000000 | 
4270 | 00000000 | 
4274 | 00000000 | 
4278 | 00000000 | 
427C | 00000000 | 
4280 | 00000000 | 
4284 | 00000000 | 
4288 | 00000000 | 
428C | 00000000 | 
4290 | 00000000 | 
4294 | 00000000 | 
4298 | 00000000 | 
429C | 00000000 | 
42A0 | 00000000 | 
42A4 | 00000000 | 
42A8 | 00000000 | 
42AC | 00000000 | 
42B0 | 00000000 | 
42B4 | 00000000 | 
42B8 | 00000000 | 
42BC | 00000000 | 
42C0 | 00000000 | 
42C4 | 00000000 | 
42C8 | 00000000 | 
42CC | 00000000 | 
42D0 | 00000000 | 
42D4 | 00000000 | 
42D8 | 00000000 | 
42DC | 00000000 | 
42E0 | 00000000 | 
42E4 | 00000000 | 
42E8 | 00000000 | 
42EC | 00000000 | 
42F0 | 00000000 | 
42F4 | 00000000 | 
42F8 | 00000000 | 
42FC | 00000000 | 
4300 | 00000000 | 
4304 | 00000000 | 
4308 | 00000000 | 
430C | 00000000 | 
4310 | 00000000 | 
4314 | 00000000 | 
4318 | 00000000 | 
431C | 00000000 | 
4320 | 00000000 | 
4324 | 00000000 | 
4328 | 00000000 | 
432C | 00000000 | 
4330 | 00000000 | 
4334 | 00000000 | 
4338 | 00000000 | 
433C | 00000000 | 
4340 | 00000000 | 
4344 | 00000000 | 
4348 | 00000000 | 
434C | 00000000 | 
4350 | 00000000 | 
4354 | 00000000 | 
4358 | 00000000 | 
435C | 00000000 | 
4360 | 00000000 | 
4364 | 00000000 | 
4368 | 00000000 | 
436C | 00000000 | 
4370 | 00000000 | 
4374 | 00000000 | 
4378 | 00000000 | 
437C | 00000000 | 
4380 | 00000000 | 
4384 | 00000000 | 
4388 | 00000000 | 
438C | 00000000 | 
4390 | 00000000 | 
4394 | 00000000 | 
4398 | 00000000 | 
439C | 00000000 | 
43A0 | 00000000 | 
43A4 | 00000000 | 
43A8 | 00000000 | 
43AC | 00000000 | 
43B0 | 00000000 | 
43B4 | 00000000 | 
43B8 | 00000000 | 
43BC | 00000000 | 
43C0 | 00000000 | 
43C4 | 00000000 | 
43C8 | 00000000 | 
43CC | 00000000 | 
43D0 | 00000000 | 
43D4 | 00000000 | 
43D8 | 00000000 | 
43DC | 00000000 | 
43E0 | 00000000 | 
43E4 | 00000000 | 
43E8 | 00000000 | 
43EC | 00000000 | 
43F0 | 00000000 | 
43F4 | 00000000 | 
43F8 | 00000000 | 
43FC | 00000000 | 
4400 | 00000000 | 
4404 | 00000000 | 
4408 | 00000000 | 
440C | 00000000 | 
4410 | 00000000 | 
4414 | 00000000 | 
4418 | 00000000 | 
441C | 00000000 | 
4420 | 00000000 | 
4424 | 00000000 | 
4428 | 00000000 | 
442C | 00000000 | 
4430 | 00000000 | 
4434 | 00000000 | 
4438 | 00000000 | 
443C | 00000000 | 
4440 | 00000000 | 
4444 | 00000000 | 
4448 | 00000000 | 
444C | 00000000 | 
4450 | 00000000 | 
4454 | 00000000 | 
4458 | 00000000 | 
445C | 00000000 | 
4460 | 00000000 | 
4464 | 00000000 | 
4468 | 00000000 | 
446C | 00000000 | 
4470 | 00000000 | 
4474 | 00000000 | 
4478 | 00000000 | 
447C | 00000000 | 
4480 | 00000000 | 
4484 | 00000000 | 
4488 | 00000000 | 
448C | 00000000 | 
4490 | 00000000 | 
4494 | 00000000 | 
4498 | 00000000 | 
449C | 00000000 | 
44A0 | 00000000 | 
44A4 | 00000000 | 
44A8 | 00000000 | 
44AC | 00000000 | 
44B0 | 00000000 | 
44B4 | 00000000 | 
44B8 | 00000000 | 
44BC | 00000000 | 
44C0 | 00000000 | 
44C4 | 00000000 | 
44C8 | 00000000 | 
44CC | 00000000 | 
44D0 | 00000000 | 
44D4 | 00000000 | 
44D8 | 00000000 | 
44DC | 00000000 | 
44E0 | 00000000 | 
44E4 | 00000000 | 
44E8 | 00000000 | 
44EC | 00000000 | 
44F0 | 00000000 | 
44F4 | 00000000 | 
44F8 | 00000000 | 
44FC | 00000000 | 
4500 | 00000000 | 
4504 | 00000000 | 
4508 | 00000000 | 
450C | 00000000 | 
4510 | 00000000 | 
4514 | 00000000 | 
4518 | 00000000 | 
451C | 00000000 | 
4520 | 00000000 | 
4524 | 00000000 | 
4528 | 00000000 | 
452C | 00000000 | 
4530 | 00000000 | 
4534 | 00000000 | 
4538 | 00000000 | 
453C | 00000000 | 
4540 | 00000000 | 
4544 | 00000000 | 
4548 | 00000000 | 
454C | 00000000 | 
4550 | 00000000 | 
4554 | 00000000 | 
4558 | 00000000 | 
455C | 00000000 | 
4560 | 00000000 | 
4564 | 00000000 | 
4568 | 00000000 | 
456C | 00000000 | 
4570 | 00000000 | 
4574 | 00000000 | 
4578 | 00000000 | 
457C | 00000000 | 
4580 | 00000000 | 
4584 | 00000000 | 
4588 | 00000000 | 
458C | 00000000 | 
4590 | 00000000 | 
4594 | 00000000 | 
4598 | 00000000 | 
459C | 00000000 | 
45A0 | 00000000 | 
45A4 | 00000000 | 
45A8 | 00000000 | 
45AC | 00000000 | 
45B0 | 00000000 | 
45B4 | 00000000 | 
45B8 | 00000000 | 
45BC | 00000000 | 
45C0 | 00000000 | 
45C4 | 00000000 | 
45C8 | 00000000 | 
45CC | 00000000 | 
45D0 | 00000000 | 
45D4 | 00000000 | 
45D8 | 00000000 | 
45DC | 00000000 | 
45E0 | 00000000 | 
45E4 | 00000000 | 
45E8 | 00000000 | 
45EC | 00000000 | 
45F0 | 00000000 | 
45F4 | 00000000 | 
45F8 | 00000000 | 
45FC | 00000000 | 
4600 | 00000000 | 
4604 | 00000000 | 
4608 | 00000000 | 
460C | 00000000 | 
4610 | 00000000 | 
4614 | 00000000 | 
4618 | 00000000 | 
461C | 00000000 | 
4620 | 00000000 | 
4624 | 00000000 | 
4628 | 00000000 | 
462C | 00000000 | 
4630 | 00000000 | 
4634 | 00000000 | 
4638 | 00000000 | 
463C | 00000000 | 
4640 | 00000000 | 
4644 | 00000000 | 
4648 | 00000000 | 
464C | 00000000 | 
4650 | 00000000 | 
4654 | 00000000 | 
4658 | 00000000 | 
465C | 00000000 | 
4660 | 00000000 | 
4664 | 00000000 | 
4668 | 00000000 | 
466C | 00000000 | 
4670 | 00000000 | 
4674 | 00000000 | 
4678 | 00000000 | 
467C | 00000000 | 
4680 | 00000000 | 
4684 | 00000000 | 
4688 | 00000000 | 
468C | 00000000 | 
4690 | 00000000 | 
4694 | 00000000 | 
4698 | 00000000 | 
469C | 00000000 | 
46A0 | 00000000 | 
46A4 | 00000000 | 
46A8 | 00000000 | 
46AC | 00000000 | 
46B0 | 00000000 | 
46B4 | 00000000 | 
46B8 | 00000000 | 
46BC | 00000000 | 
46C0 | 00000000 | 
46C4 | 00000000 | 
46C8 | 00000000 | 
46CC | 00000000 | 
46D0 | 00000000 | 
46D4 | 00000000 | 
46D8 | 00000000 | 
46DC | 00000000 | 
46E0 | 00000000 | 
46E4 | 00000000 | 
46E8 | 00000000 | 
46EC | 00000000 | 
46F0 | 00000000 | 
46F4 | 00000000 | 
46F8 | 00000000 | 
46FC | 00000000 | 
4700 | 00000000 | 
4704 | 00000000 | 
4708 | 00000000 | 
470C | 00000000 | 
4710 | 00000000 | 
4714 | 00000000 | 
4718 | 00000000 | 
471C | 00000000 | 
4720 | 00000000 | 
4724 | 00000000 | 
4728 | 00000000 | 
472C | 00000000 | 
4730 | 00000000 | 
4734 | 00000000 | 
4738 | 00000000 | 
473C | 00000000 | 
4740 | 00000000 | 
4744 | 00000000 | 
4748 | 00000000 | 
474C | 00000000 | 
4750 | 00000000 | 
4754 | 00000000 | 
4758 | 00000000 | 
475C | 00000000 | 
4760 | 00000000 | 
4764 | 00000000 | 
4768 | 00000000 | 
476C | 00000000 | 
4770 | 00000000 | 
4774 | 00000000 | 
4778 | 00000000 | 
477C | 00000000 | 
4780 | 00000000 | 
4784 | 00000000 | 
4788 | 00000000 | 
478C | 00000000 | 
4790 | 00000000 | 
4794 | 00000000 | 
4798 | 00000000 | 
479C | 00000000 | 
47A0 | 00000000 | 
47A4 | 00000000 | 
47A8 | 00000000 | 
47AC | 00000000 | 
47B0 | 00000000 | 
47B4 | 00000000 | 
47B8 | 00000000 | 
47BC | 00000000 | 
47C0 | 00000000 | 
47C4 | 00000000 | 
47C8 | 00000000 | 
47CC | 00000000 | 
47D0 | 00000000 | 
47D4 | 00000000 | 
47D8 | 00000000 | 
47DC | 00000000 | 
47E0 | 00000000 | 
47E4 | 00000000 | 
47E8 | 00000000 | 
47EC | 00000000 | 
47F0 | 00000000 | 
47F4 | 00000000 | 
47F8 | 00000000 | 
47FC | 00000000 | 
4800 | 00000000 | 
4804 | 00000000 | 
4808 | 00000000 | 
480C | 00000000 | 
4810 | 00000000 | 
4814 | 00000000 | 
4818 | 00000000 | 
481C | 00000000 | 
4820 | 00000000 | 
4824 | 00000000 | 
4828 | 00000000 | 
482C | 00000000 | 
4830 | 00000000 | 
4834 | 00000000 | 
4838 | 00000000 | 
483C | 00000000 | 
4840 | 00000000 | 
4844 | 00000000 | 
4848 | 00000000 | 
484C | 00000000 | 
4850 | 00000000 | 
4854 | 00000000 | 
4858 | 00000000 | 
485C | 00000000 | 
4860 | 00000000 | 
4864 | 00000000 | 
4868 | 00000000 | 
486C | 00000000 | 
4870 | 00000000 | 
4874 | 00000000 | 
4878 | 00000000 | 
487C | 00000000 | 
4880 | 00000000 | 
4884 | 00000000 | 
4888 | 00000000 | 
488C | 00000000 | 
4890 | 00000000 | 
4894 | 00000000 | 
4898 | 00000000 | 
489C | 00000000 | 
48A0 | 00000000 | 
48A4 | 00000000 | 
48A8 | 00000000 | 
48AC | 00000000 | 
48B0 | 00000000 | 
48B4 | 00000000 | 
48B8 | 00000000 | 
48BC | 00000000 | 
48C0 | 00000000 | 
48C4 | 00000000 | 
48C8 | 00000000 | 
48CC | 00000000 | 
48D0 | 00000000 | 
48D4 | 00000000 | 
48D8 | 00000000 | 
48DC | 00000000 | 
48E0 | 00000000 | 
48E4 | 00000000 | 
48E8 | 00000000 | 
48EC | 00000000 | 
48F0 | 00000000 | 
48F4 | 00000000 | 
48F8 | 00000000 | 
48FC | 00000000 | 
4900 | 00000000 | 
4904 | 00000000 | 
4908 | 00000000 | 
490C | 00000000 | 
4910 | 00000000 | 
4914 | 00000000 | 
4918 | 00000000 | 
491C | 00000000 | 
4920 | 00000000 | 
4924 | 00000000 | 
4928 | 00000000 | 
492C | 00000000 | 
4930 | 00000000 | 
4934 | 00000000 | 
4938 | 00000000 | 
493C | 00000000 | 
4940 | 00000000 | 
4944 | 00000000 | 
4948 | 00000000 | 
494C | 00000000 | 
4950 | 00000000 | 
4954 | 00000000 | 
4958 | 00000000 | 
495C | 00000000 | 
4960 | 00000000 | 
4964 | 00000000 | 
4968 | 00000000 | 
496C | 00000000 | 
4970 | 00000000 | 
4974 | 00000000 | 
4978 | 00000000 | 
497C | 00000000 | 
4980 | 00000000 | 
4984 | 00000000 | 
4988 | 00000000 | 
498C | 00000000 | 
4990 | 00000000 | 
4994 | 00000000 | 
4998 | 00000000 | 
499C | 00000000 | 
49A0 | 00000000 | 
49A4 | 00000000 | 
49A8 | 00000000 | 
49AC | 00000000 | 
49B0 | 00000000 | 
49B4 | 00000000 | 
49B8 | 00000000 | 
49BC | 00000000 | 
49C0 | 00000000 | 
49C4 | 00000000 | 
49C8 | 00000000 | 
49CC | 00000000 | 
49D0 | 00000000 | 
49D4 | 00000000 | 
49D8 | 00000000 | 
49DC | 00000000 | 
49E0 | 00000000 | 
49E4 | 00000000 | 
49E8 | 00000000 | 
49EC | 00000000 | 
49F0 | 00000000 | 
49F4 | 00000000 | 
49F8 | 00000000 | 
49FC | 00000000 | 
4A00 | 00000000 | 
4A04 | 00000000 | 
4A08 | 00000000 | 
4A0C | 00000000 | 
4A10 | 00000000 | 
4A14 | 00000000 | 
4A18 | 00000000 | 
4A1C | 00000000 | 
4A20 | 00000000 | 
4A24 | 00000000 | 
4A28 | 00000000 | 
4A2C | 00000000 | 
4A30 | 00000000 | 
4A34 | 00000000 | 
4A38 | 00000000 | 
4A3C | 00000000 | 
4A40 | 00000000 | 
4A44 | 00000000 | 
4A48 | 00000000 | 
4A4C | 00000000 | 
4A50 | 00000000 | 
4A54 | 00000000 | 
4A58 | 00000000 | 
4A5C | 00000000 | 
4A60 | 00000000 | 
4A64 | 00000000 | 
4A68 | 00000000 | 
4A6C | 00000000 | 
4A70 | 00000000 | 
4A74 | 00000000 | 
4A78 | 00000000 | 
4A7C | 00000000 | 
4A80 | 00000000 | 
4A84 | 00000000 | 
4A88 | 00000000 | 
4A8C | 00000000 | 
4A90 | 00000000 | 
4A94 | 00000000 | 
4A98 | 00000000 | 
4A9C | 00000000 | 
4AA0 | 00000000 | 
4AA4 | 00000000 | 
4AA8 | 00000000 | 
4AAC | 00000000 | 
4AB0 | 00000000 | 
4AB4 | 00000000 | 
4AB8 | 00000000 | 
4ABC | 00000000 | 
4AC0 | 00000000 | 
4AC4 | 00000000 | 
4AC8 | 00000000 | 
4ACC | 00000000 | 
4AD0 | 00000000 | 
4AD4 | 00000000 | 
4AD8 | 00000000 | 
4ADC | 00000000 | 
4AE0 | 00000000 | 
4AE4 | 00000000 | 
4AE8 | 00000000 | 
4AEC | 00000000 | 
4AF0 | 00000000 | 
4AF4 | 00000000 | 
4AF8 | 00000000 | 
4AFC | 00000000 | 
4B00 | 00000000 | 
4B04 | 00000000 | 
4B08 | 00000000 | 
4B0C | 00000000 | 
4B10 | 00000000 | 
4B14 | 00000000 | 
4B18 | 00000000 | 
4B1C | 00000000 | 
4B20 | 00000000 | 
4B24 | 00000000 | 
4B28 | 00000000 | 
4B2C | 00000000 | 
4B30 | 00000000 | 
4B34 | 00000000 | 
4B38 | 00000000 | 
4B3C | 00000000 | 
4B40 | 00000000 | 
4B44 | 00000000 | 
4B48 | 00000000 | 
4B4C | 00000000 | 
4B50 | 00000000 | 
4B54 | 00000000 | 
4B58 | 00000000 | 
4B5C | 00000000 | 
4B60 | 00000000 | 
4B64 | 00000000 | 
4B68 | 00000000 | 
4B6C | 00000000 | 
4B70 | 00000000 | 
4B74 | 00000000 | 
4B78 | 00000000 | 
4B7C | 00000000 | 
4B80 | 00000000 | 
4B84 | 00000000 | 
4B88 | 00000000 | 
4B8C | 00000000 | 
4B90 | 00000000 | 
4B94 | 00000000 | 
4B98 | 00000000 | 
4B9C | 00000000 | 
4BA0 | 00000000 | 
4BA4 | 00000000 | 
4BA8 | 00000000 | 
4BAC | 00000000 | 
4BB0 | 00000000 | 
4BB4 | 00000000 | 
4BB8 | 00000000 | 
4BBC | 00000000 | 
4BC0 | 00000000 | 
4BC4 | 00000000 | 
4BC8 | 00000000 | 
4BCC | 00000000 | 
4BD0 | 00000000 | 
4BD4 | 00000000 | 
4BD8 | 00000000 | 
4BDC | 00000000 | 
4BE0 | 00000000 | 
4BE4 | 00000000 | 
4BE8 | 00000000 | 
4BEC | 00000000 | 
4BF0 | 00000000 | 
4BF4 | 00000000 | 
4BF8 | 00000000 | 
4BFC | 00000000 | 
4C00 | 00000000 | 
4C04 | 00000000 | 
4C08 | 00000000 | 
4C0C | 00000000 | 
4C10 | 00000000 | 
4C14 | 00000000 | 
4C18 | 00000000 | 
4C1C | 00000000 | 
4C20 | 00000000 | 
4C24 | 00000000 | 
4C28 | 00000000 | 
4C2C | 00000000 | 
4C30 | 00000000 | 
4C34 | 00000000 | 
4C38 | 00000000 | 
4C3C | 00000000 | 
4C40 | 00000000 | 
4C44 | 00000000 | 
4C48 | 00000000 | 
4C4C | 00000000 | 
4C50 | 00000000 | 
4C54 | 00000000 | 
4C58 | 00000000 | 
4C5C | 00000000 | 
4C60 | 00000000 | 
4C64 | 00000000 | 
4C68 | 00000000 | 
4C6C | 00000000 | 
4C70 | 00000000 | 
4C74 | 00000000 | 
4C78 | 00000000 | 
4C7C | 00000000 | 
4C80 | 00000000 | 
4C84 | 00000000 | 
4C88 | 00000000 | 
4C8C | 00000000 | 
4C90 | 00000000 | 
4C94 | 00000000 | 
4C98 | 00000000 | 
4C9C | 00000000 | 
4CA0 | 00000000 | 
4CA4 | 00000000 | 
4CA8 | 00000000 | 
4CAC | 00000000 | 
4CB0 | 00000000 | 
4CB4 | 00000000 | 
4CB8 | 00000000 | 
4CBC | 00000000 | 
4CC0 | 00000000 | 
4CC4 | 00000000 | 
4CC8 | 00000000 | 
4CCC | 00000000 | 
4CD0 | 00000000 | 
4CD4 | 00000000 | 
4CD8 | 00000000 | 
4CDC | 00000000 | 
4CE0 | 00000000 | 
4CE4 | 00000000 | 
4CE8 | 00000000 | 
4CEC | 00000000 | 
4CF0 | 00000000 | 
4CF4 | 00000000 | 
4CF8 | 00000000 | 
4CFC | 00000000 | 
4D00 | 00000000 | 
4D04 | 00000000 | 
4D08 | 00000000 | 
4D0C | 00000000 | 
4D10 | 00000000 | 
4D14 | 00000000 | 
4D18 | 00000000 | 
4D1C | 00000000 | 
4D20 | 00000000 | 
4D24 | 00000000 | 
4D28 | 00000000 | 
4D2C | 00000000 | 
4D30 | 00000000 | 
4D34 | 00000000 | 
4D38 | 00000000 | 
4D3C | 00000000 | 
4D40 | 00000000 | 
4D44 | 00000000 | 
4D48 | 00000000 | 
4D4C | 00000000 | 
4D50 | 00000000 | 
4D54 | 00000000 | 
4D58 | 00000000 | 
4D5C | 00000000 | 
4D60 | 00000000 | 
4D64 | 00000000 | 
4D68 | 00000000 | 
4D6C | 00000000 | 
4D70 | 00000000 | 
4D74 | 00000000 | 
4D78 | 00000000 | 
4D7C | 00000000 | 
4D80 | 00000000 | 
4D84 | 00000000 | 
4D88 | 00000000 | 
4D8C | 00000000 | 
4D90 | 00000000 | 
4D94 | 00000000 | 
4D98 | 00000000 | 
4D9C | 00000000 | 
4DA0 | 00000000 | 
4DA4 | 00000000 | 
4DA8 | 00000000 | 
4DAC | 00000000 | 
4DB0 | 00000000 | 
4DB4 | 00000000 | 
4DB8 | 00000000 | 
4DBC | 00000000 | 
4DC0 | 00000000 | 
4DC4 | 00000000 | 
4DC8 | 00000000 | 
4DCC | 00000000 | 
4DD0 | 00000000 | 
4DD4 | 00000000 | 
4DD8 | 00000000 | 
4DDC | 00000000 | 
4DE0 | 00000000 | 
4DE4 | 00000000 | 
4DE8 | 00000000 | 
4DEC | 00000000 | 
4DF0 | 00000000 | 
4DF4 | 00000000 | 
4DF8 | 00000000 | 
4DFC | 00000000 | 
4E00 | 00000000 | 
4E04 | 00000000 | 
4E08 | 00000000 | 
4E0C | 00000000 | 
4E10 | 00000000 | 
4E14 | 00000000 | 
4E18 | 00000000 | 
4E1C | 00000000 | 
4E20 | 00000000 | 
4E24 | 00000000 | 
4E28 | 00000000 | 
4E2C | 00000000 | 
4E30 | 00000000 | 
4E34 | 00000000 | 
4E38 | 00000000 | 
4E3C | 00000000 | 
4E40 | 00000000 | 
4E44 | 00000000 | 
4E48 | 00000000 | 
4E4C | 00000000 | 
4E50 | 00000000 | 
4E54 | 00000000 | 
4E58 | 00000000 | 
4E5C | 00000000 | 
4E60 | 00000000 | 
4E64 | 00000000 | 
4E68 | 00000000 | 
4E6C | 00000000 | 
4E70 | 00000000 | 
4E74 | 00000000 | 
4E78 | 00000000 | 
4E7C | 00000000 | 
4E80 | 00000000 | 
4E84 | 00000000 | 
4E88 | 00000000 | 
4E8C | 00000000 | 
4E90 | 00000000 | 
4E94 | 00000000 | 
4E98 | 00000000 | 
4E9C | 00000000 | 
4EA0 | 00000000 | 
4EA4 | 00000000 | 
4EA8 | 00000000 | 
4EAC | 00000000 | 
4EB0 | 00000000 | 
4EB4 | 00000000 | 
4EB8 | 00000000 | 
4EBC | 00000000 | 
4EC0 | 00000000 | 
4EC4 | 00000000 | 
4EC8 | 00000000 | 
4ECC | 00000000 | 
4ED0 | 00000000 | 
4ED4 | 00000000 | 
4ED8 | 00000000 | 
4EDC | 00000000 | 
4EE0 | 00000000 | 
4EE4 | 00000000 | 
4EE8 | 00000000 | 
4EEC | 00000000 | 
4EF0 | 00000000 | 
4EF4 | 00000000 | 
4EF8 | 00000000 | 
4EFC | 00000000 | 
4F00 | 00000000 | 
4F04 | 00000000 | 
4F08 | 00000000 | 
4F0C | 00000000 | 
4F10 | 00000000 | 
4F14 | 00000000 | 
4F18 | 00000000 | 
4F1C | 00000000 | 
4F20 | 00000000 | 
4F24 | 00000000 | 
4F28 | 00000000 | 
4F2C | 00000000 | 
4F30 | 00000000 | 
4F34 | 00000000 | 
4F38 | 00000000 | 
4F3C | 00000000 | 
4F40 | 00000000 | 
4F44 | 00000000 | 
4F48 | 00000000 | 
4F4C | 00000000 | 
4F50 | 00000000 | 
4F54 | 00000000 | 
4F58 | 00000000 | 
4F5C | 00000000 | 
4F60 | 00000000 | 
4F64 | 00000000 | 
4F68 | 00000000 | 
4F6C | 00000000 | 
4F70 | 00000000 | 
4F74 | 00000000 | 
4F78 | 00000000 | 
4F7C | 00000000 | 
4F80 | 00000000 | 
4F84 | 00000000 | 
4F88 | 00000000 | 
4F8C | 00000000 | 
4F90 | 00000000 | 
4F94 | 00000000 | 
4F98 | 00000000 | 
4F9C | 00000000 | 
4FA0 | 00000000 | 
4FA4 | 00000000 | 
4FA8 | 00000000 | 
4FAC | 00000000 | 
4FB0 | 00000000 | 
4FB4 | 00000000 | 
4FB8 | 00000000 | 
4FBC | 00000000 | 
4FC0 | 00000000 | 
4FC4 | 00000000 | 
4FC8 | 00000000 | 
4FCC | 00000000 | 
4FD0 | 00000000 | 
4FD4 | 00000000 | 
4FD8 | 00000000 | 
4FDC | 00000000 | 
4FE0 | 00000000 | 
4FE4 | 00000000 | 
4FE8 | 00000000 | 
4FEC | 00000000 | 
4FF0 | 00000000 | 
4FF4 | 00000000 | 
4FF8 | 00000000 | 
4FFC | 00000000 | 
5000 | 00000000 | 
5004 | 00000000 | 
5008 | 00000000 | 
500C | 00000000 | 
5010 | 00000000 | 
5014 | 00000000 | 
5018 | 00000000 | 
501C | 00000000 | 
5020 | 00000000 | 
5024 | 00000000 | 
5028 | 00000000 | 
502C | 00000000 | 
5030 | 00000000 | 
5034 | 00000000 | 
5038 | 00000000 | 
503C | 00000000 | 
5040 | 00000000 | 
5044 | 00000000 | 
5048 | 00000000 | 
504C | 00000000 | 
5050 | 00000000 | 
5054 | 00000000 | 
5058 | 00000000 | 
505C | 00000000 | 
5060 | 00000000 | 
5064 | 00000000 | 
5068 | 00000000 | 
506C | 00000000 | 
5070 | 00000000 | 
5074 | 00000000 | 
5078 | 00000000 | 
507C | 00000000 | 
5080 | 00000000 | 
5084 | 00000000 | 
5088 | 00000000 | 
508C | 00000000 | 
5090 | 00000000 | 
5094 | 00000000 | 
5098 | 00000000 | 
509C | 00000000 | 
50A0 | 00000000 | 
50A4 | 00000000 | 
50A8 | 00000000 | 
50AC | 00000000 | 
50B0 | 00000000 | 
50B4 | 00000000 | 
50B8 | 00000000 | 
50BC | 00000000 | 
50C0 | 00000000 | 
50C4 | 00000000 | 
50C8 | 00000000 | 
50CC | 00000000 | 
50D0 | 00000000 | 
50D4 | 00000000 | 
50D8 | 00000000 | 
50DC | 00000000 | 
50E0 | 00000000 | 
50E4 | 00000000 | 
50E8 | 00000000 | 
50EC | 00000000 | 
50F0 | 00000000 | 
50F4 | 00000000 | 
50F8 | 00000000 | 
50FC | 00000000 | 
5100 | 00000000 | 
5104 | 00000000 | 
5108 | 00000000 | 
510C | 00000000 | 
5110 | 00000000 | 
5114 | 00000000 | 
5118 | 00000000 | 
511C | 00000000 | 
5120 | 00000000 | 
5124 | 00000000 | 
5128 | 00000000 | 
512C | 00000000 | 
5130 | 00000000 | 
5134 | 00000000 | 
5138 | 00000000 | 
513C | 00000000 | 
5140 | 00000000 | 
5144 | 00000000 | 
5148 | 00000000 | 
514C | 00000000 | 
5150 | 00000000 | 
5154 | 00000000 | 
5158 | 00000000 | 
515C | 00000000 | 
5160 | 00000000 | 
5164 | 00000000 | 
5168 | 00000000 | 
516C | 00000000 | 
5170 | 00000000 | 
5174 | 00000000 | 
5178 | 00000000 | 
517C | 00000000 | 
5180 | 00000000 | 
5184 | 00000000 | 
5188 | 00000000 | 
518C | 00000000 | 
5190 | 00000000 | 
5194 | 00000000 | 
5198 | 00000000 | 
519C | 00000000 | 
51A0 | 00000000 | 
51A4 | 00000000 | 
51A8 | 00000000 | 
51AC | 00000000 | 
51B0 | 00000000 | 
51B4 | 00000000 | 
51B8 | 00000000 | 
51BC | 00000000 | 
51C0 | 00000000 | 
51C4 | 00000000 | 
51C8 | 00000000 | 
51CC | 00000000 | 
51D0 | 00000000 | 
51D4 | 00000000 | 
51D8 | 00000000 | 
51DC | 00000000 | 
51E0 | 00000000 | 
51E4 | 00000000 | 
51E8 | 00000000 | 
51EC | 00000000 | 
51F0 | 00000000 | 
51F4 | 00000000 | 
51F8 | 00000000 | 
51FC | 00000000 | 
5200 | 00000000 | 
5204 | 00000000 | 
5208 | 00000000 | 
520C | 00000000 | 
5210 | 00000000 | 
5214 | 00000000 | 
5218 | 00000000 | 
521C | 00000000 | 
5220 | 00000000 | 
5224 | 00000000 | 
5228 | 00000000 | 
522C | 00000000 | 
5230 | 00000000 | 
5234 | 00000000 | 
5238 | 00000000 | 
523C | 00000000 | 
5240 | 00000000 | 
5244 | 00000000 | 
5248 | 00000000 | 
524C | 00000000 | 
5250 | 00000000 | 
5254 | 00000000 | 
5258 | 00000000 | 
525C | 00000000 | 
5260 | 00000000 | 
5264 | 00000000 | 
5268 | 00000000 | 
526C | 00000000 | 
5270 | 00000000 | 
5274 | 00000000 | 
5278 | 00000000 | 
527C | 00000000 | 
5280 | 00000000 | 
5284 | 00000000 | 
5288 | 00000000 | 
528C | 00000000 | 
5290 | 00000000 | 
5294 | 00000000 | 
5298 | 00000000 | 
529C | 00000000 | 
52A0 | 00000000 | 
52A4 | 00000000 | 
52A8 | 00000000 | 
52AC | 00000000 | 
52B0 | 00000000 | 
52B4 | 00000000 | 
52B8 | 00000000 | 
52BC | 00000000 | 
52C0 | 00000000 | 
52C4 | 00000000 | 
52C8 | 00000000 | 
52CC | 00000000 | 
52D0 | 00000000 | 
52D4 | 00000000 | 
52D8 | 00000000 | 
52DC | 00000000 | 
52E0 | 00000000 | 
52E4 | 00000000 | 
52E8 | 00000000 | 
52EC | 00000000 | 
52F0 | 00000000 | 
52F4 | 00000000 | 
52F8 | 00000000 | 
52FC | 00000000 | 
5300 | 00000000 | 
5304 | 00000000 | 
5308 | 00000000 | 
530C | 00000000 | 
5310 | 00000000 | 
5314 | 00000000 | 
5318 | 00000000 | 
531C | 00000000 | 
5320 | 00000000 | 
5324 | 00000000 | 
5328 | 00000000 | 
532C | 00000000 | 
5330 | 00000000 | 
5334 | 00000000 | 
5338 | 00000000 | 
533C | 00000000 | 
5340 | 00000000 | 
5344 | 00000000 | 
5348 | 00000000 | 
534C | 00000000 | 
5350 | 00000000 | 
5354 | 00000000 | 
5358 | 00000000 | 
535C | 00000000 | 
5360 | 00000000 | 
5364 | 00000000 | 
5368 | 00000000 | 
536C | 00000000 | 
5370 | 00000000 | 
5374 | 00000000 | 
5378 | 00000000 | 
537C | 00000000 | 
5380 | 00000000 | 
5384 | 00000000 | 
5388 | 00000000 | 
538C | 00000000 | 
5390 | 00000000 | 
5394 | 00000000 | 
5398 | 00000000 | 
539C | 00000000 | 
53A0 | 00000000 | 
53A4 | 00000000 | 
53A8 | 00000000 | 
53AC | 00000000 | 
53B0 | 00000000 | 
53B4 | 00000000 | 
53B8 | 00000000 | 
53BC | 00000000 | 
53C0 | 00000000 | 
53C4 | 00000000 | 
53C8 | 00000000 | 
53CC | 00000000 | 
53D0 | 00000000 | 
53D4 | 00000000 | 
53D8 | 00000000 | 
53DC | 00000000 | 
53E0 | 00000000 | 
53E4 | 00000000 | 
53E8 | 00000000 | 
53EC | 00000000 | 
53F0 | 00000000 | 
53F4 | 00000000 | 
53F8 | 00000000 | 
53FC | 00000000 | 
5400 | 00000000 | 
5404 | 00000000 | 
5408 | 00000000 | 
540C | 00000000 | 
5410 | 00000000 | 
5414 | 00000000 | 
5418 | 00000000 | 
541C | 00000000 | 
5420 | 00000000 | 
5424 | 00000000 | 
5428 | 00000000 | 
542C | 00000000 | 
5430 | 00000000 | 
5434 | 00000000 | 
5438 | 00000000 | 
543C | 00000000 | 
5440 | 00000000 | 
5444 | 00000000 | 
5448 | 00000000 | 
544C | 00000000 | 
5450 | 00000000 | 
5454 | 00000000 | 
5458 | 00000000 | 
545C | 00000000 | 
5460 | 00000000 | 
5464 | 00000000 | 
5468 | 00000000 | 
546C | 00000000 | 
5470 | 00000000 | 
5474 | 00000000 | 
5478 | 00000000 | 
547C | 00000000 | 
5480 | 00000000 | 
5484 | 00000000 | 
5488 | 00000000 | 
548C | 00000000 | 
5490 | 00000000 | 
5494 | 00000000 | 
5498 | 00000000 | 
549C | 00000000 | 
54A0 | 00000000 | 
54A4 | 00000000 | 
54A8 | 00000000 | 
54AC | 00000000 | 
54B0 | 00000000 | 
54B4 | 00000000 | 
54B8 | 00000000 | 
54BC | 00000000 | 
54C0 | 00000000 | 
54C4 | 00000000 | 
54C8 | 00000000 | 
54CC | 00000000 | 
54D0 | 00000000 | 
54D4 | 00000000 | 
54D8 | 00000000 | 
54DC | 00000000 | 
54E0 | 00000000 | 
54E4 | 00000000 | 
54E8 | 00000000 | 
54EC | 00000000 | 
54F0 | 00000000 | 
54F4 | 00000000 | 
54F8 | 00000000 | 
54FC | 00000000 | 
5500 | 00000000 | 
5504 | 00000000 | 
5508 | 00000000 | 
550C | 00000000 | 
5510 | 00000000 | 
5514 | 00000000 | 
5518 | 00000000 | 
551C | 00000000 | 
5520 | 00000000 | 
5524 | 00000000 | 
5528 | 00000000 | 
552C | 00000000 | 
5530 | 00000000 | 
5534 | 00000000 | 
5538 | 00000000 | 
553C | 00000000 | 
5540 | 00000000 | 
5544 | 00000000 | 
5548 | 00000000 | 
554C | 00000000 | 
5550 | 00000000 | 
5554 | 00000000 | 
5558 | 00000000 | 
555C | 00000000 | 
5560 | 00000000 | 
5564 | 00000000 | 
5568 | 00000000 | 
556C | 00000000 | 
5570 | 00000000 | 
5574 | 00000000 | 
5578 | 00000000 | 
557C | 00000000 | 
5580 | 00000000 | 
5584 | 00000000 | 
5588 | 00000000 | 
558C | 00000000 | 
5590 | 00000000 | 
5594 | 00000000 | 
5598 | 00000000 | 
559C | 00000000 | 
55A0 | 00000000 | 
55A4 | 00000000 | 
55A8 | 00000000 | 
55AC | 00000000 | 
55B0 | 00000000 | 
55B4 | 00000000 | 
55B8 | 00000000 | 
55BC | 00000000 | 
55C0 | 00000000 | 
55C4 | 00000000 | 
55C8 | 00000000 | 
55CC | 00000000 | 
55D0 | 00000000 | 
55D4 | 00000000 | 
55D8 | 00000000 | 
55DC | 00000000 | 
55E0 | 00000000 | 
55E4 | 00000000 | 
55E8 | 00000000 | 
55EC | 00000000 | 
55F0 | 00000000 | 
55F4 | 00000000 | 
55F8 | 00000000 | 
55FC | 00000000 | 
5600 | 00000000 | 
5604 | 00000000 | 
5608 | 00000000 | 
560C | 00000000 | 
5610 | 00000000 | 
5614 | 00000000 | 
5618 | 00000000 | 
561C | 00000000 | 
5620 | 00000000 | 
5624 | 00000000 | 
5628 | 00000000 | 
562C | 00000000 | 
5630 | 00000000 | 
5634 | 00000000 | 
5638 | 00000000 | 
563C | 00000000 | 
5640 | 00000000 | 
5644 | 00000000 | 
5648 | 00000000 | 
564C | 00000000 | 
5650 | 00000000 | 
5654 | 00000000 | 
5658 | 00000000 | 
565C | 00000000 | 
5660 | 00000000 | 
5664 | 00000000 | 
5668 | 00000000 | 
566C | 00000000 | 
5670 | 00000000 | 
5674 | 00000000 | 
5678 | 00000000 | 
567C | 00000000 | 
5680 | 00000000 | 
5684 | 00000000 | 
5688 | 00000000 | 
568C | 00000000 | 
5690 | 00000000 | 
5694 | 00000000 | 
5698 | 00000000 | 
569C | 00000000 | 
56A0 | 00000000 | 
56A4 | 00000000 | 
56A8 | 00000000 | 
56AC | 00000000 | 
56B0 | 00000000 | 
56B4 | 00000000 | 
56B8 | 00000000 | 
56BC | 00000000 | 
56C0 | 00000000 | 
56C4 | 00000000 | 
56C8 | 00000000 | 
56CC | 00000000 | 
56D0 | 00000000 | 
56D4 | 00000000 | 
56D8 | 00000000 | 
56DC | 00000000 | 
56E0 | 00000000 | 
56E4 | 00000000 | 
56E8 | 00000000 | 
56EC | 00000000 | 
56F0 | 00000000 | 
56F4 | 00000000 | 
56F8 | 00000000 | 
56FC | 00000000 | 
5700 | 00000000 | 
5704 | 00000000 | 
5708 | 00000000 | 
570C | 00000000 | 
5710 | 00000000 | 
5714 | 00000000 | 
5718 | 00000000 | 
571C | 00000000 | 
5720 | 00000000 | 
5724 | 00000000 | 
5728 | 00000000 | 
572C | 00000000 | 
5730 | 00000000 | 
5734 | 00000000 | 
5738 | 00000000 | 
573C | 00000000 | 
5740 | 00000000 | 
5744 | 00000000 | 
5748 | 00000000 | 
574C | 00000000 | 
5750 | 00000000 | 
5754 | 00000000 | 
5758 | 00000000 | 
575C | 00000000 | 
5760 | 00000000 | 
5764 | 00000000 | 
5768 | 00000000 | 
576C | 00000000 | 
5770 | 00000000 | 
5774 | 00000000 | 
5778 | 00000000 | 
577C | 00000000 | 
5780 | 00000000 | 
5784 | 00000000 | 
5788 | 00000000 | 
578C | 00000000 | 
5790 | 00000000 | 
5794 | 00000000 | 
5798 | 00000000 | 
579C | 00000000 | 
57A0 | 00000000 | 
57A4 | 00000000 | 
57A8 | 00000000 | 
57AC | 00000000 | 
57B0 | 00000000 | 
57B4 | 00000000 | 
57B8 | 00000000 | 
57BC | 00000000 | 
57C0 | 00000000 | 
57C4 | 00000000 | 
57C8 | 00000000 | 
57CC | 00000000 | 
57D0 | 00000000 | 
57D4 | 00000000 | 
57D8 | 00000000 | 
57DC | 00000000 | 
57E0 | 00000000 | 
57E4 | 00000000 | 
57E8 | 00000000 | 
57EC | 00000000 | 
57F0 | 00000000 | 
57F4 | 00000000 | 
57F8 | 00000000 | 
57FC | 00000000 | 
5800 | 00000000 | 
5804 | 00000000 | 
5808 | 00000000 | 
580C | 00000000 | 
5810 | 00000000 | 
5814 | 00000000 | 
5818 | 00000000 | 
581C | 00000000 | 
5820 | 00000000 | 
5824 | 00000000 | 
5828 | 00000000 | 
582C | 00000000 | 
5830 | 00000000 | 
5834 | 00000000 | 
5838 | 00000000 | 
583C | 00000000 | 
5840 | 00000000 | 
5844 | 00000000 | 
5848 | 00000000 | 
584C | 00000000 | 
5850 | 00000000 | 
5854 | 00000000 | 
5858 | 00000000 | 
585C | 00000000 | 
5860 | 00000000 | 
5864 | 00000000 | 
5868 | 00000000 | 
586C | 00000000 | 
5870 | 00000000 | 
5874 | 00000000 | 
5878 | 00000000 | 
587C | 00000000 | 
5880 | 00000000 | 
5884 | 00000000 | 
5888 | 00000000 | 
588C | 00000000 | 
5890 | 00000000 | 
5894 | 00000000 | 
5898 | 00000000 | 
589C | 00000000 | 
58A0 | 00000000 | 
58A4 | 00000000 | 
58A8 | 00000000 | 
58AC | 00000000 | 
58B0 | 00000000 | 
58B4 | 00000000 | 
58B8 | 00000000 | 
58BC | 00000000 | 
58C0 | 00000000 | 
58C4 | 00000000 | 
58C8 | 00000000 | 
58CC | 00000000 | 
58D0 | 00000000 | 
58D4 | 00000000 | 
58D8 | 00000000 | 
58DC | 00000000 | 
58E0 | 00000000 | 
58E4 | 00000000 | 
58E8 | 00000000 | 
58EC | 00000000 | 
58F0 | 00000000 | 
58F4 | 00000000 | 
58F8 | 00000000 | 
58FC | 00000000 | 
5900 | 00000000 | 
5904 | 00000000 | 
5908 | 00000000 | 
590C | 00000000 | 
5910 | 00000000 | 
5914 | 00000000 | 
5918 | 00000000 | 
591C | 00000000 | 
5920 | 00000000 | 
5924 | 00000000 | 
5928 | 00000000 | 
592C | 00000000 | 
5930 | 00000000 | 
5934 | 00000000 | 
5938 | 00000000 | 
593C | 00000000 | 
5940 | 00000000 | 
5944 | 00000000 | 
5948 | 00000000 | 
594C | 00000000 | 
5950 | 00000000 | 
5954 | 00000000 | 
5958 | 00000000 | 
595C | 00000000 | 
5960 | 00000000 | 
5964 | 00000000 | 
5968 | 00000000 | 
596C | 00000000 | 
5970 | 00000000 | 
5974 | 00000000 | 
5978 | 00000000 | 
597C | 00000000 | 
5980 | 00000000 | 
5984 | 00000000 | 
5988 | 00000000 | 
598C | 00000000 | 
5990 | 00000000 | 
5994 | 00000000 | 
5998 | 00000000 | 
599C | 00000000 | 
59A0 | 00000000 | 
59A4 | 00000000 | 
59A8 | 00000000 | 
59AC | 00000000 | 
59B0 | 00000000 | 
59B4 | 00000000 | 
59B8 | 00000000 | 
59BC | 00000000 | 
59C0 | 00000000 | 
59C4 | 00000000 | 
59C8 | 00000000 | 
59CC | 00000000 | 
59D0 | 00000000 | 
59D4 | 00000000 | 
59D8 | 00000000 | 
59DC | 00000000 | 
59E0 | 00000000 | 
59E4 | 00000000 | 
59E8 | 00000000 | 
59EC | 00000000 | 
59F0 | 00000000 | 
59F4 | 00000000 | 
59F8 | 00000000 | 
59FC | 00000000 | 
5A00 | 00000000 | 
5A04 | 00000000 | 
5A08 | 00000000 | 
5A0C | 00000000 | 
5A10 | 00000000 | 
5A14 | 00000000 | 
5A18 | 00000000 | 
5A1C | 00000000 | 
5A20 | 00000000 | 
5A24 | 00000000 | 
5A28 | 00000000 | 
5A2C | 00000000 | 
5A30 | 00000000 | 
5A34 | 00000000 | 
5A38 | 00000000 | 
5A3C | 00000000 | 
5A40 | 00000000 | 
5A44 | 00000000 | 
5A48 | 00000000 | 
5A4C | 00000000 | 
5A50 | 00000000 | 
5A54 | 00000000 | 
5A58 | 00000000 | 
5A5C | 00000000 | 
5A60 | 00000000 | 
5A64 | 00000000 | 
5A68 | 00000000 | 
5A6C | 00000000 | 
5A70 | 00000000 | 
5A74 | 00000000 | 
5A78 | 00000000 | 
5A7C | 00000000 | 
5A80 | 00000000 | 
5A84 | 00000000 | 
5A88 | 00000000 | 
5A8C | 00000000 | 
5A90 | 00000000 | 
5A94 | 00000000 | 
5A98 | 00000000 | 
5A9C | 00000000 | 
5AA0 | 00000000 | 
5AA4 | 00000000 | 
5AA8 | 00000000 | 
5AAC | 00000000 | 
5AB0 | 00000000 | 
5AB4 | 00000000 | 
5AB8 | 00000000 | 
5ABC | 00000000 | 
5AC0 | 00000000 | 
5AC4 | 00000000 | 
5AC8 | 00000000 | 
5ACC | 00000000 | 
5AD0 | 00000000 | 
5AD4 | 00000000 | 
5AD8 | 00000000 | 
5ADC | 00000000 | 
5AE0 | 00000000 | 
5AE4 | 00000000 | 
5AE8 | 00000000 | 
5AEC | 00000000 | 
5AF0 | 00000000 | 
5AF4 | 00000000 | 
5AF8 | 00000000 | 
5AFC | 00000000 | 
5B00 | 00000000 | 
5B04 | 00000000 | 
5B08 | 00000000 | 
5B0C | 00000000 | 
5B10 | 00000000 | 
5B14 | 00000000 | 
5B18 | 00000000 | 
5B1C | 00000000 | 
5B20 | 00000000 | 
5B24 | 00000000 | 
5B28 | 00000000 | 
5B2C | 00000000 | 
5B30 | 00000000 | 
5B34 | 00000000 | 
5B38 | 00000000 | 
5B3C | 00000000 | 
5B40 | 00000000 | 
5B44 | 00000000 | 
5B48 | 00000000 | 
5B4C | 00000000 | 
5B50 | 00000000 | 
5B54 | 00000000 | 
5B58 | 00000000 | 
5B5C | 00000000 | 
5B60 | 00000000 | 
5B64 | 00000000 | 
5B68 | 00000000 | 
5B6C | 00000000 | 
5B70 | 00000000 | 
5B74 | 00000000 | 
5B78 | 00000000 | 
5B7C | 00000000 | 
5B80 | 00000000 | 
5B84 | 00000000 | 
5B88 | 00000000 | 
5B8C | 00000000 | 
5B90 | 00000000 | 
5B94 | 00000000 | 
5B98 | 00000000 | 
5B9C | 00000000 | 
5BA0 | 00000000 | 
5BA4 | 00000000 | 
5BA8 | 00000000 | 
5BAC | 00000000 | 
5BB0 | 00000000 | 
5BB4 | 00000000 | 
5BB8 | 00000000 | 
5BBC | 00000000 | 
5BC0 | 00000000 | 
5BC4 | 00000000 | 
5BC8 | 00000000 | 
5BCC | 00000000 | 
5BD0 | 00000000 | 
5BD4 | 00000000 | 
5BD8 | 00000000 | 
5BDC | 00000000 | 
5BE0 | 00000000 | 
5BE4 | 00000000 | 
5BE8 | 00000000 | 
5BEC | 00000000 | 
5BF0 | 00000000 | 
5BF4 | 00000000 | 
5BF8 | 00000000 | 
5BFC | 00000000 | 
5C00 | 00000000 | 
5C04 | 00000000 | 
5C08 | 00000000 | 
5C0C | 00000000 | 
5C10 | 00000000 | 
5C14 | 00000000 | 
5C18 | 00000000 | 
5C1C | 00000000 | 
5C20 | 00000000 | 
5C24 | 00000000 | 
5C28 | 00000000 | 
5C2C | 00000000 | 
5C30 | 00000000 | 
5C34 | 00000000 | 
5C38 | 00000000 | 
5C3C | 00000000 | 
5C40 | 00000000 | 
5C44 | 00000000 | 
5C48 | 00000000 | 
5C4C | 00000000 | 
5C50 | 00000000 | 
5C54 | 00000000 | 
5C58 | 00000000 | 
5C5C | 00000000 | 
5C60 | 00000000 | 
5C64 | 00000000 | 
5C68 | 00000000 | 
5C6C | 00000000 | 
5C70 | 00000000 | 
5C74 | 00000000 | 
5C78 | 00000000 | 
5C7C | 00000000 | 
5C80 | 00000000 | 
5C84 | 00000000 | 
5C88 | 00000000 | 
5C8C | 00000000 | 
5C90 | 00000000 | 
5C94 | 00000000 | 
5C98 | 00000000 | 
5C9C | 00000000 | 
5CA0 | 00000000 | 
5CA4 | 00000000 | 
5CA8 | 00000000 | 
5CAC | 00000000 | 
5CB0 | 00000000 | 
5CB4 | 00000000 | 
5CB8 | 00000000 | 
5CBC | 00000000 | 
5CC0 | 00000000 | 
5CC4 | 00000000 | 
5CC8 | 00000000 | 
5CCC | 00000000 | 
5CD0 | 00000000 | 
5CD4 | 00000000 | 
5CD8 | 00000000 | 
5CDC | 00000000 | 
5CE0 | 00000000 | 
5CE4 | 00000000 | 
5CE8 | 00000000 | 
5CEC | 00000000 | 
5CF0 | 00000000 | 
5CF4 | 00000000 | 
5CF8 | 00000000 | 
5CFC | 00000000 | 
5D00 | 00000000 | 
5D04 | 00000000 | 
5D08 | 00000000 | 
5D0C | 00000000 | 
5D10 | 00000000 | 
5D14 | 00000000 | 
5D18 | 00000000 | 
5D1C | 00000000 | 
5D20 | 00000000 | 
5D24 | 00000000 | 
5D28 | 00000000 | 
5D2C | 00000000 | 
5D30 | 00000000 | 
5D34 | 00000000 | 
5D38 | 00000000 | 
5D3C | 00000000 | 
5D40 | 00000000 | 
5D44 | 00000000 | 
5D48 | 00000000 | 
5D4C | 00000000 | 
5D50 | 00000000 | 
5D54 | 00000000 | 
5D58 | 00000000 | 
5D5C | 00000000 | 
5D60 | 00000000 | 
5D64 | 00000000 | 
5D68 | 00000000 | 
5D6C | 00000000 | 
5D70 | 00000000 | 
5D74 | 00000000 | 
5D78 | 00000000 | 
5D7C | 00000000 | 
5D80 | 00000000 | 
5D84 | 00000000 | 
5D88 | 00000000 | 
5D8C | 00000000 | 
5D90 | 00000000 | 
5D94 | 00000000 | 
5D98 | 00000000 | 
5D9C | 00000000 | 
5DA0 | 00000000 | 
5DA4 | 00000000 | 
5DA8 | 00000000 | 
5DAC | 00000000 | 
5DB0 | 00000000 | 
5DB4 | 00000000 | 
5DB8 | 00000000 | 
5DBC | 00000000 | 
5DC0 | 00000000 | 
5DC4 | 00000000 | 
5DC8 | 00000000 | 
5DCC | 00000000 | 
5DD0 | 00000000 | 
5DD4 | 00000000 | 
5DD8 | 00000000 | 
5DDC | 00000000 | 
5DE0 | 00000000 | 
5DE4 | 00000000 | 
5DE8 | 00000000 | 
5DEC | 00000000 | 
5DF0 | 00000000 | 
5DF4 | 00000000 | 
5DF8 | 00000000 | 
5DFC | 00000000 | 
5E00 | 00000000 | 
5E04 | 00000000 | 
5E08 | 00000000 | 
5E0C | 00000000 | 
5E10 | 00000000 | 
5E14 | 00000000 | 
5E18 | 00000000 | 
5E1C | 00000000 | 
5E20 | 00000000 | 
5E24 | 00000000 | 
5E28 | 00000000 | 
5E2C | 00000000 | 
5E30 | 00000000 | 
5E34 | 00000000 | 
5E38 | 00000000 | 
5E3C | 00000000 | 
5E40 | 00000000 | 
5E44 | 00000000 | 
5E48 | 00000000 | 
5E4C | 00000000 | 
5E50 | 00000000 | 
5E54 | 00000000 | 
5E58 | 00000000 | 
5E5C | 00000000 | 
5E60 | 00000000 | 
5E64 | 00000000 | 
5E68 | 00000000 | 
5E6C | 00000000 | 
5E70 | 00000000 | 
5E74 | 00000000 | 
5E78 | 00000000 | 
5E7C | 00000000 | 
5E80 | 00000000 | 
5E84 | 00000000 | 
5E88 | 00000000 | 
5E8C | 00000000 | 
5E90 | 00000000 | 
5E94 | 00000000 | 
5E98 | 00000000 | 
5E9C | 00000000 | 
5EA0 | 00000000 | 
5EA4 | 00000000 | 
5EA8 | 00000000 | 
5EAC | 00000000 | 
5EB0 | 00000000 | 
5EB4 | 00000000 | 
5EB8 | 00000000 | 
5EBC | 00000000 | 
5EC0 | 00000000 | 
5EC4 | 00000000 | 
5EC8 | 00000000 | 
5ECC | 00000000 | 
5ED0 | 00000000 | 
5ED4 | 00000000 | 
5ED8 | 00000000 | 
5EDC | 00000000 | 
5EE0 | 00000000 | 
5EE4 | 00000000 | 
5EE8 | 00000000 | 
5EEC | 00000000 | 
5EF0 | 00000000 | 
5EF4 | 00000000 | 
5EF8 | 00000000 | 
5EFC | 00000000 | 
5F00 | 00000000 | 
5F04 | 00000000 | 
5F08 | 00000000 | 
5F0C | 00000000 | 
5F10 | 00000000 | 
5F14 | 00000000 | 
5F18 | 00000000 | 
5F1C | 00000000 | 
5F20 | 00000000 | 
5F24 | 00000000 | 
5F28 | 00000000 | 
5F2C | 00000000 | 
5F30 | 00000000 | 
5F34 | 00000000 | 
5F38 | 00000000 | 
5F3C | 00000000 | 
5F40 | 00000000 | 
5F44 | 00000000 | 
5F48 | 00000000 | 
5F4C | 00000000 | 
5F50 | 00000000 | 
5F54 | 00000000 | 
5F58 | 00000000 | 
5F5C | 00000000 | 
5F60 | 00000000 | 
5F64 | 00000000 | 
5F68 | 00000000 | 
5F6C | 00000000 | 
5F70 | 00000000 | 
5F74 | 00000000 | 
5F78 | 00000000 | 
5F7C | 00000000 | 
5F80 | 00000000 | 
5F84 | 00000000 | 
5F88 | 00000000 | 
5F8C | 00000000 | 
5F90 | 00000000 | 
5F94 | 00000000 | 
5F98 | 00000000 | 
5F9C | 00000000 | 
5FA0 | 00000000 | 
5FA4 | 00000000 | 
5FA8 | 00000000 | 
5FAC | 00000000 | 
5FB0 | 00000000 | 
5FB4 | 00000000 | 
5FB8 | 00000000 | 
5FBC | 00000000 | 
5FC0 | 00000000 | 
5FC4 | 00000000 | 
5FC8 | 00000000 | 
5FCC | 00000000 | 
5FD0 | 00000000 | 
5FD4 | 00000000 | 
5FD8 | 00000000 | 
5FDC | 00000000 | 
5FE0 | 00000000 | 
5FE4 | 00000000 | 
5FE8 | 00000000 | 
5FEC | 00000000 | 
5FF0 | 00000000 | 
5FF4 | 00000000 | 
5FF8 | 00000000 | 
5FFC | 00000000 | 
6000 | 00000000 | 
6004 | 00000000 | 
6008 | 00000000 | 
600C | 00000000 | 
6010 | 00000000 | 
6014 | 00000000 | 
6018 | 00000000 | 
601C | 00000000 | 
6020 | 00000000 | 
6024 | 00000000 | 
6028 | 00000000 | 
602C | 00000000 | 
6030 | 00000000 | 
6034 | 00000000 | 
6038 | 00000000 | 
603C | 00000000 | 
6040 | 00000000 | 
6044 | 00000000 | 
6048 | 00000000 | 
604C | 00000000 | 
6050 | 00000000 | 
6054 | 00000000 | 
6058 | 00000000 | 
605C | 00000000 | 
6060 | 00000000 | 
6064 | 00000000 | 
6068 | 00000000 | 
606C | 00000000 | 
6070 | 00000000 | 
6074 | 00000000 | 
6078 | 00000000 | 
607C | 00000000 | 
6080 | 00000000 | 
6084 | 00000000 | 
6088 | 00000000 | 
608C | 00000000 | 
6090 | 00000000 | 
6094 | 00000000 | 
6098 | 00000000 | 
609C | 00000000 | 
60A0 | 00000000 | 
60A4 | 00000000 | 
60A8 | 00000000 | 
60AC | 00000000 | 
60B0 | 00000000 | 
60B4 | 00000000 | 
60B8 | 00000000 | 
60BC | 00000000 | 
60C0 | 00000000 | 
60C4 | 00000000 | 
60C8 | 00000000 | 
60CC | 00000000 | 
60D0 | 00000000 | 
60D4 | 00000000 | 
60D8 | 00000000 | 
60DC | 00000000 | 
60E0 | 00000000 | 
60E4 | 00000000 | 
60E8 | 00000000 | 
60EC | 00000000 | 
60F0 | 00000000 | 
60F4 | 00000000 | 
60F8 | 00000000 | 
60FC | 00000000 | 
6100 | 00000000 | 
6104 | 00000000 | 
6108 | 00000000 | 
610C | 00000000 | 
6110 | 00000000 | 
6114 | 00000000 | 
6118 | 00000000 | 
611C | 00000000 | 
6120 | 00000000 | 
6124 | 00000000 | 
6128 | 00000000 | 
612C | 00000000 | 
6130 | 00000000 | 
6134 | 00000000 | 
6138 | 00000000 | 
613C | 00000000 | 
6140 | 00000000 | 
6144 | 00000000 | 
6148 | 00000000 | 
614C | 00000000 | 
6150 | 00000000 | 
6154 | 00000000 | 
6158 | 00000000 | 
615C | 00000000 | 
6160 | 00000000 | 
6164 | 00000000 | 
6168 | 00000000 | 
616C | 00000000 | 
6170 | 00000000 | 
6174 | 00000000 | 
6178 | 00000000 | 
617C | 00000000 | 
6180 | 00000000 | 
6184 | 00000000 | 
6188 | 00000000 | 
618C | 00000000 | 
6190 | 00000000 | 
6194 | 00000000 | 
6198 | 00000000 | 
619C | 00000000 | 
61A0 | 00000000 | 
61A4 | 00000000 | 
61A8 | 00000000 | 
61AC | 00000000 | 
61B0 | 00000000 | 
61B4 | 00000000 | 
61B8 | 00000000 | 
61BC | 00000000 | 
61C0 | 00000000 | 
61C4 | 00000000 | 
61C8 | 00000000 | 
61CC | 00000000 | 
61D0 | 00000000 | 
61D4 | 00000000 | 
61D8 | 00000000 | 
61DC | 00000000 | 
61E0 | 00000000 | 
61E4 | 00000000 | 
61E8 | 00000000 | 
61EC | 00000000 | 
61F0 | 00000000 | 
61F4 | 00000000 | 
61F8 | 00000000 | 
61FC | 00000000 | 
6200 | 00000000 | 
6204 | 00000000 | 
6208 | 00000000 | 
620C | 00000000 | 
6210 | 00000000 | 
6214 | 00000000 | 
6218 | 00000000 | 
621C | 00000000 | 
6220 | 00000000 | 
6224 | 00000000 | 
6228 | 00000000 | 
622C | 00000000 | 
6230 | 00000000 | 
6234 | 00000000 | 
6238 | 00000000 | 
623C | 00000000 | 
6240 | 00000000 | 
6244 | 00000000 | 
6248 | 00000000 | 
624C | 00000000 | 
6250 | 00000000 | 
6254 | 00000000 | 
6258 | 00000000 | 
625C | 00000000 | 
6260 | 00000000 | 
6264 | 00000000 | 
6268 | 00000000 | 
626C | 00000000 | 
6270 | 00000000 | 
6274 | 00000000 | 
6278 | 00000000 | 
627C | 00000000 | 
6280 | 00000000 | 
6284 | 00000000 | 
6288 | 00000000 | 
628C | 00000000 | 
6290 | 00000000 | 
6294 | 00000000 | 
6298 | 00000000 | 
629C | 00000000 | 
62A0 | 00000000 | 
62A4 | 00000000 | 
62A8 | 00000000 | 
62AC | 00000000 | 
62B0 | 00000000 | 
62B4 | 00000000 | 
62B8 | 00000000 | 
62BC | 00000000 | 
62C0 | 00000000 | 
62C4 | 00000000 | 
62C8 | 00000000 | 
62CC | 00000000 | 
62D0 | 00000000 | 
62D4 | 00000000 | 
62D8 | 00000000 | 
62DC | 00000000 | 
62E0 | 00000000 | 
62E4 | 00000000 | 
62E8 | 00000000 | 
62EC | 00000000 | 
62F0 | 00000000 | 
62F4 | 00000000 | 
62F8 | 00000000 | 
62FC | 00000000 | 
6300 | 00000000 | 
6304 | 00000000 | 
6308 | 00000000 | 
630C | 00000000 | 
6310 | 00000000 | 
6314 | 00000000 | 
6318 | 00000000 | 
631C | 00000000 | 
6320 | 00000000 | 
6324 | 00000000 | 
6328 | 00000000 | 
632C | 00000000 | 
6330 | 00000000 | 
6334 | 00000000 | 
6338 | 00000000 | 
633C | 00000000 | 
6340 | 00000000 | 
6344 | 00000000 | 
6348 | 00000000 | 
634C | 00000000 | 
6350 | 00000000 | 
6354 | 00000000 | 
6358 | 00000000 | 
635C | 00000000 | 
6360 | 00000000 | 
6364 | 00000000 | 
6368 | 00000000 | 
636C | 00000000 | 
6370 | 00000000 | 
6374 | 00000000 | 
6378 | 00000000 | 
637C | 00000000 | 
6380 | 00000000 | 
6384 | 00000000 | 
6388 | 00000000 | 
638C | 00000000 | 
6390 | 00000000 | 
6394 | 00000000 | 
6398 | 00000000 | 
639C | 00000000 | 
63A0 | 00000000 | 
63A4 | 00000000 | 
63A8 | 00000000 | 
63AC | 00000000 | 
63B0 | 00000000 | 
63B4 | 00000000 | 
63B8 | 00000000 | 
63BC | 00000000 | 
63C0 | 00000000 | 
63C4 | 00000000 | 
63C8 | 00000000 | 
63CC | 00000000 | 
63D0 | 00000000 | 
63D4 | 00000000 | 
63D8 | 00000000 | 
63DC | 00000000 | 
63E0 | 00000000 | 
63E4 | 00000000 | 
63E8 | 00000000 | 
63EC | 00000000 | 
63F0 | 00000000 | 
63F4 | 00000000 | 
63F8 | 00000000 | 
63FC | 00000000 | 
6400 | 00000000 | 
6404 | 00000000 | 
6408 | 00000000 | 
640C | 00000000 | 
6410 | 00000000 | 
6414 | 00000000 | 
6418 | 00000000 | 
641C | 00000000 | 
6420 | 00000000 | 
6424 | 00000000 | 
6428 | 00000000 | 
642C | 00000000 | 
6430 | 00000000 | 
6434 | 00000000 | 
6438 | 00000000 | 
643C | 00000000 | 
6440 | 00000000 | 
6444 | 00000000 | 
6448 | 00000000 | 
644C | 00000000 | 
6450 | 00000000 | 
6454 | 00000000 | 
6458 | 00000000 | 
645C | 00000000 | 
6460 | 00000000 | 
6464 | 00000000 | 
6468 | 00000000 | 
646C | 00000000 | 
6470 | 00000000 | 
6474 | 00000000 | 
6478 | 00000000 | 
647C | 00000000 | 
6480 | 00000000 | 
6484 | 00000000 | 
6488 | 00000000 | 
648C | 00000000 | 
6490 | 00000000 | 
6494 | 00000000 | 
6498 | 00000000 | 
649C | 00000000 | 
64A0 | 00000000 | 
64A4 | 00000000 | 
64A8 | 00000000 | 
64AC | 00000000 | 
64B0 | 00000000 | 
64B4 | 00000000 | 
64B8 | 00000000 | 
64BC | 00000000 | 
64C0 | 00000000 | 
64C4 | 00000000 | 
64C8 | 00000000 | 
64CC | 00000000 | 
64D0 | 00000000 | 
64D4 | 00000000 | 
64D8 | 00000000 | 
64DC | 00000000 | 
64E0 | 00000000 | 
64E4 | 00000000 | 
64E8 | 00000000 | 
64EC | 00000000 | 
64F0 | 00000000 | 
64F4 | 00000000 | 
64F8 | 00000000 | 
64FC | 00000000 | 
6500 | 00000000 | 
6504 | 00000000 | 
6508 | 00000000 | 
650C | 00000000 | 
6510 | 00000000 | 
6514 | 00000000 | 
6518 | 00000000 | 
651C | 00000000 | 
6520 | 00000000 | 
6524 | 00000000 | 
6528 | 00000000 | 
652C | 00000000 | 
6530 | 00000000 | 
6534 | 00000000 | 
6538 | 00000000 | 
653C | 00000000 | 
6540 | 00000000 | 
6544 | 00000000 | 
6548 | 00000000 | 
654C | 00000000 | 
6550 | 00000000 | 
6554 | 00000000 | 
6558 | 00000000 | 
655C | 00000000 | 
6560 | 00000000 | 
6564 | 00000000 | 
6568 | 00000000 | 
656C | 00000000 | 
6570 | 00000000 | 
6574 | 00000000 | 
6578 | 00000000 | 
657C | 00000000 | 
6580 | 00000000 | 
6584 | 00000000 | 
6588 | 00000000 | 
658C | 00000000 | 
6590 | 00000000 | 
6594 | 00000000 | 
6598 | 00000000 | 
659C | 00000000 | 
65A0 | 00000000 | 
65A4 | 00000000 | 
65A8 | 00000000 | 
65AC | 00000000 | 
65B0 | 00000000 | 
65B4 | 00000000 | 
65B8 | 00000000 | 
65BC | 00000000 | 
65C0 | 00000000 | 
65C4 | 00000000 | 
65C8 | 00000000 | 
65CC | 00000000 | 
65D0 | 00000000 | 
65D4 | 00000000 | 
65D8 | 00000000 | 
65DC | 00000000 | 
65E0 | 00000000 | 
65E4 | 00000000 | 
65E8 | 00000000 | 
65EC | 00000000 | 
65F0 | 00000000 | 
65F4 | 00000000 | 
65F8 | 00000000 | 
65FC | 00000000 | 
6600 | 00000000 | 
6604 | 00000000 | 
6608 | 00000000 | 
660C | 00000000 | 
6610 | 00000000 | 
6614 | 00000000 | 
6618 | 00000000 | 
661C | 00000000 | 
6620 | 00000000 | 
6624 | 00000000 | 
6628 | 00000000 | 
662C | 00000000 | 
6630 | 00000000 | 
6634 | 00000000 | 
6638 | 00000000 | 
663C | 00000000 | 
6640 | 00000000 | 
6644 | 00000000 | 
6648 | 00000000 | 
664C | 00000000 | 
6650 | 00000000 | 
6654 | 00000000 | 
6658 | 00000000 | 
665C | 00000000 | 
6660 | 00000000 | 
6664 | 00000000 | 
6668 | 00000000 | 
666C | 00000000 | 
6670 | 00000000 | 
6674 | 00000000 | 
6678 | 00000000 | 
667C | 00000000 | 
6680 | 00000000 | 
6684 | 00000000 | 
6688 | 00000000 | 
668C | 00000000 | 
6690 | 00000000 | 
6694 | 00000000 | 
6698 | 00000000 | 
669C | 00000000 | 
66A0 | 00000000 | 
66A4 | 00000000 | 
66A8 | 00000000 | 
66AC | 00000000 | 
66B0 | 00000000 | 
66B4 | 00000000 | 
66B8 | 00000000 | 
66BC | 00000000 | 
66C0 | 00000000 | 
66C4 | 00000000 | 
66C8 | 00000000 | 
66CC | 00000000 | 
66D0 | 00000000 | 
66D4 | 00000000 | 
66D8 | 00000000 | 
66DC | 00000000 | 
66E0 | 00000000 | 
66E4 | 00000000 | 
66E8 | 00000000 | 
66EC | 00000000 | 
66F0 | 00000000 | 
66F4 | 00000000 | 
66F8 | 00000000 | 
66FC | 00000000 | 
6700 | 00000000 | 
6704 | 00000000 | 
6708 | 00000000 | 
670C | 00000000 | 
6710 | 00000000 | 
6714 | 00000000 | 
6718 | 00000000 | 
671C | 00000000 | 
6720 | 00000000 | 
6724 | 00000000 | 
6728 | 00000000 | 
672C | 00000000 | 
6730 | 00000000 | 
6734 | 00000000 | 
6738 | 00000000 | 
673C | 00000000 | 
6740 | 00000000 | 
6744 | 00000000 | 
6748 | 00000000 | 
674C | 00000000 | 
6750 | 00000000 | 
6754 | 00000000 | 
6758 | 00000000 | 
675C | 00000000 | 
6760 | 00000000 | 
6764 | 00000000 | 
6768 | 00000000 | 
676C | 00000000 | 
6770 | 00000000 | 
6774 | 00000000 | 
6778 | 00000000 | 
677C | 00000000 | 
6780 | 00000000 | 
6784 | 00000000 | 
6788 | 00000000 | 
678C | 00000000 | 
6790 | 00000000 | 
6794 | 00000000 | 
6798 | 00000000 | 
679C | 00000000 | 
67A0 | 00000000 | 
67A4 | 00000000 | 
67A8 | 00000000 | 
67AC | 00000000 | 
67B0 | 00000000 | 
67B4 | 00000000 | 
67B8 | 00000000 | 
67BC | 00000000 | 
67C0 | 00000000 | 
67C4 | 00000000 | 
67C8 | 00000000 | 
67CC | 00000000 | 
67D0 | 00000000 | 
67D4 | 00000000 | 
67D8 | 00000000 | 
67DC | 00000000 | 
67E0 | 00000000 | 
67E4 | 00000000 | 
67E8 | 00000000 | 
67EC | 00000000 | 
67F0 | 00000000 | 
67F4 | 00000000 | 
67F8 | 00000000 | 
67FC | 00000000 | 
6800 | 00000000 | 
6804 | 00000000 | 
6808 | 00000000 | 
680C | 00000000 | 
6810 | 00000000 | 
6814 | 00000000 | 
6818 | 00000000 | 
681C | 00000000 | 
6820 | 00000000 | 
6824 | 00000000 | 
6828 | 00000000 | 
682C | 00000000 | 
6830 | 00000000 | 
6834 | 00000000 | 
6838 | 00000000 | 
683C | 00000000 | 
6840 | 00000000 | 
6844 | 00000000 | 
6848 | 00000000 | 
684C | 00000000 | 
6850 | 00000000 | 
6854 | 00000000 | 
6858 | 00000000 | 
685C | 00000000 | 
6860 | 00000000 | 
6864 | 00000000 | 
6868 | 00000000 | 
686C | 00000000 | 
6870 | 00000000 | 
6874 | 00000000 | 
6878 | 00000000 | 
687C | 00000000 | 
6880 | 00000000 | 
6884 | 00000000 | 
6888 | 00000000 | 
688C | 00000000 | 
6890 | 00000000 | 
6894 | 00000000 | 
6898 | 00000000 | 
689C | 00000000 | 
68A0 | 00000000 | 
68A4 | 00000000 | 
68A8 | 00000000 | 
68AC | 00000000 | 
68B0 | 00000000 | 
68B4 | 00000000 | 
68B8 | 00000000 | 
68BC | 00000000 | 
68C0 | 00000000 | 
68C4 | 00000000 | 
68C8 | 00000000 | 
68CC | 00000000 | 
68D0 | 00000000 | 
68D4 | 00000000 | 
68D8 | 00000000 | 
68DC | 00000000 | 
68E0 | 00000000 | 
68E4 | 00000000 | 
68E8 | 00000000 | 
68EC | 00000000 | 
68F0 | 00000000 | 
68F4 | 00000000 | 
68F8 | 00000000 | 
68FC | 00000000 | 
6900 | 00000000 | 
6904 | 00000000 | 
6908 | 00000000 | 
690C | 00000000 | 
6910 | 00000000 | 
6914 | 00000000 | 
6918 | 00000000 | 
691C | 00000000 | 
6920 | 00000000 | 
6924 | 00000000 | 
6928 | 00000000 | 
692C | 00000000 | 
6930 | 00000000 | 
6934 | 00000000 | 
6938 | 00000000 | 
693C | 00000000 | 
6940 | 00000000 | 
6944 | 00000000 | 
6948 | 00000000 | 
694C | 00000000 | 
6950 | 00000000 | 
6954 | 00000000 | 
6958 | 00000000 | 
695C | 00000000 | 
6960 | 00000000 | 
6964 | 00000000 | 
6968 | 00000000 | 
696C | 00000000 | 
6970 | 00000000 | 
6974 | 00000000 | 
6978 | 00000000 | 
697C | 00000000 | 
6980 | 00000000 | 
6984 | 00000000 | 
6988 | 00000000 | 
698C | 00000000 | 
6990 | 00000000 | 
6994 | 00000000 | 
6998 | 00000000 | 
699C | 00000000 | 
69A0 | 00000000 | 
69A4 | 00000000 | 
69A8 | 00000000 | 
69AC | 00000000 | 
69B0 | 00000000 | 
69B4 | 00000000 | 
69B8 | 00000000 | 
69BC | 00000000 | 
69C0 | 00000000 | 
69C4 | 00000000 | 
69C8 | 00000000 | 
69CC | 00000000 | 
69D0 | 00000000 | 
69D4 | 00000000 | 
69D8 | 00000000 | 
69DC | 00000000 | 
69E0 | 00000000 | 
69E4 | 00000000 | 
69E8 | 00000000 | 
69EC | 00000000 | 
69F0 | 00000000 | 
69F4 | 00000000 | 
69F8 | 00000000 | 
69FC | 00000000 | 
6A00 | 00000000 | 
6A04 | 00000000 | 
6A08 | 00000000 | 
6A0C | 00000000 | 
6A10 | 00000000 | 
6A14 | 00000000 | 
6A18 | 00000000 | 
6A1C | 00000000 | 
6A20 | 00000000 | 
6A24 | 00000000 | 
6A28 | 00000000 | 
6A2C | 00000000 | 
6A30 | 00000000 | 
6A34 | 00000000 | 
6A38 | 00000000 | 
6A3C | 00000000 | 
6A40 | 00000000 | 
6A44 | 00000000 | 
6A48 | 00000000 | 
6A4C | 00000000 | 
6A50 | 00000000 | 
6A54 | 00000000 | 
6A58 | 00000000 | 
6A5C | 00000000 | 
6A60 | 00000000 | 
6A64 | 00000000 | 
6A68 | 00000000 | 
6A6C | 00000000 | 
6A70 | 00000000 | 
6A74 | 00000000 | 
6A78 | 00000000 | 
6A7C | 00000000 | 
6A80 | 00000000 | 
6A84 | 00000000 | 
6A88 | 00000000 | 
6A8C | 00000000 | 
6A90 | 00000000 | 
6A94 | 00000000 | 
6A98 | 00000000 | 
6A9C | 00000000 | 
6AA0 | 00000000 | 
6AA4 | 00000000 | 
6AA8 | 00000000 | 
6AAC | 00000000 | 
6AB0 | 00000000 | 
6AB4 | 00000000 | 
6AB8 | 00000000 | 
6ABC | 00000000 | 
6AC0 | 00000000 | 
6AC4 | 00000000 | 
6AC8 | 00000000 | 
6ACC | 00000000 | 
6AD0 | 00000000 | 
6AD4 | 00000000 | 
6AD8 | 00000000 | 
6ADC | 00000000 | 
6AE0 | 00000000 | 
6AE4 | 00000000 | 
6AE8 | 00000000 | 
6AEC | 00000000 | 
6AF0 | 00000000 | 
6AF4 | 00000000 | 
6AF8 | 00000000 | 
6AFC | 00000000 | 
6B00 | 00000000 | 
6B04 | 00000000 | 
6B08 | 00000000 | 
6B0C | 00000000 | 
6B10 | 00000000 | 
6B14 | 00000000 | 
6B18 | 00000000 | 
6B1C | 00000000 | 
6B20 | 00000000 | 
6B24 | 00000000 | 
6B28 | 00000000 | 
6B2C | 00000000 | 
6B30 | 00000000 | 
6B34 | 00000000 | 
6B38 | 00000000 | 
6B3C | 00000000 | 
6B40 | 00000000 | 
6B44 | 00000000 | 
6B48 | 00000000 | 
6B4C | 00000000 | 
6B50 | 00000000 | 
6B54 | 00000000 | 
6B58 | 00000000 | 
6B5C | 00000000 | 
6B60 | 00000000 | 
6B64 | 00000000 | 
6B68 | 00000000 | 
6B6C | 00000000 | 
6B70 | 00000000 | 
6B74 | 00000000 | 
6B78 | 00000000 | 
6B7C | 00000000 | 
6B80 | 00000000 | 
6B84 | 00000000 | 
6B88 | 00000000 | 
6B8C | 00000000 | 
6B90 | 00000000 | 
6B94 | 00000000 | 
6B98 | 00000000 | 
6B9C | 00000000 | 
6BA0 | 00000000 | 
6BA4 | 00000000 | 
6BA8 | 00000000 | 
6BAC | 00000000 | 
6BB0 | 00000000 | 
6BB4 | 00000000 | 
6BB8 | 00000000 | 
6BBC | 00000000 | 
6BC0 | 00000000 | 
6BC4 | 00000000 | 
6BC8 | 00000000 | 
6BCC | 00000000 | 
6BD0 | 00000000 | 
6BD4 | 00000000 | 
6BD8 | 00000000 | 
6BDC | 00000000 | 
6BE0 | 00000000 | 
6BE4 | 00000000 | 
6BE8 | 00000000 | 
6BEC | 00000000 | 
6BF0 | 00000000 | 
6BF4 | 00000000 | 
6BF8 | 00000000 | 
6BFC | 00000000 | 
6C00 | 00000000 | 
6C04 | 00000000 | 
6C08 | 00000000 | 
6C0C | 00000000 | 
6C10 | 00000000 | 
6C14 | 00000000 | 
6C18 | 00000000 | 
6C1C | 00000000 | 
6C20 | 00000000 | 
6C24 | 00000000 | 
6C28 | 00000000 | 
6C2C | 00000000 | 
6C30 | 00000000 | 
6C34 | 00000000 | 
6C38 | 00000000 | 
6C3C | 00000000 | 
6C40 | 00000000 | 
6C44 | 00000000 | 
6C48 | 00000000 | 
6C4C | 00000000 | 
6C50 | 00000000 | 
6C54 | 00000000 | 
6C58 | 00000000 | 
6C5C | 00000000 | 
6C60 | 00000000 | 
6C64 | 00000000 | 
6C68 | 00000000 | 
6C6C | 00000000 | 
6C70 | 00000000 | 
6C74 | 00000000 | 
6C78 | 00000000 | 
6C7C | 00000000 | 
6C80 | 00000000 | 
6C84 | 00000000 | 
6C88 | 00000000 | 
6C8C | 00000000 | 
6C90 | 00000000 | 
6C94 | 00000000 | 
6C98 | 00000000 | 
6C9C | 00000000 | 
6CA0 | 00000000 | 
6CA4 | 00000000 | 
6CA8 | 00000000 | 
6CAC | 00000000 | 
6CB0 | 00000000 | 
6CB4 | 00000000 | 
6CB8 | 00000000 | 
6CBC | 00000000 | 
6CC0 | 00000000 | 
6CC4 | 00000000 | 
6CC8 | 00000000 | 
6CCC | 00000000 | 
6CD0 | 00000000 | 
6CD4 | 00000000 | 
6CD8 | 00000000 | 
6CDC | 00000000 | 
6CE0 | 00000000 | 
6CE4 | 00000000 | 
6CE8 | 00000000 | 
6CEC | 00000000 | 
6CF0 | 00000000 | 
6CF4 | 00000000 | 
6CF8 | 00000000 | 
6CFC | 00000000 | 
6D00 | 00000000 | 
6D04 | 00000000 | 
6D08 | 00000000 | 
6D0C | 00000000 | 
6D10 | 00000000 | 
6D14 | 00000000 | 
6D18 | 00000000 | 
6D1C | 00000000 | 
6D20 | 00000000 | 
6D24 | 00000000 | 
6D28 | 00000000 | 
6D2C | 00000000 | 
6D30 | 00000000 | 
6D34 | 00000000 | 
6D38 | 00000000 | 
6D3C | 00000000 | 
6D40 | 00000000 | 
6D44 | 00000000 | 
6D48 | 00000000 | 
6D4C | 00000000 | 
6D50 | 00000000 | 
6D54 | 00000000 | 
6D58 | 00000000 | 
6D5C | 00000000 | 
6D60 | 00000000 | 
6D64 | 00000000 | 
6D68 | 00000000 | 
6D6C | 00000000 | 
6D70 | 00000000 | 
6D74 | 00000000 | 
6D78 | 00000000 | 
6D7C | 00000000 | 
6D80 | 00000000 | 
6D84 | 00000000 | 
6D88 | 00000000 | 
6D8C | 00000000 | 
6D90 | 00000000 | 
6D94 | 00000000 | 
6D98 | 00000000 | 
6D9C | 00000000 | 
6DA0 | 00000000 | 
6DA4 | 00000000 | 
6DA8 | 00000000 | 
6DAC | 00000000 | 
6DB0 | 00000000 | 
6DB4 | 00000000 | 
6DB8 | 00000000 | 
6DBC | 00000000 | 
6DC0 | 00000000 | 
6DC4 | 00000000 | 
6DC8 | 00000000 | 
6DCC | 00000000 | 
6DD0 | 00000000 | 
6DD4 | 00000000 | 
6DD8 | 00000000 | 
6DDC | 00000000 | 
6DE0 | 00000000 | 
6DE4 | 00000000 | 
6DE8 | 00000000 | 
6DEC | 00000000 | 
6DF0 | 00000000 | 
6DF4 | 00000000 | 
6DF8 | 00000000 | 
6DFC | 00000000 | 
6E00 | 00000000 | 
6E04 | 00000000 | 
6E08 | 00000000 | 
6E0C | 00000000 | 
6E10 | 00000000 | 
6E14 | 00000000 | 
6E18 | 00000000 | 
6E1C | 00000000 | 
6E20 | 00000000 | 
6E24 | 00000000 | 
6E28 | 00000000 | 
6E2C | 00000000 | 
6E30 | 00000000 | 
6E34 | 00000000 | 
6E38 | 00000000 | 
6E3C | 00000000 | 
6E40 | 00000000 | 
6E44 | 00000000 | 
6E48 | 00000000 | 
6E4C | 00000000 | 
6E50 | 00000000 | 
6E54 | 00000000 | 
6E58 | 00000000 | 
6E5C | 00000000 | 
6E60 | 00000000 | 
6E64 | 00000000 | 
6E68 | 00000000 | 
6E6C | 00000000 | 
6E70 | 00000000 | 
6E74 | 00000000 | 
6E78 | 00000000 | 
6E7C | 00000000 | 
6E80 | 00000000 | 
6E84 | 00000000 | 
6E88 | 00000000 | 
6E8C | 00000000 | 
6E90 | 00000000 | 
6E94 | 00000000 | 
6E98 | 00000000 | 
6E9C | 00000000 | 
6EA0 | 00000000 | 
6EA4 | 00000000 | 
6EA8 | 00000000 | 
6EAC | 00000000 | 
6EB0 | 00000000 | 
6EB4 | 00000000 | 
6EB8 | 00000000 | 
6EBC | 00000000 | 
6EC0 | 00000000 | 
6EC4 | 00000000 | 
6EC8 | 00000000 | 
6ECC | 00000000 | 
6ED0 | 00000000 | 
6ED4 | 00000000 | 
6ED8 | 00000000 | 
6EDC | 00000000 | 
6EE0 | 00000000 | 
6EE4 | 00000000 | 
6EE8 | 00000000 | 
6EEC | 00000000 | 
6EF0 | 00000000 | 
6EF4 | 00000000 | 
6EF8 | 00000000 | 
6EFC | 00000000 | 
6F00 | 00000000 | 
6F04 | 00000000 | 
6F08 | 00000000 | 
6F0C | 00000000 | 
6F10 | 00000000 | 
6F14 | 00000000 | 
6F18 | 00000000 | 
6F1C | 00000000 | 
6F20 | 00000000 | 
6F24 | 00000000 | 
6F28 | 00000000 | 
6F2C | 00000000 | 
6F30 | 00000000 | 
6F34 | 00000000 | 
6F38 | 00000000 | 
6F3C | 00000000 | 
6F40 | 00000000 | 
6F44 | 00000000 | 
6F48 | 00000000 | 
6F4C | 00000000 | 
6F50 | 00000000 | 
6F54 | 00000000 | 
6F58 | 00000000 | 
6F5C | 00000000 | 
6F60 | 00000000 | 
6F64 | 00000000 | 
6F68 | 00000000 | 
6F6C | 00000000 | 
6F70 | 00000000 | 
6F74 | 00000000 | 
6F78 | 00000000 | 
6F7C | 00000000 | 
6F80 | 00000000 | 
6F84 | 00000000 | 
6F88 | 00000000 | 
6F8C | 00000000 | 
6F90 | 00000000 | 
6F94 | 00000000 | 
6F98 | 00000000 | 
6F9C | 00000000 | 
6FA0 | 00000000 | 
6FA4 | 00000000 | 
6FA8 | 00000000 | 
6FAC | 00000000 | 
6FB0 | 00000000 | 
6FB4 | 00000000 | 
6FB8 | 00000000 | 
6FBC | 00000000 | 
6FC0 | 00000000 | 
6FC4 | 00000000 | 
6FC8 | 00000000 | 
6FCC | 00000000 | 
6FD0 | 00000000 | 
6FD4 | 00000000 | 
6FD8 | 00000000 | 
6FDC | 00000000 | 
6FE0 | 00000000 | 
6FE4 | 00000000 | 
6FE8 | 00000000 | 
6FEC | 00000000 | 
6FF0 | 00000000 | 
6FF4 | 00000000 | 
6FF8 | 00000000 | 
6FFC | 00000000 | 
7000 | 00000000 | 
7004 | 00000000 | 
7008 | 00000000 | 
700C | 00000000 | 
7010 | 00000000 | 
7014 | 00000000 | 
7018 | 00000000 | 
701C | 00000000 | 
7020 | 00000000 | 
7024 | 00000000 | 
7028 | 00000000 | 
702C | 00000000 | 
7030 | 00000000 | 
7034 | 00000000 | 
7038 | 00000000 | 
703C | 00000000 | 
7040 | 00000000 | 
7044 | 00000000 | 
7048 | 00000000 | 
704C | 00000000 | 
7050 | 00000000 | 
7054 | 00000000 | 
7058 | 00000000 | 
705C | 00000000 | 
7060 | 00000000 | 
7064 | 00000000 | 
7068 | 00000000 | 
706C | 00000000 | 
7070 | 00000000 | 
7074 | 00000000 | 
7078 | 00000000 | 
707C | 00000000 | 
7080 | 00000000 | 
7084 | 00000000 | 
7088 | 00000000 | 
708C | 00000000 | 
7090 | 00000000 | 
7094 | 00000000 | 
7098 | 00000000 | 
709C | 00000000 | 
70A0 | 00000000 | 
70A4 | 00000000 | 
70A8 | 00000000 | 
70AC | 00000000 | 
70B0 | 00000000 | 
70B4 | 00000000 | 
70B8 | 00000000 | 
70BC | 00000000 | 
70C0 | 00000000 | 
70C4 | 00000000 | 
70C8 | 00000000 | 
70CC | 00000000 | 
70D0 | 00000000 | 
70D4 | 00000000 | 
70D8 | 00000000 | 
70DC | 00000000 | 
70E0 | 00000000 | 
70E4 | 00000000 | 
70E8 | 00000000 | 
70EC | 00000000 | 
70F0 | 00000000 | 
70F4 | 00000000 | 
70F8 | 00000000 | 
70FC | 00000000 | 
7100 | 00000000 | 
7104 | 00000000 | 
7108 | 00000000 | 
710C | 00000000 | 
7110 | 00000000 | 
7114 | 00000000 | 
7118 | 00000000 | 
711C | 00000000 | 
7120 | 00000000 | 
7124 | 00000000 | 
7128 | 00000000 | 
712C | 00000000 | 
7130 | 00000000 | 
7134 | 00000000 | 
7138 | 00000000 | 
713C | 00000000 | 
7140 | 00000000 | 
7144 | 00000000 | 
7148 | 00000000 | 
714C | 00000000 | 
7150 | 00000000 | 
7154 | 00000000 | 
7158 | 00000000 | 
715C | 00000000 | 
7160 | 00000000 | 
7164 | 00000000 | 
7168 | 00000000 | 
716C | 00000000 | 
7170 | 00000000 | 
7174 | 00000000 | 
7178 | 00000000 | 
717C | 00000000 | 
7180 | 00000000 | 
7184 | 00000000 | 
7188 | 00000000 | 
718C | 00000000 | 
7190 | 00000000 | 
7194 | 00000000 | 
7198 | 00000000 | 
719C | 00000000 | 
71A0 | 00000000 | 
71A4 | 00000000 | 
71A8 | 00000000 | 
71AC | 00000000 | 
71B0 | 00000000 | 
71B4 | 00000000 | 
71B8 | 00000000 | 
71BC | 00000000 | 
71C0 | 00000000 | 
71C4 | 00000000 | 
71C8 | 00000000 | 
71CC | 00000000 | 
71D0 | 00000000 | 
71D4 | 00000000 | 
71D8 | 00000000 | 
71DC | 00000000 | 
71E0 | 00000000 | 
71E4 | 00000000 | 
71E8 | 00000000 | 
71EC | 00000000 | 
71F0 | 00000000 | 
71F4 | 00000000 | 
71F8 | 00000000 | 
71FC | 00000000 | 
7200 | 00000000 | 
7204 | 00000000 | 
7208 | 00000000 | 
720C | 00000000 | 
7210 | 00000000 | 
7214 | 00000000 | 
7218 | 00000000 | 
721C | 00000000 | 
7220 | 00000000 | 
7224 | 00000000 | 
7228 | 00000000 | 
722C | 00000000 | 
7230 | 00000000 | 
7234 | 00000000 | 
7238 | 00000000 | 
723C | 00000000 | 
7240 | 00000000 | 
7244 | 00000000 | 
7248 | 00000000 | 
724C | 00000000 | 
7250 | 00000000 | 
7254 | 00000000 | 
7258 | 00000000 | 
725C | 00000000 | 
7260 | 00000000 | 
7264 | 00000000 | 
7268 | 00000000 | 
726C | 00000000 | 
7270 | 00000000 | 
7274 | 00000000 | 
7278 | 00000000 | 
727C | 00000000 | 
7280 | 00000000 | 
7284 | 00000000 | 
7288 | 00000000 | 
728C | 00000000 | 
7290 | 00000000 | 
7294 | 00000000 | 
7298 | 00000000 | 
729C | 00000000 | 
72A0 | 00000000 | 
72A4 | 00000000 | 
72A8 | 00000000 | 
72AC | 00000000 | 
72B0 | 00000000 | 
72B4 | 00000000 | 
72B8 | 00000000 | 
72BC | 00000000 | 
72C0 | 00000000 | 
72C4 | 00000000 | 
72C8 | 00000000 | 
72CC | 00000000 | 
72D0 | 00000000 | 
72D4 | 00000000 | 
72D8 | 00000000 | 
72DC | 00000000 | 
72E0 | 00000000 | 
72E4 | 00000000 | 
72E8 | 00000000 | 
72EC | 00000000 | 
72F0 | 00000000 | 
72F4 | 00000000 | 
72F8 | 00000000 | 
72FC | 00000000 | 
7300 | 00000000 | 
7304 | 00000000 | 
7308 | 00000000 | 
730C | 00000000 | 
7310 | 00000000 | 
7314 | 00000000 | 
7318 | 00000000 | 
731C | 00000000 | 
7320 | 00000000 | 
7324 | 00000000 | 
7328 | 00000000 | 
732C | 00000000 | 
7330 | 00000000 | 
7334 | 00000000 | 
7338 | 00000000 | 
733C | 00000000 | 
7340 | 00000000 | 
7344 | 00000000 | 
7348 | 00000000 | 
734C | 00000000 | 
7350 | 00000000 | 
7354 | 00000000 | 
7358 | 00000000 | 
735C | 00000000 | 
7360 | 00000000 | 
7364 | 00000000 | 
7368 | 00000000 | 
736C | 00000000 | 
7370 | 00000000 | 
7374 | 00000000 | 
7378 | 00000000 | 
737C | 00000000 | 
7380 | 00000000 | 
7384 | 00000000 | 
7388 | 00000000 | 
738C | 00000000 | 
7390 | 00000000 | 
7394 | 00000000 | 
7398 | 00000000 | 
739C | 00000000 | 
73A0 | 00000000 | 
73A4 | 00000000 | 
73A8 | 00000000 | 
73AC | 00000000 | 
73B0 | 00000000 | 
73B4 | 00000000 | 
73B8 | 00000000 | 
73BC | 00000000 | 
73C0 | 00000000 | 
73C4 | 00000000 | 
73C8 | 00000000 | 
73CC | 00000000 | 
73D0 | 00000000 | 
73D4 | 00000000 | 
73D8 | 00000000 | 
73DC | 00000000 | 
73E0 | 00000000 | 
73E4 | 00000000 | 
73E8 | 00000000 | 
73EC | 00000000 | 
73F0 | 00000000 | 
73F4 | 00000000 | 
73F8 | 00000000 | 
73FC | 00000000 | 
7400 | 00000000 | 
7404 | 00000000 | 
7408 | 00000000 | 
740C | 00000000 | 
7410 | 00000000 | 
7414 | 00000000 | 
7418 | 00000000 | 
741C | 00000000 | 
7420 | 00000000 | 
7424 | 00000000 | 
7428 | 00000000 | 
742C | 00000000 | 
7430 | 00000000 | 
7434 | 00000000 | 
7438 | 00000000 | 
743C | 00000000 | 
7440 | 00000000 | 
7444 | 00000000 | 
7448 | 00000000 | 
744C | 00000000 | 
7450 | 00000000 | 
7454 | 00000000 | 
7458 | 00000000 | 
745C | 00000000 | 
7460 | 00000000 | 
7464 | 00000000 | 
7468 | 00000000 | 
746C | 00000000 | 
7470 | 00000000 | 
7474 | 00000000 | 
7478 | 00000000 | 
747C | 00000000 | 
7480 | 00000000 | 
7484 | 00000000 | 
7488 | 00000000 | 
748C | 00000000 | 
7490 | 00000000 | 
7494 | 00000000 | 
7498 | 00000000 | 
749C | 00000000 | 
74A0 | 00000000 | 
74A4 | 00000000 | 
74A8 | 00000000 | 
74AC | 00000000 | 
74B0 | 00000000 | 
74B4 | 00000000 | 
74B8 | 00000000 | 
74BC | 00000000 | 
74C0 | 00000000 | 
74C4 | 00000000 | 
74C8 | 00000000 | 
74CC | 00000000 | 
74D0 | 00000000 | 
74D4 | 00000000 | 
74D8 | 00000000 | 
74DC | 00000000 | 
74E0 | 00000000 | 
74E4 | 00000000 | 
74E8 | 00000000 | 
74EC | 00000000 | 
74F0 | 00000000 | 
74F4 | 00000000 | 
74F8 | 00000000 | 
74FC | 00000000 | 
7500 | 00000000 | 
7504 | 00000000 | 
7508 | 00000000 | 
750C | 00000000 | 
7510 | 00000000 | 
7514 | 00000000 | 
7518 | 00000000 | 
751C | 00000000 | 
7520 | 00000000 | 
7524 | 00000000 | 
7528 | 00000000 | 
752C | 00000000 | 
7530 | 00000000 | 
7534 | 00000000 | 
7538 | 00000000 | 
753C | 00000000 | 
7540 | 00000000 | 
7544 | 00000000 | 
7548 | 00000000 | 
754C | 00000000 | 
7550 | 00000000 | 
7554 | 00000000 | 
7558 | 00000000 | 
755C | 00000000 | 
7560 | 00000000 | 
7564 | 00000000 | 
7568 | 00000000 | 
756C | 00000000 | 
7570 | 00000000 | 
7574 | 00000000 | 
7578 | 00000000 | 
757C | 00000000 | 
7580 | 00000000 | 
7584 | 00000000 | 
7588 | 00000000 | 
758C | 00000000 | 
7590 | 00000000 | 
7594 | 00000000 | 
7598 | 00000000 | 
759C | 00000000 | 
75A0 | 00000000 | 
75A4 | 00000000 | 
75A8 | 00000000 | 
75AC | 00000000 | 
75B0 | 00000000 | 
75B4 | 00000000 | 
75B8 | 00000000 | 
75BC | 00000000 | 
75C0 | 00000000 | 
75C4 | 00000000 | 
75C8 | 00000000 | 
75CC | 00000000 | 
75D0 | 00000000 | 
75D4 | 00000000 | 
75D8 | 00000000 | 
75DC | 00000000 | 
75E0 | 00000000 | 
75E4 | 00000000 | 
75E8 | 00000000 | 
75EC | 00000000 | 
75F0 | 00000000 | 
75F4 | 00000000 | 
75F8 | 00000000 | 
75FC | 00000000 | 
7600 | 00000000 | 
7604 | 00000000 | 
7608 | 00000000 | 
760C | 00000000 | 
7610 | 00000000 | 
7614 | 00000000 | 
7618 | 00000000 | 
761C | 00000000 | 
7620 | 00000000 | 
7624 | 00000000 | 
7628 | 00000000 | 
762C | 00000000 | 
7630 | 00000000 | 
7634 | 00000000 | 
7638 | 00000000 | 
763C | 00000000 | 
7640 | 00000000 | 
7644 | 00000000 | 
7648 | 00000000 | 
764C | 00000000 | 
7650 | 00000000 | 
7654 | 00000000 | 
7658 | 00000000 | 
765C | 00000000 | 
7660 | 00000000 | 
7664 | 00000000 | 
7668 | 00000000 | 
766C | 00000000 | 
7670 | 00000000 | 
7674 | 00000000 | 
7678 | 00000000 | 
767C | 00000000 | 
7680 | 00000000 | 
7684 | 00000000 | 
7688 | 00000000 | 
768C | 00000000 | 
7690 | 00000000 | 
7694 | 00000000 | 
7698 | 00000000 | 
769C | 00000000 | 
76A0 | 00000000 | 
76A4 | 00000000 | 
76A8 | 00000000 | 
76AC | 00000000 | 
76B0 | 00000000 | 
76B4 | 00000000 | 
76B8 | 00000000 | 
76BC | 00000000 | 
76C0 | 00000000 | 
76C4 | 00000000 | 
76C8 | 00000000 | 
76CC | 00000000 | 
76D0 | 00000000 | 
76D4 | 00000000 | 
76D8 | 00000000 | 
76DC | 00000000 | 
76E0 | 00000000 | 
76E4 | 00000000 | 
76E8 | 00000000 | 
76EC | 00000000 | 
76F0 | 00000000 | 
76F4 | 00000000 | 
76F8 | 00000000 | 
76FC | 00000000 | 
7700 | 00000000 | 
7704 | 00000000 | 
7708 | 00000000 | 
770C | 00000000 | 
7710 | 00000000 | 
7714 | 00000000 | 
7718 | 00000000 | 
771C | 00000000 | 
7720 | 00000000 | 
7724 | 00000000 | 
7728 | 00000000 | 
772C | 00000000 | 
7730 | 00000000 | 
7734 | 00000000 | 
7738 | 00000000 | 
773C | 00000000 | 
7740 | 00000000 | 
7744 | 00000000 | 
7748 | 00000000 | 
774C | 00000000 | 
7750 | 00000000 | 
7754 | 00000000 | 
7758 | 00000000 | 
775C | 00000000 | 
7760 | 00000000 | 
7764 | 00000000 | 
7768 | 00000000 | 
776C | 00000000 | 
7770 | 00000000 | 
7774 | 00000000 | 
7778 | 00000000 | 
777C | 00000000 | 
7780 | 00000000 | 
7784 | 00000000 | 
7788 | 00000000 | 
778C | 00000000 | 
7790 | 00000000 | 
7794 | 00000000 | 
7798 | 00000000 | 
779C | 00000000 | 
77A0 | 00000000 | 
77A4 | 00000000 | 
77A8 | 00000000 | 
77AC | 00000000 | 
77B0 | 00000000 | 
77B4 | 00000000 | 
77B8 | 00000000 | 
77BC | 00000000 | 
77C0 | 00000000 | 
77C4 | 00000000 | 
77C8 | 00000000 | 
77CC | 00000000 | 
77D0 | 00000000 | 
77D4 | 00000000 | 
77D8 | 00000000 | 
77DC | 00000000 | 
77E0 | 00000000 | 
77E4 | 00000000 | 
77E8 | 00000000 | 
77EC | 00000000 | 
77F0 | 00000000 | 
77F4 | 00000000 | 
77F8 | 00000000 | 
77FC | 00000000 | 
7800 | 00000000 | 
7804 | 00000000 | 
7808 | 00000000 | 
780C | 00000000 | 
7810 | 00000000 | 
7814 | 00000000 | 
7818 | 00000000 | 
781C | 00000000 | 
7820 | 00000000 | 
7824 | 00000000 | 
7828 | 00000000 | 
782C | 00000000 | 
7830 | 00000000 | 
7834 | 00000000 | 
7838 | 00000000 | 
783C | 00000000 | 
7840 | 00000000 | 
7844 | 00000000 | 
7848 | 00000000 | 
784C | 00000000 | 
7850 | 00000000 | 
7854 | 00000000 | 
7858 | 00000000 | 
785C | 00000000 | 
7860 | 00000000 | 
7864 | 00000000 | 
7868 | 00000000 | 
786C | 00000000 | 
7870 | 00000000 | 
7874 | 00000000 | 
7878 | 00000000 | 
787C | 00000000 | 
7880 | 00000000 | 
7884 | 00000000 | 
7888 | 00000000 | 
788C | 00000000 | 
7890 | 00000000 | 
7894 | 00000000 | 
7898 | 00000000 | 
789C | 00000000 | 
78A0 | 00000000 | 
78A4 | 00000000 | 
78A8 | 00000000 | 
78AC | 00000000 | 
78B0 | 00000000 | 
78B4 | 00000000 | 
78B8 | 00000000 | 
78BC | 00000000 | 
78C0 | 00000000 | 
78C4 | 00000000 | 
78C8 | 00000000 | 
78CC | 00000000 | 
78D0 | 00000000 | 
78D4 | 00000000 | 
78D8 | 00000000 | 
78DC | 00000000 | 
78E0 | 00000000 | 
78E4 | 00000000 | 
78E8 | 00000000 | 
78EC | 00000000 | 
78F0 | 00000000 | 
78F4 | 00000000 | 
78F8 | 00000000 | 
78FC | 00000000 | 
7900 | 00000000 | 
7904 | 00000000 | 
7908 | 00000000 | 
790C | 00000000 | 
7910 | 00000000 | 
7914 | 00000000 | 
7918 | 00000000 | 
791C | 00000000 | 
7920 | 00000000 | 
7924 | 00000000 | 
7928 | 00000000 | 
792C | 00000000 | 
7930 | 00000000 | 
7934 | 00000000 | 
7938 | 00000000 | 
793C | 00000000 | 
7940 | 00000000 | 
7944 | 00000000 | 
7948 | 00000000 | 
794C | 00000000 | 
7950 | 00000000 | 
7954 | 00000000 | 
7958 | 00000000 | 
795C | 00000000 | 
7960 | 00000000 | 
7964 | 00000000 | 
7968 | 00000000 | 
796C | 00000000 | 
7970 | 00000000 | 
7974 | 00000000 | 
7978 | 00000000 | 
797C | 00000000 | 
7980 | 00000000 | 
7984 | 00000000 | 
7988 | 00000000 | 
798C | 00000000 | 
7990 | 00000000 | 
7994 | 00000000 | 
7998 | 00000000 | 
799C | 00000000 | 
79A0 | 00000000 | 
79A4 | 00000000 | 
79A8 | 00000000 | 
79AC | 00000000 | 
79B0 | 00000000 | 
79B4 | 00000000 | 
79B8 | 00000000 | 
79BC | 00000000 | 
79C0 | 00000000 | 
79C4 | 00000000 | 
79C8 | 00000000 | 
79CC | 00000000 | 
79D0 | 00000000 | 
79D4 | 00000000 | 
79D8 | 00000000 | 
79DC | 00000000 | 
79E0 | 00000000 | 
79E4 | 00000000 | 
79E8 | 00000000 | 
79EC | 00000000 | 
79F0 | 00000000 | 
79F4 | 00000000 | 
79F8 | 00000000 | 
79FC | 00000000 | 
7A00 | 00000000 | 
7A04 | 00000000 | 
7A08 | 00000000 | 
7A0C | 00000000 | 
7A10 | 00000000 | 
7A14 | 00000000 | 
7A18 | 00000000 | 
7A1C | 00000000 | 
7A20 | 00000000 | 
7A24 | 00000000 | 
7A28 | 00000000 | 
7A2C | 00000000 | 
7A30 | 00000000 | 
7A34 | 00000000 | 
7A38 | 00000000 | 
7A3C | 00000000 | 
7A40 | 00000000 | 
7A44 | 00000000 | 
7A48 | 00000000 | 
7A4C | 00000000 | 
7A50 | 00000000 | 
7A54 | 00000000 | 
7A58 | 00000000 | 
7A5C | 00000000 | 
7A60 | 00000000 | 
7A64 | 00000000 | 
7A68 | 00000000 | 
7A6C | 00000000 | 
7A70 | 00000000 | 
7A74 | 00000000 | 
7A78 | 00000000 | 
7A7C | 00000000 | 
7A80 | 00000000 | 
7A84 | 00000000 | 
7A88 | 00000000 | 
7A8C | 00000000 | 
7A90 | 00000000 | 
7A94 | 00000000 | 
7A98 | 00000000 | 
7A9C | 00000000 | 
7AA0 | 00000000 | 
7AA4 | 00000000 | 
7AA8 | 00000000 | 
7AAC | 00000000 | 
7AB0 | 00000000 | 
7AB4 | 00000000 | 
7AB8 | 00000000 | 
7ABC | 00000000 | 
7AC0 | 00000000 | 
7AC4 | 00000000 | 
7AC8 | 00000000 | 
7ACC | 00000000 | 
7AD0 | 00000000 | 
7AD4 | 00000000 | 
7AD8 | 00000000 | 
7ADC | 00000000 | 
7AE0 | 00000000 | 
7AE4 | 00000000 | 
7AE8 | 00000000 | 
7AEC | 00000000 | 
7AF0 | 00000000 | 
7AF4 | 00000000 | 
7AF8 | 00000000 | 
7AFC | 00000000 | 
7B00 | 00000000 | 
7B04 | 00000000 | 
7B08 | 00000000 | 
7B0C | 00000000 | 
7B10 | 00000000 | 
7B14 | 00000000 | 
7B18 | 00000000 | 
7B1C | 00000000 | 
7B20 | 00000000 | 
7B24 | 00000000 | 
7B28 | 00000000 | 
7B2C | 00000000 | 
7B30 | 00000000 | 
7B34 | 00000000 | 
7B38 | 00000000 | 
7B3C | 00000000 | 
7B40 | 00000000 | 
7B44 | 00000000 | 
7B48 | 00000000 | 
7B4C | 00000000 | 
7B50 | 00000000 | 
7B54 | 00000000 | 
7B58 | 00000000 | 
7B5C | 00000000 | 
7B60 | 00000000 | 
7B64 | 00000000 | 
7B68 | 00000000 | 
7B6C | 00000000 | 
7B70 | 00000000 | 
7B74 | 00000000 | 
7B78 | 00000000 | 
7B7C | 00000000 | 
7B80 | 00000000 | 
7B84 | 00000000 | 
7B88 | 00000000 | 
7B8C | 00000000 | 
7B90 | 00000000 | 
7B94 | 00000000 | 
7B98 | 00000000 | 
7B9C | 00000000 | 
7BA0 | 00000000 | 
7BA4 | 00000000 | 
7BA8 | 00000000 | 
7BAC | 00000000 | 
7BB0 | 00000000 | 
7BB4 | 00000000 | 
7BB8 | 00000000 | 
7BBC | 00000000 | 
7BC0 | 00000000 | 
7BC4 | 00000000 | 
7BC8 | 00000000 | 
7BCC | 00000000 | 
7BD0 | 00000000 | 
7BD4 | 00000000 | 
7BD8 | 00000000 | 
7BDC | 00000000 | 
7BE0 | 00000000 | 
7BE4 | 00000000 | 
7BE8 | 00000000 | 
7BEC | 00000000 | 
7BF0 | 00000000 | 
7BF4 | 00000000 | 
7BF8 | 00000000 | 
7BFC | 00000000 | 
7C00 | 00000000 | 
7C04 | 00000000 | 
7C08 | 00000000 | 
7C0C | 00000000 | 
7C10 | 00000000 | 
7C14 | 00000000 | 
7C18 | 00000000 | 
7C1C | 00000000 | 
7C20 | 00000000 | 
7C24 | 00000000 | 
7C28 | 00000000 | 
7C2C | 00000000 | 
7C30 | 00000000 | 
7C34 | 00000000 | 
7C38 | 00000000 | 
7C3C | 00000000 | 
7C40 | 00000000 | 
7C44 | 00000000 | 
7C48 | 00000000 | 
7C4C | 00000000 | 
7C50 | 00000000 | 
7C54 | 00000000 | 
7C58 | 00000000 | 
7C5C | 00000000 | 
7C60 | 00000000 | 
7C64 | 00000000 | 
7C68 | 00000000 | 
7C6C | 00000000 | 
7C70 | 00000000 | 
7C74 | 00000000 | 
7C78 | 00000000 | 
7C7C | 00000000 | 
7C80 | 00000000 | 
7C84 | 00000000 | 
7C88 | 00000000 | 
7C8C | 00000000 | 
7C90 | 00000000 | 
7C94 | 00000000 | 
7C98 | 00000000 | 
7C9C | 00000000 | 
7CA0 | 00000000 | 
7CA4 | 00000000 | 
7CA8 | 00000000 | 
7CAC | 00000000 | 
7CB0 | 00000000 | 
7CB4 | 00000000 | 
7CB8 | 00000000 | 
7CBC | 00000000 | 
7CC0 | 00000000 | 
7CC4 | 00000000 | 
7CC8 | 00000000 | 
7CCC | 00000000 | 
7CD0 | 00000000 | 
7CD4 | 00000000 | 
7CD8 | 00000000 | 
7CDC | 00000000 | 
7CE0 | 00000000 | 
7CE4 | 00000000 | 
7CE8 | 00000000 | 
7CEC | 00000000 | 
7CF0 | 00000000 | 
7CF4 | 00000000 | 
7CF8 | 00000000 | 
7CFC | 00000000 | 
7D00 | 00000000 | 
7D04 | 00000000 | 
7D08 | 00000000 | 
7D0C | 00000000 | 
7D10 | 00000000 | 
7D14 | 00000000 | 
7D18 | 00000000 | 
7D1C | 00000000 | 
7D20 | 00000000 | 
7D24 | 00000000 | 
7D28 | 00000000 | 
7D2C | 00000000 | 
7D30 | 00000000 | 
7D34 | 00000000 | 
7D38 | 00000000 | 
7D3C | 00000000 | 
7D40 | 00000000 | 
7D44 | 00000000 | 
7D48 | 00000000 | 
7D4C | 00000000 | 
7D50 | 00000000 | 
7D54 | 00000000 | 
7D58 | 00000000 | 
7D5C | 00000000 | 
7D60 | 00000000 | 
7D64 | 00000000 | 
7D68 | 00000000 | 
7D6C | 00000000 | 
7D70 | 00000000 | 
7D74 | 00000000 | 
7D78 | 00000000 | 
7D7C | 00000000 | 
7D80 | 00000000 | 
7D84 | 00000000 | 
7D88 | 00000000 | 
7D8C | 00000000 | 
7D90 | 00000000 | 
7D94 | 00000000 | 
7D98 | 00000000 | 
7D9C | 00000000 | 
7DA0 | 00000000 | 
7DA4 | 00000000 | 
7DA8 | 00000000 | 
7DAC | 00000000 | 
7DB0 | 00000000 | 
7DB4 | 00000000 | 
7DB8 | 00000000 | 
7DBC | 00000000 | 
7DC0 | 00000000 | 
7DC4 | 00000000 | 
7DC8 | 00000000 | 
7DCC | 00000000 | 
7DD0 | 00000000 | 
7DD4 | 00000000 | 
7DD8 | 00000000 | 
7DDC | 00000000 | 
7DE0 | 00000000 | 
7DE4 | 00000000 | 
7DE8 | 00000000 | 
7DEC | 00000000 | 
7DF0 | 00000000 | 
7DF4 | 00000000 | 
7DF8 | 00000000 | 
7DFC | 00000000 | 
7E00 | 00000000 | 
7E04 | 00000000 | 
7E08 | 00000000 | 
7E0C | 00000000 | 
7E10 | 00000000 | 
7E14 | 00000000 | 
7E18 | 00000000 | 
7E1C | 00000000 | 
7E20 | 00000000 | 
7E24 | 00000000 | 
7E28 | 00000000 | 
7E2C | 00000000 | 
7E30 | 00000000 | 
7E34 | 00000000 | 
7E38 | 00000000 | 
7E3C | 00000000 | 
7E40 | 00000000 | 
7E44 | 00000000 | 
7E48 | 00000000 | 
7E4C | 00000000 | 
7E50 | 00000000 | 
7E54 | 00000000 | 
7E58 | 00000000 | 
7E5C | 00000000 | 
7E60 | 00000000 | 
7E64 | 00000000 | 
7E68 | 00000000 | 
7E6C | 00000000 | 
7E70 | 00000000 | 
7E74 | 00000000 | 
7E78 | 00000000 | 
7E7C | 00000000 | 
7E80 | 00000000 | 
7E84 | 00000000 | 
7E88 | 00000000 | 
7E8C | 00000000 | 
7E90 | 00000000 | 
7E94 | 00000000 | 
7E98 | 00000000 | 
7E9C | 00000000 | 
7EA0 | 00000000 | 
7EA4 | 00000000 | 
7EA8 | 00000000 | 
7EAC | 00000000 | 
7EB0 | 00000000 | 
7EB4 | 00000000 | 
7EB8 | 00000000 | 
7EBC | 00000000 | 
7EC0 | 00000000 | 
7EC4 | 00000000 | 
7EC8 | 00000000 | 
7ECC | 00000000 | 
7ED0 | 00000000 | 
7ED4 | 00000000 | 
7ED8 | 00000000 | 
7EDC | 00000000 | 
7EE0 | 00000000 | 
7EE4 | 00000000 | 
7EE8 | 00000000 | 
7EEC | 00000000 | 
7EF0 | 00000000 | 
7EF4 | 00000000 | 
7EF8 | 00000000 | 
7EFC | 00000000 | 
7F00 | 00000000 | 
7F04 | 00000000 | 
7F08 | 00000000 | 
7F0C | 00000000 | 
7F10 | 00000000 | 
7F14 | 00000000 | 
7F18 | 00000000 | 
7F1C | 00000000 | 
7F20 | 00000000 | 
7F24 | 00000000 | 
7F28 | 00000000 | 
7F2C | 00000000 | 
7F30 | 00000000 | 
7F34 | 00000000 | 
7F38 | 00000000 | 
7F3C | 00000000 | 
7F40 | 00000000 | 
7F44 | 00000000 | 
7F48 | 00000000 | 
7F4C | 00000000 | 
7F50 | 00000000 | 
7F54 | 00000000 | 
7F58 | 00000000 | 
7F5C | 00000000 | 
7F60 | 00000000 | 
7F64 | 00000000 | 
7F68 | 00000000 | 
7F6C | 00000000 | 
7F70 | 00000000 | 
7F74 | 00000000 | 
7F78 | 00000000 | 
7F7C | 00000000 | 
7F80 | 00000000 | 
7F84 | 00000000 | 
7F88 | 00000000 | 
7F8C | 00000000 | 
7F90 | 00000000 | 
7F94 | 00000000 | 
7F98 | 00000000 | 
7F9C | 00000000 | 
7FA0 | 00000000 | 
7FA4 | 00000000 | 
7FA8 | 00000000 | 
7FAC | 00000000 | 
7FB0 | 00000000 | 
7FB4 | 00000000 | 
7FB8 | 00000000 | 
7FBC | 00000000 | 
7FC0 | 00000000 | 
7FC4 | 00000000 | 
7FC8 | 00000000 | 
7FCC | 00000000 | 
7FD0 | 00000000 | 
7FD4 | 00000000 | 
7FD8 | 00000000 | 
7FDC | 00000000 | 
7FE0 | 00000000 | 
7FE4 | 00000000 | 
7FE8 | 00000000 | 
7FEC | 00000000 | 
7FF0 | 00000000 | 
7FF4 | 00000000 | 
7FF8 | 00000000 | 
7FFC | 00000000 | 
8000 | 00000000 | 
8004 | 00000000 | 
8008 | 00000000 | 
800C | 00000000 | 
8010 | 00000000 | 
8014 | 00000000 | 
8018 | 00000000 | 
801C | 00000000 | 
8020 | 00000000 | 
8024 | 00000000 | 
8028 | 00000000 | 
802C | 00000000 | 
8030 | 00000000 | 
8034 | 00000000 | 
8038 | 00000000 | 
803C | 00000000 | 
8040 | 00000000 | 
8044 | 00000000 | 
8048 | 00000000 | 
804C | 00000000 | 
8050 | 00000000 | 
8054 | 00000000 | 
8058 | 00000000 | 
805C | 00000000 | 
8060 | 00000000 | 
8064 | 00000000 | 
8068 | 00000000 | 
806C | 00000000 | 
8070 | 00000000 | 
8074 | 00000000 | 
8078 | 00000000 | 
807C | 00000000 | 
8080 | 00000000 | 
8084 | 00000000 | 
8088 | 00000000 | 
808C | 00000000 | 
8090 | 00000000 | 
8094 | 00000000 | 
8098 | 00000000 | 
809C | 00000000 | 
80A0 | 00000000 | 
80A4 | 00000000 | 
80A8 | 00000000 | 
80AC | 00000000 | 
80B0 | 00000000 | 
80B4 | 00000000 | 
80B8 | 00000000 | 
80BC | 00000000 | 
80C0 | 00000000 | 
80C4 | 00000000 | 
80C8 | 00000000 | 
80CC | 00000000 | 
80D0 | 00000000 | 
80D4 | 00000000 | 
80D8 | 00000000 | 
80DC | 00000000 | 
80E0 | 00000000 | 
80E4 | 00000000 | 
80E8 | 00000000 | 
80EC | 00000000 | 
80F0 | 00000000 | 
80F4 | 00000000 | 
80F8 | 00000000 | 
80FC | 00000000 | 
8100 | 00000000 | 
8104 | 00000000 | 
8108 | 00000000 | 
810C | 00000000 | 
8110 | 00000000 | 
8114 | 00000000 | 
8118 | 00000000 | 
811C | 00000000 | 
8120 | 00000000 | 
8124 | 00000000 | 
8128 | 00000000 | 
812C | 00000000 | 
8130 | 00000000 | 
8134 | 00000000 | 
8138 | 00000000 | 
813C | 00000000 | 
8140 | 00000000 | 
8144 | 00000000 | 
8148 | 00000000 | 
814C | 00000000 | 
8150 | 00000000 | 
8154 | 00000000 | 
8158 | 00000000 | 
815C | 00000000 | 
8160 | 00000000 | 
8164 | 00000000 | 
8168 | 00000000 | 
816C | 00000000 | 
8170 | 00000000 | 
8174 | 00000000 | 
8178 | 00000000 | 
817C | 00000000 | 
8180 | 00000000 | 
8184 | 00000000 | 
8188 | 00000000 | 
818C | 00000000 | 
8190 | 00000000 | 
8194 | 00000000 | 
8198 | 00000000 | 
819C | 00000000 | 
81A0 | 00000000 | 
81A4 | 00000000 | 
81A8 | 00000000 | 
81AC | 00000000 | 
81B0 | 00000000 | 
81B4 | 00000000 | 
81B8 | 00000000 | 
81BC | 00000000 | 
81C0 | 00000000 | 
81C4 | 00000000 | 
81C8 | 00000000 | 
81CC | 00000000 | 
81D0 | 00000000 | 
81D4 | 00000000 | 
81D8 | 00000000 | 
81DC | 00000000 | 
81E0 | 00000000 | 
81E4 | 00000000 | 
81E8 | 00000000 | 
81EC | 00000000 | 
81F0 | 00000000 | 
81F4 | 00000000 | 
81F8 | 00000000 | 
81FC | 00000000 | 
8200 | 00000000 | 
8204 | 00000000 | 
8208 | 00000000 | 
820C | 00000000 | 
8210 | 00000000 | 
8214 | 00000000 | 
8218 | 00000000 | 
821C | 00000000 | 
8220 | 00000000 | 
8224 | 00000000 | 
8228 | 00000000 | 
822C | 00000000 | 
8230 | 00000000 | 
8234 | 00000000 | 
8238 | 00000000 | 
823C | 00000000 | 
8240 | 00000000 | 
8244 | 00000000 | 
8248 | 00000000 | 
824C | 00000000 | 
8250 | 00000000 | 
8254 | 00000000 | 
8258 | 00000000 | 
825C | 00000000 | 
8260 | 00000000 | 
8264 | 00000000 | 
8268 | 00000000 | 
826C | 00000000 | 
8270 | 00000000 | 
8274 | 00000000 | 
8278 | 00000000 | 
827C | 00000000 | 
8280 | 00000000 | 
8284 | 00000000 | 
8288 | 00000000 | 
828C | 00000000 | 
8290 | 00000000 | 
8294 | 00000000 | 
8298 | 00000000 | 
829C | 00000000 | 
82A0 | 00000000 | 
82A4 | 00000000 | 
82A8 | 00000000 | 
82AC | 00000000 | 
82B0 | 00000000 | 
82B4 | 00000000 | 
82B8 | 00000000 | 
82BC | 00000000 | 
82C0 | 00000000 | 
82C4 | 00000000 | 
82C8 | 00000000 | 
82CC | 00000000 | 
82D0 | 00000000 | 
82D4 | 00000000 | 
82D8 | 00000000 | 
82DC | 00000000 | 
82E0 | 00000000 | 
82E4 | 00000000 | 
82E8 | 00000000 | 
82EC | 00000000 | 
82F0 | 00000000 | 
82F4 | 00000000 | 
82F8 | 00000000 | 
82FC | 00000000 | 
8300 | 00000000 | 
8304 | 00000000 | 
8308 | 00000000 | 
830C | 00000000 | 
8310 | 00000000 | 
8314 | 00000000 | 
8318 | 00000000 | 
831C | 00000000 | 
8320 | 00000000 | 
8324 | 00000000 | 
8328 | 00000000 | 
832C | 00000000 | 
8330 | 00000000 | 
8334 | 00000000 | 
8338 | 00000000 | 
833C | 00000000 | 
8340 | 00000000 | 
8344 | 00000000 | 
8348 | 00000000 | 
834C | 00000000 | 
8350 | 00000000 | 
8354 | 00000000 | 
8358 | 00000000 | 
835C | 00000000 | 
8360 | 00000000 | 
8364 | 00000000 | 
8368 | 00000000 | 
836C | 00000000 | 
8370 | 00000000 | 
8374 | 00000000 | 
8378 | 00000000 | 
837C | 00000000 | 
8380 | 00000000 | 
8384 | 00000000 | 
8388 | 00000000 | 
838C | 00000000 | 
8390 | 00000000 | 
8394 | 00000000 | 
8398 | 00000000 | 
839C | 00000000 | 
83A0 | 00000000 | 
83A4 | 00000000 | 
83A8 | 00000000 | 
83AC | 00000000 | 
83B0 | 00000000 | 
83B4 | 00000000 | 
83B8 | 00000000 | 
83BC | 00000000 | 
83C0 | 00000000 | 
83C4 | 00000000 | 
83C8 | 00000000 | 
83CC | 00000000 | 
83D0 | 00000000 | 
83D4 | 00000000 | 
83D8 | 00000000 | 
83DC | 00000000 | 
83E0 | 00000000 | 
83E4 | 00000000 | 
83E8 | 00000000 | 
83EC | 00000000 | 
83F0 | 00000000 | 
83F4 | 00000000 | 
83F8 | 00000000 | 
83FC | 00000000 | 
8400 | 00000000 | 
8404 | 00000000 | 
8408 | 00000000 | 
840C | 00000000 | 
8410 | 00000000 | 
8414 | 00000000 | 
8418 | 00000000 | 
841C | 00000000 | 
8420 | 00000000 | 
8424 | 00000000 | 
8428 | 00000000 | 
842C | 00000000 | 
8430 | 00000000 | 
8434 | 00000000 | 
8438 | 00000000 | 
843C | 00000000 | 
8440 | 00000000 | 
8444 | 00000000 | 
8448 | 00000000 | 
844C | 00000000 | 
8450 | 00000000 | 
8454 | 00000000 | 
8458 | 00000000 | 
845C | 00000000 | 
8460 | 00000000 | 
8464 | 00000000 | 
8468 | 00000000 | 
846C | 00000000 | 
8470 | 00000000 | 
8474 | 00000000 | 
8478 | 00000000 | 
847C | 00000000 | 
8480 | 00000000 | 
8484 | 00000000 | 
8488 | 00000000 | 
848C | 00000000 | 
8490 | 00000000 | 
8494 | 00000000 | 
8498 | 00000000 | 
849C | 00000000 | 
84A0 | 00000000 | 
84A4 | 00000000 | 
84A8 | 00000000 | 
84AC | 00000000 | 
84B0 | 00000000 | 
84B4 | 00000000 | 
84B8 | 00000000 | 
84BC | 00000000 | 
84C0 | 00000000 | 
84C4 | 00000000 | 
84C8 | 00000000 | 
84CC | 00000000 | 
84D0 | 00000000 | 
84D4 | 00000000 | 
84D8 | 00000000 | 
84DC | 00000000 | 
84E0 | 00000000 | 
84E4 | 00000000 | 
84E8 | 00000000 | 
84EC | 00000000 | 
84F0 | 00000000 | 
84F4 | 00000000 | 
84F8 | 00000000 | 
84FC | 00000000 | 
8500 | 00000000 | 
8504 | 00000000 | 
8508 | 00000000 | 
850C | 00000000 | 
8510 | 00000000 | 
8514 | 00000000 | 
8518 | 00000000 | 
851C | 00000000 | 
8520 | 00000000 | 
8524 | 00000000 | 
8528 | 00000000 | 
852C | 00000000 | 
8530 | 00000000 | 
8534 | 00000000 | 
8538 | 00000000 | 
853C | 00000000 | 
8540 | 00000000 | 
8544 | 00000000 | 
8548 | 00000000 | 
854C | 00000000 | 
8550 | 00000000 | 
8554 | 00000000 | 
8558 | 00000000 | 
855C | 00000000 | 
8560 | 00000000 | 
8564 | 00000000 | 
8568 | 00000000 | 
856C | 00000000 | 
8570 | 00000000 | 
8574 | 00000000 | 
8578 | 00000000 | 
857C | 00000000 | 
8580 | 00000000 | 
8584 | 00000000 | 
8588 | 00000000 | 
858C | 00000000 | 
8590 | 00000000 | 
8594 | 00000000 | 
8598 | 00000000 | 
859C | 00000000 | 
85A0 | 00000000 | 
85A4 | 00000000 | 
85A8 | 00000000 | 
85AC | 00000000 | 
85B0 | 00000000 | 
85B4 | 00000000 | 
85B8 | 00000000 | 
85BC | 00000000 | 
85C0 | 00000000 | 
85C4 | 00000000 | 
85C8 | 00000000 | 
85CC | 00000000 | 
85D0 | 00000000 | 
85D4 | 00000000 | 
85D8 | 00000000 | 
85DC | 00000000 | 
85E0 | 00000000 | 
85E4 | 00000000 | 
85E8 | 00000000 | 
85EC | 00000000 | 
85F0 | 00000000 | 
85F4 | 00000000 | 
85F8 | 00000000 | 
85FC | 00000000 | 
8600 | 00000000 | 
8604 | 00000000 | 
8608 | 00000000 | 
860C | 00000000 | 
8610 | 00000000 | 
8614 | 00000000 | 
8618 | 00000000 | 
861C | 00000000 | 
8620 | 00000000 | 
8624 | 00000000 | 
8628 | 00000000 | 
862C | 00000000 | 
8630 | 00000000 | 
8634 | 00000000 | 
8638 | 00000000 | 
863C | 00000000 | 
8640 | 00000000 | 
8644 | 00000000 | 
8648 | 00000000 | 
864C | 00000000 | 
8650 | 00000000 | 
8654 | 00000000 | 
8658 | 00000000 | 
865C | 00000000 | 
8660 | 00000000 | 
8664 | 00000000 | 
8668 | 00000000 | 
866C | 00000000 | 
8670 | 00000000 | 
8674 | 00000000 | 
8678 | 00000000 | 
867C | 00000000 | 
8680 | 00000000 | 
8684 | 00000000 | 
8688 | 00000000 | 
868C | 00000000 | 
8690 | 00000000 | 
8694 | 00000000 | 
8698 | 00000000 | 
869C | 00000000 | 
86A0 | 00000000 | 
86A4 | 00000000 | 
86A8 | 00000000 | 
86AC | 00000000 | 
86B0 | 00000000 | 
86B4 | 00000000 | 
86B8 | 00000000 | 
86BC | 00000000 | 
86C0 | 00000000 | 
86C4 | 00000000 | 
86C8 | 00000000 | 
86CC | 00000000 | 
86D0 | 00000000 | 
86D4 | 00000000 | 
86D8 | 00000000 | 
86DC | 00000000 | 
86E0 | 00000000 | 
86E4 | 00000000 | 
86E8 | 00000000 | 
86EC | 00000000 | 
86F0 | 00000000 | 
86F4 | 00000000 | 
86F8 | 00000000 | 
86FC | 00000000 | 
8700 | 00000000 | 
8704 | 00000000 | 
8708 | 00000000 | 
870C | 00000000 | 
8710 | 00000000 | 
8714 | 00000000 | 
8718 | 00000000 | 
871C | 00000000 | 
8720 | 00000000 | 
8724 | 00000000 | 
8728 | 00000000 | 
872C | 00000000 | 
8730 | 00000000 | 
8734 | 00000000 | 
8738 | 00000000 | 
873C | 00000000 | 
8740 | 00000000 | 
8744 | 00000000 | 
8748 | 00000000 | 
874C | 00000000 | 
8750 | 00000000 | 
8754 | 00000000 | 
8758 | 00000000 | 
875C | 00000000 | 
8760 | 00000000 | 
8764 | 00000000 | 
8768 | 00000000 | 
876C | 00000000 | 
8770 | 00000000 | 
8774 | 00000000 | 
8778 | 00000000 | 
877C | 00000000 | 
8780 | 00000000 | 
8784 | 00000000 | 
8788 | 00000000 | 
878C | 00000000 | 
8790 | 00000000 | 
8794 | 00000000 | 
8798 | 00000000 | 
879C | 00000000 | 
87A0 | 00000000 | 
87A4 | 00000000 | 
87A8 | 00000000 | 
87AC | 00000000 | 
87B0 | 00000000 | 
87B4 | 00000000 | 
87B8 | 00000000 | 
87BC | 00000000 | 
87C0 | 00000000 | 
87C4 | 00000000 | 
87C8 | 00000000 | 
87CC | 00000000 | 
87D0 | 00000000 | 
87D4 | 00000000 | 
87D8 | 00000000 | 
87DC | 00000000 | 
87E0 | 00000000 | 
87E4 | 00000000 | 
87E8 | 00000000 | 
87EC | 00000000 | 
87F0 | 00000000 | 
87F4 | 00000000 | 
87F8 | 00000000 | 
87FC | 00000000 | 
8800 | 00000000 | 
8804 | 00000000 | 
8808 | 00000000 | 
880C | 00000000 | 
8810 | 00000000 | 
8814 | 00000000 | 
8818 | 00000000 | 
881C | 00000000 | 
8820 | 00000000 | 
8824 | 00000000 | 
8828 | 00000000 | 
882C | 00000000 | 
8830 | 00000000 | 
8834 | 00000000 | 
8838 | 00000000 | 
883C | 00000000 | 
8840 | 00000000 | 
8844 | 00000000 | 
8848 | 00000000 | 
884C | 00000000 | 
8850 | 00000000 | 
8854 | 00000000 | 
8858 | 00000000 | 
885C | 00000000 | 
8860 | 00000000 | 
8864 | 00000000 | 
8868 | 00000000 | 
886C | 00000000 | 
8870 | 00000000 | 
8874 | 00000000 | 
8878 | 00000000 | 
887C | 00000000 | 
8880 | 00000000 | 
8884 | 00000000 | 
8888 | 00000000 | 
888C | 00000000 | 
8890 | 00000000 | 
8894 | 00000000 | 
8898 | 00000000 | 
889C | 00000000 | 
88A0 | 00000000 | 
88A4 | 00000000 | 
88A8 | 00000000 | 
88AC | 00000000 | 
88B0 | 00000000 | 
88B4 | 00000000 | 
88B8 | 00000000 | 
88BC | 00000000 | 
88C0 | 00000000 | 
88C4 | 00000000 | 
88C8 | 00000000 | 
88CC | 00000000 | 
88D0 | 00000000 | 
88D4 | 00000000 | 
88D8 | 00000000 | 
88DC | 00000000 | 
88E0 | 00000000 | 
88E4 | 00000000 | 
88E8 | 00000000 | 
88EC | 00000000 | 
88F0 | 00000000 | 
88F4 | 00000000 | 
88F8 | 00000000 | 
88FC | 00000000 | 
8900 | 00000000 | 
8904 | 00000000 | 
8908 | 00000000 | 
890C | 00000000 | 
8910 | 00000000 | 
8914 | 00000000 | 
8918 | 00000000 | 
891C | 00000000 | 
8920 | 00000000 | 
8924 | 00000000 | 
8928 | 00000000 | 
892C | 00000000 | 
8930 | 00000000 | 
8934 | 00000000 | 
8938 | 00000000 | 
893C | 00000000 | 
8940 | 00000000 | 
8944 | 00000000 | 
8948 | 00000000 | 
894C | 00000000 | 
8950 | 00000000 | 
8954 | 00000000 | 
8958 | 00000000 | 
895C | 00000000 | 
8960 | 00000000 | 
8964 | 00000000 | 
8968 | 00000000 | 
896C | 00000000 | 
8970 | 00000000 | 
8974 | 00000000 | 
8978 | 00000000 | 
897C | 00000000 | 
8980 | 00000000 | 
8984 | 00000000 | 
8988 | 00000000 | 
898C | 00000000 | 
8990 | 00000000 | 
8994 | 00000000 | 
8998 | 00000000 | 
899C | 00000000 | 
89A0 | 00000000 | 
89A4 | 00000000 | 
89A8 | 00000000 | 
89AC | 00000000 | 
89B0 | 00000000 | 
89B4 | 00000000 | 
89B8 | 00000000 | 
89BC | 00000000 | 
89C0 | 00000000 | 
89C4 | 00000000 | 
89C8 | 00000000 | 
89CC | 00000000 | 
89D0 | 00000000 | 
89D4 | 00000000 | 
89D8 | 00000000 | 
89DC | 00000000 | 
89E0 | 00000000 | 
89E4 | 00000000 | 
89E8 | 00000000 | 
89EC | 00000000 | 
89F0 | 00000000 | 
89F4 | 00000000 | 
89F8 | 00000000 | 
89FC | 00000000 | 
8A00 | 00000000 | 
8A04 | 00000000 | 
8A08 | 00000000 | 
8A0C | 00000000 | 
8A10 | 00000000 | 
8A14 | 00000000 | 
8A18 | 00000000 | 
8A1C | 00000000 | 
8A20 | 00000000 | 
8A24 | 00000000 | 
8A28 | 00000000 | 
8A2C | 00000000 | 
8A30 | 00000000 | 
8A34 | 00000000 | 
8A38 | 00000000 | 
8A3C | 00000000 | 
8A40 | 00000000 | 
8A44 | 00000000 | 
8A48 | 00000000 | 
8A4C | 00000000 | 
8A50 | 00000000 | 
8A54 | 00000000 | 
8A58 | 00000000 | 
8A5C | 00000000 | 
8A60 | 00000000 | 
8A64 | 00000000 | 
8A68 | 00000000 | 
8A6C | 00000000 | 
8A70 | 00000000 | 
8A74 | 00000000 | 
8A78 | 00000000 | 
8A7C | 00000000 | 
8A80 | 00000000 | 
8A84 | 00000000 | 
8A88 | 00000000 | 
8A8C | 00000000 | 
8A90 | 00000000 | 
8A94 | 00000000 | 
8A98 | 00000000 | 
8A9C | 00000000 | 
8AA0 | 00000000 | 
8AA4 | 00000000 | 
8AA8 | 00000000 | 
8AAC | 00000000 | 
8AB0 | 00000000 | 
8AB4 | 00000000 | 
8AB8 | 00000000 | 
8ABC | 00000000 | 
8AC0 | 00000000 | 
8AC4 | 00000000 | 
8AC8 | 00000000 | 
8ACC | 00000000 | 
8AD0 | 00000000 | 
8AD4 | 00000000 | 
8AD8 | 00000000 | 
8ADC | 00000000 | 
8AE0 | 00000000 | 
8AE4 | 00000000 | 
8AE8 | 00000000 | 
8AEC | 00000000 | 
8AF0 | 00000000 | 
8AF4 | 00000000 | 
8AF8 | 00000000 | 
8AFC | 00000000 | 
8B00 | 00000000 | 
8B04 | 00000000 | 
8B08 | 00000000 | 
8B0C | 00000000 | 
8B10 | 00000000 | 
8B14 | 00000000 | 
8B18 | 00000000 | 
8B1C | 00000000 | 
8B20 | 00000000 | 
8B24 | 00000000 | 
8B28 | 00000000 | 
8B2C | 00000000 | 
8B30 | 00000000 | 
8B34 | 00000000 | 
8B38 | 00000000 | 
8B3C | 00000000 | 
8B40 | 00000000 | 
8B44 | 00000000 | 
8B48 | 00000000 | 
8B4C | 00000000 | 
8B50 | 00000000 | 
8B54 | 00000000 | 
8B58 | 00000000 | 
8B5C | 00000000 | 
8B60 | 00000000 | 
8B64 | 00000000 | 
8B68 | 00000000 | 
8B6C | 00000000 | 
8B70 | 00000000 | 
8B74 | 00000000 | 
8B78 | 00000000 | 
8B7C | 00000000 | 
8B80 | 00000000 | 
8B84 | 00000000 | 
8B88 | 00000000 | 
8B8C | 00000000 | 
8B90 | 00000000 | 
8B94 | 00000000 | 
8B98 | 00000000 | 
8B9C | 00000000 | 
8BA0 | 00000000 | 
8BA4 | 00000000 | 
8BA8 | 00000000 | 
8BAC | 00000000 | 
8BB0 | 00000000 | 
8BB4 | 00000000 | 
8BB8 | 00000000 | 
8BBC | 00000000 | 
8BC0 | 00000000 | 
8BC4 | 00000000 | 
8BC8 | 00000000 | 
8BCC | 00000000 | 
8BD0 | 00000000 | 
8BD4 | 00000000 | 
8BD8 | 00000000 | 
8BDC | 00000000 | 
8BE0 | 00000000 | 
8BE4 | 00000000 | 
8BE8 | 00000000 | 
8BEC | 00000000 | 
8BF0 | 00000000 | 
8BF4 | 00000000 | 
8BF8 | 00000000 | 
8BFC | 00000000 | 
8C00 | 00000000 | 
8C04 | 00000000 | 
8C08 | 00000000 | 
8C0C | 00000000 | 
8C10 | 00000000 | 
8C14 | 00000000 | 
8C18 | 00000000 | 
8C1C | 00000000 | 
8C20 | 00000000 | 
8C24 | 00000000 | 
8C28 | 00000000 | 
8C2C | 00000000 | 
8C30 | 00000000 | 
8C34 | 00000000 | 
8C38 | 00000000 | 
8C3C | 00000000 | 
8C40 | 00000000 | 
8C44 | 00000000 | 
8C48 | 00000000 | 
8C4C | 00000000 | 
8C50 | 00000000 | 
8C54 | 00000000 | 
8C58 | 00000000 | 
8C5C | 00000000 | 
8C60 | 00000000 | 
8C64 | 00000000 | 
8C68 | 00000000 | 
8C6C | 00000000 | 
8C70 | 00000000 | 
8C74 | 00000000 | 
8C78 | 00000000 | 
8C7C | 00000000 | 
8C80 | 00000000 | 
8C84 | 00000000 | 
8C88 | 00000000 | 
8C8C | 00000000 | 
8C90 | 00000000 | 
8C94 | 00000000 | 
8C98 | 00000000 | 
8C9C | 00000000 | 
8CA0 | 00000000 | 
8CA4 | 00000000 | 
8CA8 | 00000000 | 
8CAC | 00000000 | 
8CB0 | 00000000 | 
8CB4 | 00000000 | 
8CB8 | 00000000 | 
8CBC | 00000000 | 
8CC0 | 00000000 | 
8CC4 | 00000000 | 
8CC8 | 00000000 | 
8CCC | 00000000 | 
8CD0 | 00000000 | 
8CD4 | 00000000 | 
8CD8 | 00000000 | 
8CDC | 00000000 | 
8CE0 | 00000000 | 
8CE4 | 00000000 | 
8CE8 | 00000000 | 
8CEC | 00000000 | 
8CF0 | 00000000 | 
8CF4 | 00000000 | 
8CF8 | 00000000 | 
8CFC | 00000000 | 
8D00 | 00000000 | 
8D04 | 00000000 | 
8D08 | 00000000 | 
8D0C | 00000000 | 
8D10 | 00000000 | 
8D14 | 00000000 | 
8D18 | 00000000 | 
8D1C | 00000000 | 
8D20 | 00000000 | 
8D24 | 00000000 | 
8D28 | 00000000 | 
8D2C | 00000000 | 
8D30 | 00000000 | 
8D34 | 00000000 | 
8D38 | 00000000 | 
8D3C | 00000000 | 
8D40 | 00000000 | 
8D44 | 00000000 | 
8D48 | 00000000 | 
8D4C | 00000000 | 
8D50 | 00000000 | 
8D54 | 00000000 | 
8D58 | 00000000 | 
8D5C | 00000000 | 
8D60 | 00000000 | 
8D64 | 00000000 | 
8D68 | 00000000 | 
8D6C | 00000000 | 
8D70 | 00000000 | 
8D74 | 00000000 | 
8D78 | 00000000 | 
8D7C | 00000000 | 
8D80 | 00000000 | 
8D84 | 00000000 | 
8D88 | 00000000 | 
8D8C | 00000000 | 
8D90 | 00000000 | 
8D94 | 00000000 | 
8D98 | 00000000 | 
8D9C | 00000000 | 
8DA0 | 00000000 | 
8DA4 | 00000000 | 
8DA8 | 00000000 | 
8DAC | 00000000 | 
8DB0 | 00000000 | 
8DB4 | 00000000 | 
8DB8 | 00000000 | 
8DBC | 00000000 | 
8DC0 | 00000000 | 
8DC4 | 00000000 | 
8DC8 | 00000000 | 
8DCC | 00000000 | 
8DD0 | 00000000 | 
8DD4 | 00000000 | 
8DD8 | 00000000 | 
8DDC | 00000000 | 
8DE0 | 00000000 | 
8DE4 | 00000000 | 
8DE8 | 00000000 | 
8DEC | 00000000 | 
8DF0 | 00000000 | 
8DF4 | 00000000 | 
8DF8 | 00000000 | 
8DFC | 00000000 | 
8E00 | 00000000 | 
8E04 | 00000000 | 
8E08 | 00000000 | 
8E0C | 00000000 | 
8E10 | 00000000 | 
8E14 | 00000000 | 
8E18 | 00000000 | 
8E1C | 00000000 | 
8E20 | 00000000 | 
8E24 | 00000000 | 
8E28 | 00000000 | 
8E2C | 00000000 | 
8E30 | 00000000 | 
8E34 | 00000000 | 
8E38 | 00000000 | 
8E3C | 00000000 | 
8E40 | 00000000 | 
8E44 | 00000000 | 
8E48 | 00000000 | 
8E4C | 00000000 | 
8E50 | 00000000 | 
8E54 | 00000000 | 
8E58 | 00000000 | 
8E5C | 00000000 | 
8E60 | 00000000 | 
8E64 | 00000000 | 
8E68 | 00000000 | 
8E6C | 00000000 | 
8E70 | 00000000 | 
8E74 | 00000000 | 
8E78 | 00000000 | 
8E7C | 00000000 | 
8E80 | 00000000 | 
8E84 | 00000000 | 
8E88 | 00000000 | 
8E8C | 00000000 | 
8E90 | 00000000 | 
8E94 | 00000000 | 
8E98 | 00000000 | 
8E9C | 00000000 | 
8EA0 | 00000000 | 
8EA4 | 00000000 | 
8EA8 | 00000000 | 
8EAC | 00000000 | 
8EB0 | 00000000 | 
8EB4 | 00000000 | 
8EB8 | 00000000 | 
8EBC | 00000000 | 
8EC0 | 00000000 | 
8EC4 | 00000000 | 
8EC8 | 00000000 | 
8ECC | 00000000 | 
8ED0 | 00000000 | 
8ED4 | 00000000 | 
8ED8 | 00000000 | 
8EDC | 00000000 | 
8EE0 | 00000000 | 
8EE4 | 00000000 | 
8EE8 | 00000000 | 
8EEC | 00000000 | 
8EF0 | 00000000 | 
8EF4 | 00000000 | 
8EF8 | 00000000 | 
8EFC | 00000000 | 
8F00 | 00000000 | 
8F04 | 00000000 | 
8F08 | 00000000 | 
8F0C | 00000000 | 
8F10 | 00000000 | 
8F14 | 00000000 | 
8F18 | 00000000 | 
8F1C | 00000000 | 
8F20 | 00000000 | 
8F24 | 00000000 | 
8F28 | 00000000 | 
8F2C | 00000000 | 
8F30 | 00000000 | 
8F34 | 00000000 | 
8F38 | 00000000 | 
8F3C | 00000000 | 
8F40 | 00000000 | 
8F44 | 00000000 | 
8F48 | 00000000 | 
8F4C | 00000000 | 
8F50 | 00000000 | 
8F54 | 00000000 | 
8F58 | 00000000 | 
8F5C | 00000000 | 
8F60 | 00000000 | 
8F64 | 00000000 | 
8F68 | 00000000 | 
8F6C | 00000000 | 
8F70 | 00000000 | 
8F74 | 00000000 | 
8F78 | 00000000 | 
8F7C | 00000000 | 
8F80 | 00000000 | 
8F84 | 00000000 | 
8F88 | 00000000 | 
8F8C | 00000000 | 
8F90 | 00000000 | 
8F94 | 00000000 | 
8F98 | 00000000 | 
8F9C | 00000000 | 
8FA0 | 00000000 | 
8FA4 | 00000000 | 
8FA8 | 00000000 | 
8FAC | 00000000 | 
8FB0 | 00000000 | 
8FB4 | 00000000 | 
8FB8 | 00000000 | 
8FBC | 00000000 | 
8FC0 | 00000000 | 
8FC4 | 00000000 | 
8FC8 | 00000000 | 
8FCC | 00000000 | 
8FD0 | 00000000 | 
8FD4 | 00000000 | 
8FD8 | 00000000 | 
8FDC | 00000000 | 
8FE0 | 00000000 | 
8FE4 | 00000000 | 
8FE8 | 00000000 | 
8FEC | 00000000 | 
8FF0 | 00000000 | 
8FF4 | 00000000 | 
8FF8 | 00000000 | 
8FFC | 00000000 | 
9000 | 00000000 | 
9004 | 00000000 | 
9008 | 00000000 | 
900C | 00000000 | 
9010 | 00000000 | 
9014 | 00000000 | 
9018 | 00000000 | 
901C | 00000000 | 
9020 | 00000000 | 
9024 | 00000000 | 
9028 | 00000000 | 
902C | 00000000 | 
9030 | 00000000 | 
9034 | 00000000 | 
9038 | 00000000 | 
903C | 00000000 | 
9040 | 00000000 | 
9044 | 00000000 | 
9048 | 00000000 | 
904C | 00000000 | 
9050 | 00000000 | 
9054 | 00000000 | 
9058 | 00000000 | 
905C | 00000000 | 
9060 | 00000000 | 
9064 | 00000000 | 
9068 | 00000000 | 
906C | 00000000 | 
9070 | 00000000 | 
9074 | 00000000 | 
9078 | 00000000 | 
907C | 00000000 | 
9080 | 00000000 | 
9084 | 00000000 | 
9088 | 00000000 | 
908C | 00000000 | 
9090 | 00000000 | 
9094 | 00000000 | 
9098 | 00000000 | 
909C | 00000000 | 
90A0 | 00000000 | 
90A4 | 00000000 | 
90A8 | 00000000 | 
90AC | 00000000 | 
90B0 | 00000000 | 
90B4 | 00000000 | 
90B8 | 00000000 | 
90BC | 00000000 | 
90C0 | 00000000 | 
90C4 | 00000000 | 
90C8 | 00000000 | 
90CC | 00000000 | 
90D0 | 00000000 | 
90D4 | 00000000 | 
90D8 | 00000000 | 
90DC | 00000000 | 
90E0 | 00000000 | 
90E4 | 00000000 | 
90E8 | 00000000 | 
90EC | 00000000 | 
90F0 | 00000000 | 
90F4 | 00000000 | 
90F8 | 00000000 | 
90FC | 00000000 | 
9100 | 00000000 | 
9104 | 00000000 | 
9108 | 00000000 | 
910C | 00000000 | 
9110 | 00000000 | 
9114 | 00000000 | 
9118 | 00000000 | 
911C | 00000000 | 
9120 | 00000000 | 
9124 | 00000000 | 
9128 | 00000000 | 
912C | 00000000 | 
9130 | 00000000 | 
9134 | 00000000 | 
9138 | 00000000 | 
913C | 00000000 | 
9140 | 00000000 | 
9144 | 00000000 | 
9148 | 00000000 | 
914C | 00000000 | 
9150 | 00000000 | 
9154 | 00000000 | 
9158 | 00000000 | 
915C | 00000000 | 
9160 | 00000000 | 
9164 | 00000000 | 
9168 | 00000000 | 
916C | 00000000 | 
9170 | 00000000 | 
9174 | 00000000 | 
9178 | 00000000 | 
917C | 00000000 | 
9180 | 00000000 | 
9184 | 00000000 | 
9188 | 00000000 | 
918C | 00000000 | 
9190 | 00000000 | 
9194 | 00000000 | 
9198 | 00000000 | 
919C | 00000000 | 
91A0 | 00000000 | 
91A4 | 00000000 | 
91A8 | 00000000 | 
91AC | 00000000 | 
91B0 | 00000000 | 
91B4 | 00000000 | 
91B8 | 00000000 | 
91BC | 00000000 | 
91C0 | 00000000 | 
91C4 | 00000000 | 
91C8 | 00000000 | 
91CC | 00000000 | 
91D0 | 00000000 | 
91D4 | 00000000 | 
91D8 | 00000000 | 
91DC | 00000000 | 
91E0 | 00000000 | 
91E4 | 00000000 | 
91E8 | 00000000 | 
91EC | 00000000 | 
91F0 | 00000000 | 
91F4 | 00000000 | 
91F8 | 00000000 | 
91FC | 00000000 | 
9200 | 00000000 | 
9204 | 00000000 | 
9208 | 00000000 | 
920C | 00000000 | 
9210 | 00000000 | 
9214 | 00000000 | 
9218 | 00000000 | 
921C | 00000000 | 
9220 | 00000000 | 
9224 | 00000000 | 
9228 | 00000000 | 
922C | 00000000 | 
9230 | 00000000 | 
9234 | 00000000 | 
9238 | 00000000 | 
923C | 00000000 | 
9240 | 00000000 | 
9244 | 00000000 | 
9248 | 00000000 | 
924C | 00000000 | 
9250 | 00000000 | 
9254 | 00000000 | 
9258 | 00000000 | 
925C | 00000000 | 
9260 | 00000000 | 
9264 | 00000000 | 
9268 | 00000000 | 
926C | 00000000 | 
9270 | 00000000 | 
9274 | 00000000 | 
9278 | 00000000 | 
927C | 00000000 | 
9280 | 00000000 | 
9284 | 00000000 | 
9288 | 00000000 | 
928C | 00000000 | 
9290 | 00000000 | 
9294 | 00000000 | 
9298 | 00000000 | 
929C | 00000000 | 
92A0 | 00000000 | 
92A4 | 00000000 | 
92A8 | 00000000 | 
92AC | 00000000 | 
92B0 | 00000000 | 
92B4 | 00000000 | 
92B8 | 00000000 | 
92BC | 00000000 | 
92C0 | 00000000 | 
92C4 | 00000000 | 
92C8 | 00000000 | 
92CC | 00000000 | 
92D0 | 00000000 | 
92D4 | 00000000 | 
92D8 | 00000000 | 
92DC | 00000000 | 
92E0 | 00000000 | 
92E4 | 00000000 | 
92E8 | 00000000 | 
92EC | 00000000 | 
92F0 | 00000000 | 
92F4 | 00000000 | 
92F8 | 00000000 | 
92FC | 00000000 | 
9300 | 00000000 | 
9304 | 00000000 | 
9308 | 00000000 | 
930C | 00000000 | 
9310 | 00000000 | 
9314 | 00000000 | 
9318 | 00000000 | 
931C | 00000000 | 
9320 | 00000000 | 
9324 | 00000000 | 
9328 | 00000000 | 
932C | 00000000 | 
9330 | 00000000 | 
9334 | 00000000 | 
9338 | 00000000 | 
933C | 00000000 | 
9340 | 00000000 | 
9344 | 00000000 | 
9348 | 00000000 | 
934C | 00000000 | 
9350 | 00000000 | 
9354 | 00000000 | 
9358 | 00000000 | 
935C | 00000000 | 
9360 | 00000000 | 
9364 | 00000000 | 
9368 | 00000000 | 
936C | 00000000 | 
9370 | 00000000 | 
9374 | 00000000 | 
9378 | 00000000 | 
937C | 00000000 | 
9380 | 00000000 | 
9384 | 00000000 | 
9388 | 00000000 | 
938C | 00000000 | 
9390 | 00000000 | 
9394 | 00000000 | 
9398 | 00000000 | 
939C | 00000000 | 
93A0 | 00000000 | 
93A4 | 00000000 | 
93A8 | 00000000 | 
93AC | 00000000 | 
93B0 | 00000000 | 
93B4 | 00000000 | 
93B8 | 00000000 | 
93BC | 00000000 | 
93C0 | 00000000 | 
93C4 | 00000000 | 
93C8 | 00000000 | 
93CC | 00000000 | 
93D0 | 00000000 | 
93D4 | 00000000 | 
93D8 | 00000000 | 
93DC | 00000000 | 
93E0 | 00000000 | 
93E4 | 00000000 | 
93E8 | 00000000 | 
93EC | 00000000 | 
93F0 | 00000000 | 
93F4 | 00000000 | 
93F8 | 00000000 | 
93FC | 00000000 | 
9400 | 00000000 | 
9404 | 00000000 | 
9408 | 00000000 | 
940C | 00000000 | 
9410 | 00000000 | 
9414 | 00000000 | 
9418 | 00000000 | 
941C | 00000000 | 
9420 | 00000000 | 
9424 | 00000000 | 
9428 | 00000000 | 
942C | 00000000 | 
9430 | 00000000 | 
9434 | 00000000 | 
9438 | 00000000 | 
943C | 00000000 | 
9440 | 00000000 | 
9444 | 00000000 | 
9448 | 00000000 | 
944C | 00000000 | 
9450 | 00000000 | 
9454 | 00000000 | 
9458 | 00000000 | 
945C | 00000000 | 
9460 | 00000000 | 
9464 | 00000000 | 
9468 | 00000000 | 
946C | 00000000 | 
9470 | 00000000 | 
9474 | 00000000 | 
9478 | 00000000 | 
947C | 00000000 | 
9480 | 00000000 | 
9484 | 00000000 | 
9488 | 00000000 | 
948C | 00000000 | 
9490 | 00000000 | 
9494 | 00000000 | 
9498 | 00000000 | 
949C | 00000000 | 
94A0 | 00000000 | 
94A4 | 00000000 | 
94A8 | 00000000 | 
94AC | 00000000 | 
94B0 | 00000000 | 
94B4 | 00000000 | 
94B8 | 00000000 | 
94BC | 00000000 | 
94C0 | 00000000 | 
94C4 | 00000000 | 
94C8 | 00000000 | 
94CC | 00000000 | 
94D0 | 00000000 | 
94D4 | 00000000 | 
94D8 | 00000000 | 
94DC | 00000000 | 
94E0 | 00000000 | 
94E4 | 00000000 | 
94E8 | 00000000 | 
94EC | 00000000 | 
94F0 | 00000000 | 
94F4 | 00000000 | 
94F8 | 00000000 | 
94FC | 00000000 | 
9500 | 00000000 | 
9504 | 00000000 | 
9508 | 00000000 | 
950C | 00000000 | 
9510 | 00000000 | 
9514 | 00000000 | 
9518 | 00000000 | 
951C | 00000000 | 
9520 | 00000000 | 
9524 | 00000000 | 
9528 | 00000000 | 
952C | 00000000 | 
9530 | 00000000 | 
9534 | 00000000 | 
9538 | 00000000 | 
953C | 00000000 | 
9540 | 00000000 | 
9544 | 00000000 | 
9548 | 00000000 | 
954C | 00000000 | 
9550 | 00000000 | 
9554 | 00000000 | 
9558 | 00000000 | 
955C | 00000000 | 
9560 | 00000000 | 
9564 | 00000000 | 
9568 | 00000000 | 
956C | 00000000 | 
9570 | 00000000 | 
9574 | 00000000 | 
9578 | 00000000 | 
957C | 00000000 | 
9580 | 00000000 | 
9584 | 00000000 | 
9588 | 00000000 | 
958C | 00000000 | 
9590 | 00000000 | 
9594 | 00000000 | 
9598 | 00000000 | 
959C | 00000000 | 
95A0 | 00000000 | 
95A4 | 00000000 | 
95A8 | 00000000 | 
95AC | 00000000 | 
95B0 | 00000000 | 
95B4 | 00000000 | 
95B8 | 00000000 | 
95BC | 00000000 | 
95C0 | 00000000 | 
95C4 | 00000000 | 
95C8 | 00000000 | 
95CC | 00000000 | 
95D0 | 00000000 | 
95D4 | 00000000 | 
95D8 | 00000000 | 
95DC | 00000000 | 
95E0 | 00000000 | 
95E4 | 00000000 | 
95E8 | 00000000 | 
95EC | 00000000 | 
95F0 | 00000000 | 
95F4 | 00000000 | 
95F8 | 00000000 | 
95FC | 00000000 | 
9600 | 00000000 | 
9604 | 00000000 | 
9608 | 00000000 | 
960C | 00000000 | 
9610 | 00000000 | 
9614 | 00000000 | 
9618 | 00000000 | 
961C | 00000000 | 
9620 | 00000000 | 
9624 | 00000000 | 
9628 | 00000000 | 
962C | 00000000 | 
9630 | 00000000 | 
9634 | 00000000 | 
9638 | 00000000 | 
963C | 00000000 | 
9640 | 00000000 | 
9644 | 00000000 | 
9648 | 00000000 | 
964C | 00000000 | 
9650 | 00000000 | 
9654 | 00000000 | 
9658 | 00000000 | 
965C | 00000000 | 
9660 | 00000000 | 
9664 | 00000000 | 
9668 | 00000000 | 
966C | 00000000 | 
9670 | 00000000 | 
9674 | 00000000 | 
9678 | 00000000 | 
967C | 00000000 | 
9680 | 00000000 | 
9684 | 00000000 | 
9688 | 00000000 | 
968C | 00000000 | 
9690 | 00000000 | 
9694 | 00000000 | 
9698 | 00000000 | 
969C | 00000000 | 
96A0 | 00000000 | 
96A4 | 00000000 | 
96A8 | 00000000 | 
96AC | 00000000 | 
96B0 | 00000000 | 
96B4 | 00000000 | 
96B8 | 00000000 | 
96BC | 00000000 | 
96C0 | 00000000 | 
96C4 | 00000000 | 
96C8 | 00000000 | 
96CC | 00000000 | 
96D0 | 00000000 | 
96D4 | 00000000 | 
96D8 | 00000000 | 
96DC | 00000000 | 
96E0 | 00000000 | 
96E4 | 00000000 | 
96E8 | 00000000 | 
96EC | 00000000 | 
96F0 | 00000000 | 
96F4 | 00000000 | 
96F8 | 00000000 | 
96FC | 00000000 | 
9700 | 00000000 | 
9704 | 00000000 | 
9708 | 00000000 | 
970C | 00000000 | 
9710 | 00000000 | 
9714 | 00000000 | 
9718 | 00000000 | 
971C | 00000000 | 
9720 | 00000000 | 
9724 | 00000000 | 
9728 | 00000000 | 
972C | 00000000 | 
9730 | 00000000 | 
9734 | 00000000 | 
9738 | 00000000 | 
973C | 00000000 | 
9740 | 00000000 | 
9744 | 00000000 | 
9748 | 00000000 | 
974C | 00000000 | 
9750 | 00000000 | 
9754 | 00000000 | 
9758 | 00000000 | 
975C | 00000000 | 
9760 | 00000000 | 
9764 | 00000000 | 
9768 | 00000000 | 
976C | 00000000 | 
9770 | 00000000 | 
9774 | 00000000 | 
9778 | 00000000 | 
977C | 00000000 | 
9780 | 00000000 | 
9784 | 00000000 | 
9788 | 00000000 | 
978C | 00000000 | 
9790 | 00000000 | 
9794 | 00000000 | 
9798 | 00000000 | 
979C | 00000000 | 
97A0 | 00000000 | 
97A4 | 00000000 | 
97A8 | 00000000 | 
97AC | 00000000 | 
97B0 | 00000000 | 
97B4 | 00000000 | 
97B8 | 00000000 | 
97BC | 00000000 | 
97C0 | 00000000 | 
97C4 | 00000000 | 
97C8 | 00000000 | 
97CC | 00000000 | 
97D0 | 00000000 | 
97D4 | 00000000 | 
97D8 | 00000000 | 
97DC | 00000000 | 
97E0 | 00000000 | 
97E4 | 00000000 | 
97E8 | 00000000 | 
97EC | 00000000 | 
97F0 | 00000000 | 
97F4 | 00000000 | 
97F8 | 00000000 | 
97FC | 00000000 | 
9800 | 00000000 | 
9804 | 00000000 | 
9808 | 00000000 | 
980C | 00000000 | 
9810 | 00000000 | 
9814 | 00000000 | 
9818 | 00000000 | 
981C | 00000000 | 
9820 | 00000000 | 
9824 | 00000000 | 
9828 | 00000000 | 
982C | 00000000 | 
9830 | 00000000 | 
9834 | 00000000 | 
9838 | 00000000 | 
983C | 00000000 | 
9840 | 00000000 | 
9844 | 00000000 | 
9848 | 00000000 | 
984C | 00000000 | 
9850 | 00000000 | 
9854 | 00000000 | 
9858 | 00000000 | 
985C | 00000000 | 
9860 | 00000000 | 
9864 | 00000000 | 
9868 | 00000000 | 
986C | 00000000 | 
9870 | 00000000 | 
9874 | 00000000 | 
9878 | 00000000 | 
987C | 00000000 | 
9880 | 00000000 | 
9884 | 00000000 | 
9888 | 00000000 | 
988C | 00000000 | 
9890 | 00000000 | 
9894 | 00000000 | 
9898 | 00000000 | 
989C | 00000000 | 
98A0 | 00000000 | 
98A4 | 00000000 | 
98A8 | 00000000 | 
98AC | 00000000 | 
98B0 | 00000000 | 
98B4 | 00000000 | 
98B8 | 00000000 | 
98BC | 00000000 | 
98C0 | 00000000 | 
98C4 | 00000000 | 
98C8 | 00000000 | 
98CC | 00000000 | 
98D0 | 00000000 | 
98D4 | 00000000 | 
98D8 | 00000000 | 
98DC | 00000000 | 
98E0 | 00000000 | 
98E4 | 00000000 | 
98E8 | 00000000 | 
98EC | 00000000 | 
98F0 | 00000000 | 
98F4 | 00000000 | 
98F8 | 00000000 | 
98FC | 00000000 | 
9900 | 00000000 | 
9904 | 00000000 | 
9908 | 00000000 | 
990C | 00000000 | 
9910 | 00000000 | 
9914 | 00000000 | 
9918 | 00000000 | 
991C | 00000000 | 
9920 | 00000000 | 
9924 | 00000000 | 
9928 | 00000000 | 
992C | 00000000 | 
9930 | 00000000 | 
9934 | 00000000 | 
9938 | 00000000 | 
993C | 00000000 | 
9940 | 00000000 | 
9944 | 00000000 | 
9948 | 00000000 | 
994C | 00000000 | 
9950 | 00000000 | 
9954 | 00000000 | 
9958 | 00000000 | 
995C | 00000000 | 
9960 | 00000000 | 
9964 | 00000000 | 
9968 | 00000000 | 
996C | 00000000 | 
9970 | 00000000 | 
9974 | 00000000 | 
9978 | 00000000 | 
997C | 00000000 | 
9980 | 00000000 | 
9984 | 00000000 | 
9988 | 00000000 | 
998C | 00000000 | 
9990 | 00000000 | 
9994 | 00000000 | 
9998 | 00000000 | 
999C | 00000000 | 
99A0 | 00000000 | 
99A4 | 00000000 | 
99A8 | 00000000 | 
99AC | 00000000 | 
99B0 | 00000000 | 
99B4 | 00000000 | 
99B8 | 00000000 | 
99BC | 00000000 | 
99C0 | 00000000 | 
99C4 | 00000000 | 
99C8 | 00000000 | 
99CC | 00000000 | 
99D0 | 00000000 | 
99D4 | 00000000 | 
99D8 | 00000000 | 
99DC | 00000000 | 
99E0 | 00000000 | 
99E4 | 00000000 | 
99E8 | 00000000 | 
99EC | 00000000 | 
99F0 | 00000000 | 
99F4 | 00000000 | 
99F8 | 00000000 | 
99FC | 00000000 | 
9A00 | 00000000 | 
9A04 | 00000000 | 
9A08 | 00000000 | 
9A0C | 00000000 | 
9A10 | 00000000 | 
9A14 | 00000000 | 
9A18 | 00000000 | 
9A1C | 00000000 | 
9A20 | 00000000 | 
9A24 | 00000000 | 
9A28 | 00000000 | 
9A2C | 00000000 | 
9A30 | 00000000 | 
9A34 | 00000000 | 
9A38 | 00000000 | 
9A3C | 00000000 | 
9A40 | 00000000 | 
9A44 | 00000000 | 
9A48 | 00000000 | 
9A4C | 00000000 | 
9A50 | 00000000 | 
9A54 | 00000000 | 
9A58 | 00000000 | 
9A5C | 00000000 | 
9A60 | 00000000 | 
9A64 | 00000000 | 
9A68 | 00000000 | 
9A6C | 00000000 | 
9A70 | 00000000 | 
9A74 | 00000000 | 
9A78 | 00000000 | 
9A7C | 00000000 | 
9A80 | 00000000 | 
9A84 | 00000000 | 
9A88 | 00000000 | 
9A8C | 00000000 | 
9A90 | 00000000 | 
9A94 | 00000000 | 
9A98 | 00000000 | 
9A9C | 00000000 | 
9AA0 | 00000000 | 
9AA4 | 00000000 | 
9AA8 | 00000000 | 
9AAC | 00000000 | 
9AB0 | 00000000 | 
9AB4 | 00000000 | 
9AB8 | 00000000 | 
9ABC | 00000000 | 
9AC0 | 00000000 | 
9AC4 | 00000000 | 
9AC8 | 00000000 | 
9ACC | 00000000 | 
9AD0 | 00000000 | 
9AD4 | 00000000 | 
9AD8 | 00000000 | 
9ADC | 00000000 | 
9AE0 | 00000000 | 
9AE4 | 00000000 | 
9AE8 | 00000000 | 
9AEC | 00000000 | 
9AF0 | 00000000 | 
9AF4 | 00000000 | 
9AF8 | 00000000 | 
9AFC | 00000000 | 
9B00 | 00000000 | 
9B04 | 00000000 | 
9B08 | 00000000 | 
9B0C | 00000000 | 
9B10 | 00000000 | 
9B14 | 00000000 | 
9B18 | 00000000 | 
9B1C | 00000000 | 
9B20 | 00000000 | 
9B24 | 00000000 | 
9B28 | 00000000 | 
9B2C | 00000000 | 
9B30 | 00000000 | 
9B34 | 00000000 | 
9B38 | 00000000 | 
9B3C | 00000000 | 
9B40 | 00000000 | 
9B44 | 00000000 | 
9B48 | 00000000 | 
9B4C | 00000000 | 
9B50 | 00000000 | 
9B54 | 00000000 | 
9B58 | 00000000 | 
9B5C | 00000000 | 
9B60 | 00000000 | 
9B64 | 00000000 | 
9B68 | 00000000 | 
9B6C | 00000000 | 
9B70 | 00000000 | 
9B74 | 00000000 | 
9B78 | 00000000 | 
9B7C | 00000000 | 
9B80 | 00000000 | 
9B84 | 00000000 | 
9B88 | 00000000 | 
9B8C | 00000000 | 
9B90 | 00000000 | 
9B94 | 00000000 | 
9B98 | 00000000 | 
9B9C | 00000000 | 
9BA0 | 00000000 | 
9BA4 | 00000000 | 
9BA8 | 00000000 | 
9BAC | 00000000 | 
9BB0 | 00000000 | 
9BB4 | 00000000 | 
9BB8 | 00000000 | 
9BBC | 00000000 | 
9BC0 | 00000000 | 
9BC4 | 00000000 | 
9BC8 | 00000000 | 
9BCC | 00000000 | 
9BD0 | 00000000 | 
9BD4 | 00000000 | 
9BD8 | 00000000 | 
9BDC | 00000000 | 
9BE0 | 00000000 | 
9BE4 | 00000000 | 
9BE8 | 00000000 | 
9BEC | 00000000 | 
9BF0 | 00000000 | 
9BF4 | 00000000 | 
9BF8 | 00000000 | 
9BFC | 00000000 | 
9C00 | 00000000 | 
9C04 | 00000000 | 
9C08 | 00000000 | 
9C0C | 00000000 | 
9C10 | 00000000 | 
9C14 | 00000000 | 
9C18 | 00000000 | 
9C1C | 00000000 | 
9C20 | 00000000 | 
9C24 | 00000000 | 
9C28 | 00000000 | 
9C2C | 00000000 | 
9C30 | 00000000 | 
9C34 | 00000000 | 
9C38 | 00000000 | 
9C3C | 00000000 | 
9C40 | 00000000 | 
9C44 | 00000000 | 
9C48 | 00000000 | 
9C4C | 00000000 | 
9C50 | 00000000 | 
9C54 | 00000000 | 
9C58 | 00000000 | 
9C5C | 00000000 | 
9C60 | 00000000 | 
9C64 | 00000000 | 
9C68 | 00000000 | 
9C6C | 00000000 | 
9C70 | 00000000 | 
9C74 | 00000000 | 
9C78 | 00000000 | 
9C7C | 00000000 | 
9C80 | 00000000 | 
9C84 | 00000000 | 
9C88 | 00000000 | 
9C8C | 00000000 | 
9C90 | 00000000 | 
9C94 | 00000000 | 
9C98 | 00000000 | 
9C9C | 00000000 | 
9CA0 | 00000000 | 
9CA4 | 00000000 | 
9CA8 | 00000000 | 
9CAC | 00000000 | 
9CB0 | 00000000 | 
9CB4 | 00000000 | 
9CB8 | 00000000 | 
9CBC | 00000000 | 
9CC0 | 00000000 | 
9CC4 | 00000000 | 
9CC8 | 00000000 | 
9CCC | 00000000 | 
9CD0 | 00000000 | 
9CD4 | 00000000 | 
9CD8 | 00000000 | 
9CDC | 00000000 | 
9CE0 | 00000000 | 
9CE4 | 00000000 | 
9CE8 | 00000000 | 
9CEC | 00000000 | 
9CF0 | 00000000 | 
9CF4 | 00000000 | 
9CF8 | 00000000 | 
9CFC | 00000000 | 
9D00 | 00000000 | 
9D04 | 00000000 | 
9D08 | 00000000 | 
9D0C | 00000000 | 
9D10 | 00000000 | 
9D14 | 00000000 | 
9D18 | 00000000 | 
9D1C | 00000000 | 
9D20 | 00000000 | 
9D24 | 00000000 | 
9D28 | 00000000 | 
9D2C | 00000000 | 
9D30 | 00000000 | 
9D34 | 00000000 | 
9D38 | 00000000 | 
9D3C | 00000000 | 
9D40 | 00000000 | 
9D44 | 00000000 | 
9D48 | 00000000 | 
9D4C | 00000000 | 
9D50 | 00000000 | 
9D54 | 00000000 | 
9D58 | 00000000 | 
9D5C | 00000000 | 
9D60 | 00000000 | 
9D64 | 00000000 | 
9D68 | 00000000 | 
9D6C | 00000000 | 
9D70 | 00000000 | 
9D74 | 00000000 | 
9D78 | 00000000 | 
9D7C | 00000000 | 
9D80 | 00000000 | 
9D84 | 00000000 | 
9D88 | 00000000 | 
9D8C | 00000000 | 
9D90 | 00000000 | 
9D94 | 00000000 | 
9D98 | 00000000 | 
9D9C | 00000000 | 
9DA0 | 00000000 | 
9DA4 | 00000000 | 
9DA8 | 00000000 | 
9DAC | 00000000 | 
9DB0 | 00000000 | 
9DB4 | 00000000 | 
9DB8 | 00000000 | 
9DBC | 00000000 | 
9DC0 | 00000000 | 
9DC4 | 00000000 | 
9DC8 | 00000000 | 
9DCC | 00000000 | 
9DD0 | 00000000 | 
9DD4 | 00000000 | 
9DD8 | 00000000 | 
9DDC | 00000000 | 
9DE0 | 00000000 | 
9DE4 | 00000000 | 
9DE8 | 00000000 | 
9DEC | 00000000 | 
9DF0 | 00000000 | 
9DF4 | 00000000 | 
9DF8 | 00000000 | 
9DFC | 00000000 | 
9E00 | 00000000 | 
9E04 | 00000000 | 
9E08 | 00000000 | 
9E0C | 00000000 | 
9E10 | 00000000 | 
9E14 | 00000000 | 
9E18 | 00000000 | 
9E1C | 00000000 | 
9E20 | 00000000 | 
9E24 | 00000000 | 
9E28 | 00000000 | 
9E2C | 00000000 | 
9E30 | 00000000 | 
9E34 | 00000000 | 
9E38 | 00000000 | 
9E3C | 00000000 | 
9E40 | 00000000 | 
9E44 | 00000000 | 
9E48 | 00000000 | 
9E4C | 00000000 | 
9E50 | 00000000 | 
9E54 | 00000000 | 
9E58 | 00000000 | 
9E5C | 00000000 | 
9E60 | 00000000 | 
9E64 | 00000000 | 
9E68 | 00000000 | 
9E6C | 00000000 | 
9E70 | 00000000 | 
9E74 | 00000000 | 
9E78 | 00000000 | 
9E7C | 00000000 | 
9E80 | 00000000 | 
9E84 | 00000000 | 
9E88 | 00000000 | 
9E8C | 00000000 | 
9E90 | 00000000 | 
9E94 | 00000000 | 
9E98 | 00000000 | 
9E9C | 00000000 | 
9EA0 | 00000000 | 
9EA4 | 00000000 | 
9EA8 | 00000000 | 
9EAC | 00000000 | 
9EB0 | 00000000 | 
9EB4 | 00000000 | 
9EB8 | 00000000 | 
9EBC | 00000000 | 
9EC0 | 00000000 | 
9EC4 | 00000000 | 
9EC8 | 00000000 | 
9ECC | 00000000 | 
9ED0 | 00000000 | 
9ED4 | 00000000 | 
9ED8 | 00000000 | 
9EDC | 00000000 | 
9EE0 | 00000000 | 
9EE4 | 00000000 | 
9EE8 | 00000000 | 
9EEC | 00000000 | 
9EF0 | 00000000 | 
9EF4 | 00000000 | 
9EF8 | 00000000 | 
9EFC | 00000000 | 
9F00 | 00000000 | 
9F04 | 00000000 | 
9F08 | 00000000 | 
9F0C | 00000000 | 
9F10 | 00000000 | 
9F14 | 00000000 | 
9F18 | 00000000 | 
9F1C | 00000000 | 
9F20 | 00000000 | 
9F24 | 00000000 | 
9F28 | 00000000 | 
9F2C | 00000000 | 
9F30 | 00000000 | 
9F34 | 00000000 | 
9F38 | 00000000 | 
9F3C | 00000000 | 
9F40 | 00000000 | 
9F44 | 00000000 | 
9F48 | 00000000 | 
9F4C | 00000000 | 
9F50 | 00000000 | 
9F54 | 00000000 | 
9F58 | 00000000 | 
9F5C | 00000000 | 
9F60 | 00000000 | 
9F64 | 00000000 | 
9F68 | 00000000 | 
9F6C | 00000000 | 
9F70 | 00000000 | 
9F74 | 00000000 | 
9F78 | 00000000 | 
9F7C | 00000000 | 
9F80 | 00000000 | 
9F84 | 00000000 | 
9F88 | 00000000 | 
9F8C | 00000000 | 
9F90 | 00000000 | 
9F94 | 00000000 | 
9F98 | 00000000 | 
9F9C | 00000000 | 
9FA0 | 00000000 | 
9FA4 | 00000000 | 
9FA8 | 00000000 | 
9FAC | 00000000 | 
9FB0 | 00000000 | 
9FB4 | 00000000 | 
9FB8 | 00000000 | 
9FBC | 00000000 | 
9FC0 | 00000000 | 
9FC4 | 00000000 | 
9FC8 | 00000000 | 
9FCC | 00000000 | 
9FD0 | 00000000 | 
9FD4 | 00000000 | 
9FD8 | 00000000 | 
9FDC | 00000000 | 
9FE0 | 00000000 | 
9FE4 | 00000000 | 
9FE8 | 00000000 | 
9FEC | 00000000 | 
9FF0 | 00000000 | 
9FF4 | 00000000 | 
9FF8 | 00000000 | 
9FFC | 00000000 | 
A000 | 00000000 | 
A004 | 00000000 | 
A008 | 00000000 | 
A00C | 00000000 | 
A010 | 00000000 | 
A014 | 00000000 | 
A018 | 00000000 | 
A01C | 00000000 | 
A020 | 00000000 | 
A024 | 00000000 | 
A028 | 00000000 | 
A02C | 00000000 | 
A030 | 00000000 | 
A034 | 00000000 | 
A038 | 00000000 | 
A03C | 00000000 | 
A040 | 00000000 | 
A044 | 00000000 | 
A048 | 00000000 | 
A04C | 00000000 | 
A050 | 00000000 | 
A054 | 00000000 | 
A058 | 00000000 | 
A05C | 00000000 | 
A060 | 00000000 | 
A064 | 00000000 | 
A068 | 00000000 | 
A06C | 00000000 | 
A070 | 00000000 | 
A074 | 00000000 | 
A078 | 00000000 | 
A07C | 00000000 | 
A080 | 00000000 | 
A084 | 00000000 | 
A088 | 00000000 | 
A08C | 00000000 | 
A090 | 00000000 | 
A094 | 00000000 | 
A098 | 00000000 | 
A09C | 00000000 | 
A0A0 | 00000000 | 
A0A4 | 00000000 | 
A0A8 | 00000000 | 
A0AC | 00000000 | 
A0B0 | 00000000 | 
A0B4 | 00000000 | 
A0B8 | 00000000 | 
A0BC | 00000000 | 
A0C0 | 00000000 | 
A0C4 | 00000000 | 
A0C8 | 00000000 | 
A0CC | 00000000 | 
A0D0 | 00000000 | 
A0D4 | 00000000 | 
A0D8 | 00000000 | 
A0DC | 00000000 | 
A0E0 | 00000000 | 
A0E4 | 00000000 | 
A0E8 | 00000000 | 
A0EC | 00000000 | 
A0F0 | 00000000 | 
A0F4 | 00000000 | 
A0F8 | 00000000 | 
A0FC | 00000000 | 
A100 | 00000000 | 
A104 | 00000000 | 
A108 | 00000000 | 
A10C | 00000000 | 
A110 | 00000000 | 
A114 | 00000000 | 
A118 | 00000000 | 
A11C | 00000000 | 
A120 | 00000000 | 
A124 | 00000000 | 
A128 | 00000000 | 
A12C | 00000000 | 
A130 | 00000000 | 
A134 | 00000000 | 
A138 | 00000000 | 
A13C | 00000000 | 
A140 | 00000000 | 
A144 | 00000000 | 
A148 | 00000000 | 
A14C | 00000000 | 
A150 | 00000000 | 
A154 | 00000000 | 
A158 | 00000000 | 
A15C | 00000000 | 
A160 | 00000000 | 
A164 | 00000000 | 
A168 | 00000000 | 
A16C | 00000000 | 
A170 | 00000000 | 
A174 | 00000000 | 
A178 | 00000000 | 
A17C | 00000000 | 
A180 | 00000000 | 
A184 | 00000000 | 
A188 | 00000000 | 
A18C | 00000000 | 
A190 | 00000000 | 
A194 | 00000000 | 
A198 | 00000000 | 
A19C | 00000000 | 
A1A0 | 00000000 | 
A1A4 | 00000000 | 
A1A8 | 00000000 | 
A1AC | 00000000 | 
A1B0 | 00000000 | 
A1B4 | 00000000 | 
A1B8 | 00000000 | 
A1BC | 00000000 | 
A1C0 | 00000000 | 
A1C4 | 00000000 | 
A1C8 | 00000000 | 
A1CC | 00000000 | 
A1D0 | 00000000 | 
A1D4 | 00000000 | 
A1D8 | 00000000 | 
A1DC | 00000000 | 
A1E0 | 00000000 | 
A1E4 | 00000000 | 
A1E8 | 00000000 | 
A1EC | 00000000 | 
A1F0 | 00000000 | 
A1F4 | 00000000 | 
A1F8 | 00000000 | 
A1FC | 00000000 | 
A200 | 00000000 | 
A204 | 00000000 | 
A208 | 00000000 | 
A20C | 00000000 | 
A210 | 00000000 | 
A214 | 00000000 | 
A218 | 00000000 | 
A21C | 00000000 | 
A220 | 00000000 | 
A224 | 00000000 | 
A228 | 00000000 | 
A22C | 00000000 | 
A230 | 00000000 | 
A234 | 00000000 | 
A238 | 00000000 | 
A23C | 00000000 | 
A240 | 00000000 | 
A244 | 00000000 | 
A248 | 00000000 | 
A24C | 00000000 | 
A250 | 00000000 | 
A254 | 00000000 | 
A258 | 00000000 | 
A25C | 00000000 | 
A260 | 00000000 | 
A264 | 00000000 | 
A268 | 00000000 | 
A26C | 00000000 | 
A270 | 00000000 | 
A274 | 00000000 | 
A278 | 00000000 | 
A27C | 00000000 | 
A280 | 00000000 | 
A284 | 00000000 | 
A288 | 00000000 | 
A28C | 00000000 | 
A290 | 00000000 | 
A294 | 00000000 | 
A298 | 00000000 | 
A29C | 00000000 | 
A2A0 | 00000000 | 
A2A4 | 00000000 | 
A2A8 | 00000000 | 
A2AC | 00000000 | 
A2B0 | 00000000 | 
A2B4 | 00000000 | 
A2B8 | 00000000 | 
A2BC | 00000000 | 
A2C0 | 00000000 | 
A2C4 | 00000000 | 
A2C8 | 00000000 | 
A2CC | 00000000 | 
A2D0 | 00000000 | 
A2D4 | 00000000 | 
A2D8 | 00000000 | 
A2DC | 00000000 | 
A2E0 | 00000000 | 
A2E4 | 00000000 | 
A2E8 | 00000000 | 
A2EC | 00000000 | 
A2F0 | 00000000 | 
A2F4 | 00000000 | 
A2F8 | 00000000 | 
A2FC | 00000000 | 
A300 | 00000000 | 
A304 | 00000000 | 
A308 | 00000000 | 
A30C | 00000000 | 
A310 | 00000000 | 
A314 | 00000000 | 
A318 | 00000000 | 
A31C | 00000000 | 
A320 | 00000000 | 
A324 | 00000000 | 
A328 | 00000000 | 
A32C | 00000000 | 
A330 | 00000000 | 
A334 | 00000000 | 
A338 | 00000000 | 
A33C | 00000000 | 
A340 | 00000000 | 
A344 | 00000000 | 
A348 | 00000000 | 
A34C | 00000000 | 
A350 | 00000000 | 
A354 | 00000000 | 
A358 | 00000000 | 
A35C | 00000000 | 
A360 | 00000000 | 
A364 | 00000000 | 
A368 | 00000000 | 
A36C | 00000000 | 
A370 | 00000000 | 
A374 | 00000000 | 
A378 | 00000000 | 
A37C | 00000000 | 
A380 | 00000000 | 
A384 | 00000000 | 
A388 | 00000000 | 
A38C | 00000000 | 
A390 | 00000000 | 
A394 | 00000000 | 
A398 | 00000000 | 
A39C | 00000000 | 
A3A0 | 00000000 | 
A3A4 | 00000000 | 
A3A8 | 00000000 | 
A3AC | 00000000 | 
A3B0 | 00000000 | 
A3B4 | 00000000 | 
A3B8 | 00000000 | 
A3BC | 00000000 | 
A3C0 | 00000000 | 
A3C4 | 00000000 | 
A3C8 | 00000000 | 
A3CC | 00000000 | 
A3D0 | 00000000 | 
A3D4 | 00000000 | 
A3D8 | 00000000 | 
A3DC | 00000000 | 
A3E0 | 00000000 | 
A3E4 | 00000000 | 
A3E8 | 00000000 | 
A3EC | 00000000 | 
A3F0 | 00000000 | 
A3F4 | 00000000 | 
A3F8 | 00000000 | 
A3FC | 00000000 | 
A400 | 00000000 | 
A404 | 00000000 | 
A408 | 00000000 | 
A40C | 00000000 | 
A410 | 00000000 | 
A414 | 00000000 | 
A418 | 00000000 | 
A41C | 00000000 | 
A420 | 00000000 | 
A424 | 00000000 | 
A428 | 00000000 | 
A42C | 00000000 | 
A430 | 00000000 | 
A434 | 00000000 | 
A438 | 00000000 | 
A43C | 00000000 | 
A440 | 00000000 | 
A444 | 00000000 | 
A448 | 00000000 | 
A44C | 00000000 | 
A450 | 00000000 | 
A454 | 00000000 | 
A458 | 00000000 | 
A45C | 00000000 | 
A460 | 00000000 | 
A464 | 00000000 | 
A468 | 00000000 | 
A46C | 00000000 | 
A470 | 00000000 | 
A474 | 00000000 | 
A478 | 00000000 | 
A47C | 00000000 | 
A480 | 00000000 | 
A484 | 00000000 | 
A488 | 00000000 | 
A48C | 00000000 | 
A490 | 00000000 | 
A494 | 00000000 | 
A498 | 00000000 | 
A49C | 00000000 | 
A4A0 | 00000000 | 
A4A4 | 00000000 | 
A4A8 | 00000000 | 
A4AC | 00000000 | 
A4B0 | 00000000 | 
A4B4 | 00000000 | 
A4B8 | 00000000 | 
A4BC | 00000000 | 
A4C0 | 00000000 | 
A4C4 | 00000000 | 
A4C8 | 00000000 | 
A4CC | 00000000 | 
A4D0 | 00000000 | 
A4D4 | 00000000 | 
A4D8 | 00000000 | 
A4DC | 00000000 | 
A4E0 | 00000000 | 
A4E4 | 00000000 | 
A4E8 | 00000000 | 
A4EC | 00000000 | 
A4F0 | 00000000 | 
A4F4 | 00000000 | 
A4F8 | 00000000 | 
A4FC | 00000000 | 
A500 | 00000000 | 
A504 | 00000000 | 
A508 | 00000000 | 
A50C | 00000000 | 
A510 | 00000000 | 
A514 | 00000000 | 
A518 | 00000000 | 
A51C | 00000000 | 
A520 | 00000000 | 
A524 | 00000000 | 
A528 | 00000000 | 
A52C | 00000000 | 
A530 | 00000000 | 
A534 | 00000000 | 
A538 | 00000000 | 
A53C | 00000000 | 
A540 | 00000000 | 
A544 | 00000000 | 
A548 | 00000000 | 
A54C | 00000000 | 
A550 | 00000000 | 
A554 | 00000000 | 
A558 | 00000000 | 
A55C | 00000000 | 
A560 | 00000000 | 
A564 | 00000000 | 
A568 | 00000000 | 
A56C | 00000000 | 
A570 | 00000000 | 
A574 | 00000000 | 
A578 | 00000000 | 
A57C | 00000000 | 
A580 | 00000000 | 
A584 | 00000000 | 
A588 | 00000000 | 
A58C | 00000000 | 
A590 | 00000000 | 
A594 | 00000000 | 
A598 | 00000000 | 
A59C | 00000000 | 
A5A0 | 00000000 | 
A5A4 | 00000000 | 
A5A8 | 00000000 | 
A5AC | 00000000 | 
A5B0 | 00000000 | 
A5B4 | 00000000 | 
A5B8 | 00000000 | 
A5BC | 00000000 | 
A5C0 | 00000000 | 
A5C4 | 00000000 | 
A5C8 | 00000000 | 
A5CC | 00000000 | 
A5D0 | 00000000 | 
A5D4 | 00000000 | 
A5D8 | 00000000 | 
A5DC | 00000000 | 
A5E0 | 00000000 | 
A5E4 | 00000000 | 
A5E8 | 00000000 | 
A5EC | 00000000 | 
A5F0 | 00000000 | 
A5F4 | 00000000 | 
A5F8 | 00000000 | 
A5FC | 00000000 | 
A600 | 00000000 | 
A604 | 00000000 | 
A608 | 00000000 | 
A60C | 00000000 | 
A610 | 00000000 | 
A614 | 00000000 | 
A618 | 00000000 | 
A61C | 00000000 | 
A620 | 00000000 | 
A624 | 00000000 | 
A628 | 00000000 | 
A62C | 00000000 | 
A630 | 00000000 | 
A634 | 00000000 | 
A638 | 00000000 | 
A63C | 00000000 | 
A640 | 00000000 | 
A644 | 00000000 | 
A648 | 00000000 | 
A64C | 00000000 | 
A650 | 00000000 | 
A654 | 00000000 | 
A658 | 00000000 | 
A65C | 00000000 | 
A660 | 00000000 | 
A664 | 00000000 | 
A668 | 00000000 | 
A66C | 00000000 | 
A670 | 00000000 | 
A674 | 00000000 | 
A678 | 00000000 | 
A67C | 00000000 | 
A680 | 00000000 | 
A684 | 00000000 | 
A688 | 00000000 | 
A68C | 00000000 | 
A690 | 00000000 | 
A694 | 00000000 | 
A698 | 00000000 | 
A69C | 00000000 | 
A6A0 | 00000000 | 
A6A4 | 00000000 | 
A6A8 | 00000000 | 
A6AC | 00000000 | 
A6B0 | 00000000 | 
A6B4 | 00000000 | 
A6B8 | 00000000 | 
A6BC | 00000000 | 
A6C0 | 00000000 | 
A6C4 | 00000000 | 
A6C8 | 00000000 | 
A6CC | 00000000 | 
A6D0 | 00000000 | 
A6D4 | 00000000 | 
A6D8 | 00000000 | 
A6DC | 00000000 | 
A6E0 | 00000000 | 
A6E4 | 00000000 | 
A6E8 | 00000000 | 
A6EC | 00000000 | 
A6F0 | 00000000 | 
A6F4 | 00000000 | 
A6F8 | 00000000 | 
A6FC | 00000000 | 
A700 | 00000000 | 
A704 | 00000000 | 
A708 | 00000000 | 
A70C | 00000000 | 
A710 | 00000000 | 
A714 | 00000000 | 
A718 | 00000000 | 
A71C | 00000000 | 
A720 | 00000000 | 
A724 | 00000000 | 
A728 | 00000000 | 
A72C | 00000000 | 
A730 | 00000000 | 
A734 | 00000000 | 
A738 | 00000000 | 
A73C | 00000000 | 
A740 | 00000000 | 
A744 | 00000000 | 
A748 | 00000000 | 
A74C | 00000000 | 
A750 | 00000000 | 
A754 | 00000000 | 
A758 | 00000000 | 
A75C | 00000000 | 
A760 | 00000000 | 
A764 | 00000000 | 
A768 | 00000000 | 
A76C | 00000000 | 
A770 | 00000000 | 
A774 | 00000000 | 
A778 | 00000000 | 
A77C | 00000000 | 
A780 | 00000000 | 
A784 | 00000000 | 
A788 | 00000000 | 
A78C | 00000000 | 
A790 | 00000000 | 
A794 | 00000000 | 
A798 | 00000000 | 
A79C | 00000000 | 
A7A0 | 00000000 | 
A7A4 | 00000000 | 
A7A8 | 00000000 | 
A7AC | 00000000 | 
A7B0 | 00000000 | 
A7B4 | 00000000 | 
A7B8 | 00000000 | 
A7BC | 00000000 | 
A7C0 | 00000000 | 
A7C4 | 00000000 | 
A7C8 | 00000000 | 
A7CC | 00000000 | 
A7D0 | 00000000 | 
A7D4 | 00000000 | 
A7D8 | 00000000 | 
A7DC | 00000000 | 
A7E0 | 00000000 | 
A7E4 | 00000000 | 
A7E8 | 00000000 | 
A7EC | 00000000 | 
A7F0 | 00000000 | 
A7F4 | 00000000 | 
A7F8 | 00000000 | 
A7FC | 00000000 | 
A800 | 00000000 | 
A804 | 00000000 | 
A808 | 00000000 | 
A80C | 00000000 | 
A810 | 00000000 | 
A814 | 00000000 | 
A818 | 00000000 | 
A81C | 00000000 | 
A820 | 00000000 | 
A824 | 00000000 | 
A828 | 00000000 | 
A82C | 00000000 | 
A830 | 00000000 | 
A834 | 00000000 | 
A838 | 00000000 | 
A83C | 00000000 | 
A840 | 00000000 | 
A844 | 00000000 | 
A848 | 00000000 | 
A84C | 00000000 | 
A850 | 00000000 | 
A854 | 00000000 | 
A858 | 00000000 | 
A85C | 00000000 | 
A860 | 00000000 | 
A864 | 00000000 | 
A868 | 00000000 | 
A86C | 00000000 | 
A870 | 00000000 | 
A874 | 00000000 | 
A878 | 00000000 | 
A87C | 00000000 | 
A880 | 00000000 | 
A884 | 00000000 | 
A888 | 00000000 | 
A88C | 00000000 | 
A890 | 00000000 | 
A894 | 00000000 | 
A898 | 00000000 | 
A89C | 00000000 | 
A8A0 | 00000000 | 
A8A4 | 00000000 | 
A8A8 | 00000000 | 
A8AC | 00000000 | 
A8B0 | 00000000 | 
A8B4 | 00000000 | 
A8B8 | 00000000 | 
A8BC | 00000000 | 
A8C0 | 00000000 | 
A8C4 | 00000000 | 
A8C8 | 00000000 | 
A8CC | 00000000 | 
A8D0 | 00000000 | 
A8D4 | 00000000 | 
A8D8 | 00000000 | 
A8DC | 00000000 | 
A8E0 | 00000000 | 
A8E4 | 00000000 | 
A8E8 | 00000000 | 
A8EC | 00000000 | 
A8F0 | 00000000 | 
A8F4 | 00000000 | 
A8F8 | 00000000 | 
A8FC | 00000000 | 
A900 | 00000000 | 
A904 | 00000000 | 
A908 | 00000000 | 
A90C | 00000000 | 
A910 | 00000000 | 
A914 | 00000000 | 
A918 | 00000000 | 
A91C | 00000000 | 
A920 | 00000000 | 
A924 | 00000000 | 
A928 | 00000000 | 
A92C | 00000000 | 
A930 | 00000000 | 
A934 | 00000000 | 
A938 | 00000000 | 
A93C | 00000000 | 
A940 | 00000000 | 
A944 | 00000000 | 
A948 | 00000000 | 
A94C | 00000000 | 
A950 | 00000000 | 
A954 | 00000000 | 
A958 | 00000000 | 
A95C | 00000000 | 
A960 | 00000000 | 
A964 | 00000000 | 
A968 | 00000000 | 
A96C | 00000000 | 
A970 | 00000000 | 
A974 | 00000000 | 
A978 | 00000000 | 
A97C | 00000000 | 
A980 | 00000000 | 
A984 | 00000000 | 
A988 | 00000000 | 
A98C | 00000000 | 
A990 | 00000000 | 
A994 | 00000000 | 
A998 | 00000000 | 
A99C | 00000000 | 
A9A0 | 00000000 | 
A9A4 | 00000000 | 
A9A8 | 00000000 | 
A9AC | 00000000 | 
A9B0 | 00000000 | 
A9B4 | 00000000 | 
A9B8 | 00000000 | 
A9BC | 00000000 | 
A9C0 | 00000000 | 
A9C4 | 00000000 | 
A9C8 | 00000000 | 
A9CC | 00000000 | 
A9D0 | 00000000 | 
A9D4 | 00000000 | 
A9D8 | 00000000 | 
A9DC | 00000000 | 
A9E0 | 00000000 | 
A9E4 | 00000000 | 
A9E8 | 00000000 | 
A9EC | 00000000 | 
A9F0 | 00000000 | 
A9F4 | 00000000 | 
A9F8 | 00000000 | 
A9FC | 00000000 | 
AA00 | 00000000 | 
AA04 | 00000000 | 
AA08 | 00000000 | 
AA0C | 00000000 | 
AA10 | 00000000 | 
AA14 | 00000000 | 
AA18 | 00000000 | 
AA1C | 00000000 | 
AA20 | 00000000 | 
AA24 | 00000000 | 
AA28 | 00000000 | 
AA2C | 00000000 | 
AA30 | 00000000 | 
AA34 | 00000000 | 
AA38 | 00000000 | 
AA3C | 00000000 | 
AA40 | 00000000 | 
AA44 | 00000000 | 
AA48 | 00000000 | 
AA4C | 00000000 | 
AA50 | 00000000 | 
AA54 | 00000000 | 
AA58 | 00000000 | 
AA5C | 00000000 | 
AA60 | 00000000 | 
AA64 | 00000000 | 
AA68 | 00000000 | 
AA6C | 00000000 | 
AA70 | 00000000 | 
AA74 | 00000000 | 
AA78 | 00000000 | 
AA7C | 00000000 | 
AA80 | 00000000 | 
AA84 | 00000000 | 
AA88 | 00000000 | 
AA8C | 00000000 | 
AA90 | 00000000 | 
AA94 | 00000000 | 
AA98 | 00000000 | 
AA9C | 00000000 | 
AAA0 | 00000000 | 
AAA4 | 00000000 | 
AAA8 | 00000000 | 
AAAC | 00000000 | 
AAB0 | 00000000 | 
AAB4 | 00000000 | 
AAB8 | 00000000 | 
AABC | 00000000 | 
AAC0 | 00000000 | 
AAC4 | 00000000 | 
AAC8 | 00000000 | 
AACC | 00000000 | 
AAD0 | 00000000 | 
AAD4 | 00000000 | 
AAD8 | 00000000 | 
AADC | 00000000 | 
AAE0 | 00000000 | 
AAE4 | 00000000 | 
AAE8 | 00000000 | 
AAEC | 00000000 | 
AAF0 | 00000000 | 
AAF4 | 00000000 | 
AAF8 | 00000000 | 
AAFC | 00000000 | 
AB00 | 00000000 | 
AB04 | 00000000 | 
AB08 | 00000000 | 
AB0C | 00000000 | 
AB10 | 00000000 | 
AB14 | 00000000 | 
AB18 | 00000000 | 
AB1C | 00000000 | 
AB20 | 00000000 | 
AB24 | 00000000 | 
AB28 | 00000000 | 
AB2C | 00000000 | 
AB30 | 00000000 | 
AB34 | 00000000 | 
AB38 | 00000000 | 
AB3C | 00000000 | 
AB40 | 00000000 | 
AB44 | 00000000 | 
AB48 | 00000000 | 
AB4C | 00000000 | 
AB50 | 00000000 | 
AB54 | 00000000 | 
AB58 | 00000000 | 
AB5C | 00000000 | 
AB60 | 00000000 | 
AB64 | 00000000 | 
AB68 | 00000000 | 
AB6C | 00000000 | 
AB70 | 00000000 | 
AB74 | 00000000 | 
AB78 | 00000000 | 
AB7C | 00000000 | 
AB80 | 00000000 | 
AB84 | 00000000 | 
AB88 | 00000000 | 
AB8C | 00000000 | 
AB90 | 00000000 | 
AB94 | 00000000 | 
AB98 | 00000000 | 
AB9C | 00000000 | 
ABA0 | 00000000 | 
ABA4 | 00000000 | 
ABA8 | 00000000 | 
ABAC | 00000000 | 
ABB0 | 00000000 | 
ABB4 | 00000000 | 
ABB8 | 00000000 | 
ABBC | 00000000 | 
ABC0 | 00000000 | 
ABC4 | 00000000 | 
ABC8 | 00000000 | 
ABCC | 00000000 | 
ABD0 | 00000000 | 
ABD4 | 00000000 | 
ABD8 | 00000000 | 
ABDC | 00000000 | 
ABE0 | 00000000 | 
ABE4 | 00000000 | 
ABE8 | 00000000 | 
ABEC | 00000000 | 
ABF0 | 00000000 | 
ABF4 | 00000000 | 
ABF8 | 00000000 | 
ABFC | 00000000 | 
AC00 | 00000000 | 
AC04 | 00000000 | 
AC08 | 00000000 | 
AC0C | 00000000 | 
AC10 | 00000000 | 
AC14 | 00000000 | 
AC18 | 00000000 | 
AC1C | 00000000 | 
AC20 | 00000000 | 
AC24 | 00000000 | 
AC28 | 00000000 | 
AC2C | 00000000 | 
AC30 | 00000000 | 
AC34 | 00000000 | 
AC38 | 00000000 | 
AC3C | 00000000 | 
AC40 | 00000000 | 
AC44 | 00000000 | 
AC48 | 00000000 | 
AC4C | 00000000 | 
AC50 | 00000000 | 
AC54 | 00000000 | 
AC58 | 00000000 | 
AC5C | 00000000 | 
AC60 | 00000000 | 
AC64 | 00000000 | 
AC68 | 00000000 | 
AC6C | 00000000 | 
AC70 | 00000000 | 
AC74 | 00000000 | 
AC78 | 00000000 | 
AC7C | 00000000 | 
AC80 | 00000000 | 
AC84 | 00000000 | 
AC88 | 00000000 | 
AC8C | 00000000 | 
AC90 | 00000000 | 
AC94 | 00000000 | 
AC98 | 00000000 | 
AC9C | 00000000 | 
ACA0 | 00000000 | 
ACA4 | 00000000 | 
ACA8 | 00000000 | 
ACAC | 00000000 | 
ACB0 | 00000000 | 
ACB4 | 00000000 | 
ACB8 | 00000000 | 
ACBC | 00000000 | 
ACC0 | 00000000 | 
ACC4 | 00000000 | 
ACC8 | 00000000 | 
ACCC | 00000000 | 
ACD0 | 00000000 | 
ACD4 | 00000000 | 
ACD8 | 00000000 | 
ACDC | 00000000 | 
ACE0 | 00000000 | 
ACE4 | 00000000 | 
ACE8 | 00000000 | 
ACEC | 00000000 | 
ACF0 | 00000000 | 
ACF4 | 00000000 | 
ACF8 | 00000000 | 
ACFC | 00000000 | 
AD00 | 00000000 | 
AD04 | 00000000 | 
AD08 | 00000000 | 
AD0C | 00000000 | 
AD10 | 00000000 | 
AD14 | 00000000 | 
AD18 | 00000000 | 
AD1C | 00000000 | 
AD20 | 00000000 | 
AD24 | 00000000 | 
AD28 | 00000000 | 
AD2C | 00000000 | 
AD30 | 00000000 | 
AD34 | 00000000 | 
AD38 | 00000000 | 
AD3C | 00000000 | 
AD40 | 00000000 | 
AD44 | 00000000 | 
AD48 | 00000000 | 
AD4C | 00000000 | 
AD50 | 00000000 | 
AD54 | 00000000 | 
AD58 | 00000000 | 
AD5C | 00000000 | 
AD60 | 00000000 | 
AD64 | 00000000 | 
AD68 | 00000000 | 
AD6C | 00000000 | 
AD70 | 00000000 | 
AD74 | 00000000 | 
AD78 | 00000000 | 
AD7C | 00000000 | 
AD80 | 00000000 | 
AD84 | 00000000 | 
AD88 | 00000000 | 
AD8C | 00000000 | 
AD90 | 00000000 | 
AD94 | 00000000 | 
AD98 | 00000000 | 
AD9C | 00000000 | 
ADA0 | 00000000 | 
ADA4 | 00000000 | 
ADA8 | 00000000 | 
ADAC | 00000000 | 
ADB0 | 00000000 | 
ADB4 | 00000000 | 
ADB8 | 00000000 | 
ADBC | 00000000 | 
ADC0 | 00000000 | 
ADC4 | 00000000 | 
ADC8 | 00000000 | 
ADCC | 00000000 | 
ADD0 | 00000000 | 
ADD4 | 00000000 | 
ADD8 | 00000000 | 
ADDC | 00000000 | 
ADE0 | 00000000 | 
ADE4 | 00000000 | 
ADE8 | 00000000 | 
ADEC | 00000000 | 
ADF0 | 00000000 | 
ADF4 | 00000000 | 
ADF8 | 00000000 | 
ADFC | 00000000 | 
AE00 | 00000000 | 
AE04 | 00000000 | 
AE08 | 00000000 | 
AE0C | 00000000 | 
AE10 | 00000000 | 
AE14 | 00000000 | 
AE18 | 00000000 | 
AE1C | 00000000 | 
AE20 | 00000000 | 
AE24 | 00000000 | 
AE28 | 00000000 | 
AE2C | 00000000 | 
AE30 | 00000000 | 
AE34 | 00000000 | 
AE38 | 00000000 | 
AE3C | 00000000 | 
AE40 | 00000000 | 
AE44 | 00000000 | 
AE48 | 00000000 | 
AE4C | 00000000 | 
AE50 | 00000000 | 
AE54 | 00000000 | 
AE58 | 00000000 | 
AE5C | 00000000 | 
AE60 | 00000000 | 
AE64 | 00000000 | 
AE68 | 00000000 | 
AE6C | 00000000 | 
AE70 | 00000000 | 
AE74 | 00000000 | 
AE78 | 00000000 | 
AE7C | 00000000 | 
AE80 | 00000000 | 
AE84 | 00000000 | 
AE88 | 00000000 | 
AE8C | 00000000 | 
AE90 | 00000000 | 
AE94 | 00000000 | 
AE98 | 00000000 | 
AE9C | 00000000 | 
AEA0 | 00000000 | 
AEA4 | 00000000 | 
AEA8 | 00000000 | 
AEAC | 00000000 | 
AEB0 | 00000000 | 
AEB4 | 00000000 | 
AEB8 | 00000000 | 
AEBC | 00000000 | 
AEC0 | 00000000 | 
AEC4 | 00000000 | 
AEC8 | 00000000 | 
AECC | 00000000 | 
AED0 | 00000000 | 
AED4 | 00000000 | 
AED8 | 00000000 | 
AEDC | 00000000 | 
AEE0 | 00000000 | 
AEE4 | 00000000 | 
AEE8 | 00000000 | 
AEEC | 00000000 | 
AEF0 | 00000000 | 
AEF4 | 00000000 | 
AEF8 | 00000000 | 
AEFC | 00000000 | 
AF00 | 00000000 | 
AF04 | 00000000 | 
AF08 | 00000000 | 
AF0C | 00000000 | 
AF10 | 00000000 | 
AF14 | 00000000 | 
AF18 | 00000000 | 
AF1C | 00000000 | 
AF20 | 00000000 | 
AF24 | 00000000 | 
AF28 | 00000000 | 
AF2C | 00000000 | 
AF30 | 00000000 | 
AF34 | 00000000 | 
AF38 | 00000000 | 
AF3C | 00000000 | 
AF40 | 00000000 | 
AF44 | 00000000 | 
AF48 | 00000000 | 
AF4C | 00000000 | 
AF50 | 00000000 | 
AF54 | 00000000 | 
AF58 | 00000000 | 
AF5C | 00000000 | 
AF60 | 00000000 | 
AF64 | 00000000 | 
AF68 | 00000000 | 
AF6C | 00000000 | 
AF70 | 00000000 | 
AF74 | 00000000 | 
AF78 | 00000000 | 
AF7C | 00000000 | 
AF80 | 00000000 | 
AF84 | 00000000 | 
AF88 | 00000000 | 
AF8C | 00000000 | 
AF90 | 00000000 | 
AF94 | 00000000 | 
AF98 | 00000000 | 
AF9C | 00000000 | 
AFA0 | 00000000 | 
AFA4 | 00000000 | 
AFA8 | 00000000 | 
AFAC | 00000000 | 
AFB0 | 00000000 | 
AFB4 | 00000000 | 
AFB8 | 00000000 | 
AFBC | 00000000 | 
AFC0 | 00000000 | 
AFC4 | 00000000 | 
AFC8 | 00000000 | 
AFCC | 00000000 | 
AFD0 | 00000000 | 
AFD4 | 00000000 | 
AFD8 | 00000000 | 
AFDC | 00000000 | 
AFE0 | 00000000 | 
AFE4 | 00000000 | 
AFE8 | 00000000 | 
AFEC | 00000000 | 
AFF0 | 00000000 | 
AFF4 | 00000000 | 
AFF8 | 00000000 | 
AFFC | 00000000 | 
B000 | 00000000 | 
B004 | 00000000 | 
B008 | 00000000 | 
B00C | 00000000 | 
B010 | 00000000 | 
B014 | 00000000 | 
B018 | 00000000 | 
B01C | 00000000 | 
B020 | 00000000 | 
B024 | 00000000 | 
B028 | 00000000 | 
B02C | 00000000 | 
B030 | 00000000 | 
B034 | 00000000 | 
B038 | 00000000 | 
B03C | 00000000 | 
B040 | 00000000 | 
B044 | 00000000 | 
B048 | 00000000 | 
B04C | 00000000 | 
B050 | 00000000 | 
B054 | 00000000 | 
B058 | 00000000 | 
B05C | 00000000 | 
B060 | 00000000 | 
B064 | 00000000 | 
B068 | 00000000 | 
B06C | 00000000 | 
B070 | 00000000 | 
B074 | 00000000 | 
B078 | 00000000 | 
B07C | 00000000 | 
B080 | 00000000 | 
B084 | 00000000 | 
B088 | 00000000 | 
B08C | 00000000 | 
B090 | 00000000 | 
B094 | 00000000 | 
B098 | 00000000 | 
B09C | 00000000 | 
B0A0 | 00000000 | 
B0A4 | 00000000 | 
B0A8 | 00000000 | 
B0AC | 00000000 | 
B0B0 | 00000000 | 
B0B4 | 00000000 | 
B0B8 | 00000000 | 
B0BC | 00000000 | 
B0C0 | 00000000 | 
B0C4 | 00000000 | 
B0C8 | 00000000 | 
B0CC | 00000000 | 
B0D0 | 00000000 | 
B0D4 | 00000000 | 
B0D8 | 00000000 | 
B0DC | 00000000 | 
B0E0 | 00000000 | 
B0E4 | 00000000 | 
B0E8 | 00000000 | 
B0EC | 00000000 | 
B0F0 | 00000000 | 
B0F4 | 00000000 | 
B0F8 | 00000000 | 
B0FC | 00000000 | 
B100 | 00000000 | 
B104 | 00000000 | 
B108 | 00000000 | 
B10C | 00000000 | 
B110 | 00000000 | 
B114 | 00000000 | 
B118 | 00000000 | 
B11C | 00000000 | 
B120 | 00000000 | 
B124 | 00000000 | 
B128 | 00000000 | 
B12C | 00000000 | 
B130 | 00000000 | 
B134 | 00000000 | 
B138 | 00000000 | 
B13C | 00000000 | 
B140 | 00000000 | 
B144 | 00000000 | 
B148 | 00000000 | 
B14C | 00000000 | 
B150 | 00000000 | 
B154 | 00000000 | 
B158 | 00000000 | 
B15C | 00000000 | 
B160 | 00000000 | 
B164 | 00000000 | 
B168 | 00000000 | 
B16C | 00000000 | 
B170 | 00000000 | 
B174 | 00000000 | 
B178 | 00000000 | 
B17C | 00000000 | 
B180 | 00000000 | 
B184 | 00000000 | 
B188 | 00000000 | 
B18C | 00000000 | 
B190 | 00000000 | 
B194 | 00000000 | 
B198 | 00000000 | 
B19C | 00000000 | 
B1A0 | 00000000 | 
B1A4 | 00000000 | 
B1A8 | 00000000 | 
B1AC | 00000000 | 
B1B0 | 00000000 | 
B1B4 | 00000000 | 
B1B8 | 00000000 | 
B1BC | 00000000 | 
B1C0 | 00000000 | 
B1C4 | 00000000 | 
B1C8 | 00000000 | 
B1CC | 00000000 | 
B1D0 | 00000000 | 
B1D4 | 00000000 | 
B1D8 | 00000000 | 
B1DC | 00000000 | 
B1E0 | 00000000 | 
B1E4 | 00000000 | 
B1E8 | 00000000 | 
B1EC | 00000000 | 
B1F0 | 00000000 | 
B1F4 | 00000000 | 
B1F8 | 00000000 | 
B1FC | 00000000 | 
B200 | 00000000 | 
B204 | 00000000 | 
B208 | 00000000 | 
B20C | 00000000 | 
B210 | 00000000 | 
B214 | 00000000 | 
B218 | 00000000 | 
B21C | 00000000 | 
B220 | 00000000 | 
B224 | 00000000 | 
B228 | 00000000 | 
B22C | 00000000 | 
B230 | 00000000 | 
B234 | 00000000 | 
B238 | 00000000 | 
B23C | 00000000 | 
B240 | 00000000 | 
B244 | 00000000 | 
B248 | 00000000 | 
B24C | 00000000 | 
B250 | 00000000 | 
B254 | 00000000 | 
B258 | 00000000 | 
B25C | 00000000 | 
B260 | 00000000 | 
B264 | 00000000 | 
B268 | 00000000 | 
B26C | 00000000 | 
B270 | 00000000 | 
B274 | 00000000 | 
B278 | 00000000 | 
B27C | 00000000 | 
B280 | 00000000 | 
B284 | 00000000 | 
B288 | 00000000 | 
B28C | 00000000 | 
B290 | 00000000 | 
B294 | 00000000 | 
B298 | 00000000 | 
B29C | 00000000 | 
B2A0 | 00000000 | 
B2A4 | 00000000 | 
B2A8 | 00000000 | 
B2AC | 00000000 | 
B2B0 | 00000000 | 
B2B4 | 00000000 | 
B2B8 | 00000000 | 
B2BC | 00000000 | 
B2C0 | 00000000 | 
B2C4 | 00000000 | 
B2C8 | 00000000 | 
B2CC | 00000000 | 
B2D0 | 00000000 | 
B2D4 | 00000000 | 
B2D8 | 00000000 | 
B2DC | 00000000 | 
B2E0 | 00000000 | 
B2E4 | 00000000 | 
B2E8 | 00000000 | 
B2EC | 00000000 | 
B2F0 | 00000000 | 
B2F4 | 00000000 | 
B2F8 | 00000000 | 
B2FC | 00000000 | 
B300 | 00000000 | 
B304 | 00000000 | 
B308 | 00000000 | 
B30C | 00000000 | 
B310 | 00000000 | 
B314 | 00000000 | 
B318 | 00000000 | 
B31C | 00000000 | 
B320 | 00000000 | 
B324 | 00000000 | 
B328 | 00000000 | 
B32C | 00000000 | 
B330 | 00000000 | 
B334 | 00000000 | 
B338 | 00000000 | 
B33C | 00000000 | 
B340 | 00000000 | 
B344 | 00000000 | 
B348 | 00000000 | 
B34C | 00000000 | 
B350 | 00000000 | 
B354 | 00000000 | 
B358 | 00000000 | 
B35C | 00000000 | 
B360 | 00000000 | 
B364 | 00000000 | 
B368 | 00000000 | 
B36C | 00000000 | 
B370 | 00000000 | 
B374 | 00000000 | 
B378 | 00000000 | 
B37C | 00000000 | 
B380 | 00000000 | 
B384 | 00000000 | 
B388 | 00000000 | 
B38C | 00000000 | 
B390 | 00000000 | 
B394 | 00000000 | 
B398 | 00000000 | 
B39C | 00000000 | 
B3A0 | 00000000 | 
B3A4 | 00000000 | 
B3A8 | 00000000 | 
B3AC | 00000000 | 
B3B0 | 00000000 | 
B3B4 | 00000000 | 
B3B8 | 00000000 | 
B3BC | 00000000 | 
B3C0 | 00000000 | 
B3C4 | 00000000 | 
B3C8 | 00000000 | 
B3CC | 00000000 | 
B3D0 | 00000000 | 
B3D4 | 00000000 | 
B3D8 | 00000000 | 
B3DC | 00000000 | 
B3E0 | 00000000 | 
B3E4 | 00000000 | 
B3E8 | 00000000 | 
B3EC | 00000000 | 
B3F0 | 00000000 | 
B3F4 | 00000000 | 
B3F8 | 00000000 | 
B3FC | 00000000 | 
B400 | 00000000 | 
B404 | 00000000 | 
B408 | 00000000 | 
B40C | 00000000 | 
B410 | 00000000 | 
B414 | 00000000 | 
B418 | 00000000 | 
B41C | 00000000 | 
B420 | 00000000 | 
B424 | 00000000 | 
B428 | 00000000 | 
B42C | 00000000 | 
B430 | 00000000 | 
B434 | 00000000 | 
B438 | 00000000 | 
B43C | 00000000 | 
B440 | 00000000 | 
B444 | 00000000 | 
B448 | 00000000 | 
B44C | 00000000 | 
B450 | 00000000 | 
B454 | 00000000 | 
B458 | 00000000 | 
B45C | 00000000 | 
B460 | 00000000 | 
B464 | 00000000 | 
B468 | 00000000 | 
B46C | 00000000 | 
B470 | 00000000 | 
B474 | 00000000 | 
B478 | 00000000 | 
B47C | 00000000 | 
B480 | 00000000 | 
B484 | 00000000 | 
B488 | 00000000 | 
B48C | 00000000 | 
B490 | 00000000 | 
B494 | 00000000 | 
B498 | 00000000 | 
B49C | 00000000 | 
B4A0 | 00000000 | 
B4A4 | 00000000 | 
B4A8 | 00000000 | 
B4AC | 00000000 | 
B4B0 | 00000000 | 
B4B4 | 00000000 | 
B4B8 | 00000000 | 
B4BC | 00000000 | 
B4C0 | 00000000 | 
B4C4 | 00000000 | 
B4C8 | 00000000 | 
B4CC | 00000000 | 
B4D0 | 00000000 | 
B4D4 | 00000000 | 
B4D8 | 00000000 | 
B4DC | 00000000 | 
B4E0 | 00000000 | 
B4E4 | 00000000 | 
B4E8 | 00000000 | 
B4EC | 00000000 | 
B4F0 | 00000000 | 
B4F4 | 00000000 | 
B4F8 | 00000000 | 
B4FC | 00000000 | 
B500 | 00000000 | 
B504 | 00000000 | 
B508 | 00000000 | 
B50C | 00000000 | 
B510 | 00000000 | 
B514 | 00000000 | 
B518 | 00000000 | 
B51C | 00000000 | 
B520 | 00000000 | 
B524 | 00000000 | 
B528 | 00000000 | 
B52C | 00000000 | 
B530 | 00000000 | 
B534 | 00000000 | 
B538 | 00000000 | 
B53C | 00000000 | 
B540 | 00000000 | 
B544 | 00000000 | 
B548 | 00000000 | 
B54C | 00000000 | 
B550 | 00000000 | 
B554 | 00000000 | 
B558 | 00000000 | 
B55C | 00000000 | 
B560 | 00000000 | 
B564 | 00000000 | 
B568 | 00000000 | 
B56C | 00000000 | 
B570 | 00000000 | 
B574 | 00000000 | 
B578 | 00000000 | 
B57C | 00000000 | 
B580 | 00000000 | 
B584 | 00000000 | 
B588 | 00000000 | 
B58C | 00000000 | 
B590 | 00000000 | 
B594 | 00000000 | 
B598 | 00000000 | 
B59C | 00000000 | 
B5A0 | 00000000 | 
B5A4 | 00000000 | 
B5A8 | 00000000 | 
B5AC | 00000000 | 
B5B0 | 00000000 | 
B5B4 | 00000000 | 
B5B8 | 00000000 | 
B5BC | 00000000 | 
B5C0 | 00000000 | 
B5C4 | 00000000 | 
B5C8 | 00000000 | 
B5CC | 00000000 | 
B5D0 | 00000000 | 
B5D4 | 00000000 | 
B5D8 | 00000000 | 
B5DC | 00000000 | 
B5E0 | 00000000 | 
B5E4 | 00000000 | 
B5E8 | 00000000 | 
B5EC | 00000000 | 
B5F0 | 00000000 | 
B5F4 | 00000000 | 
B5F8 | 00000000 | 
B5FC | 00000000 | 
B600 | 00000000 | 
B604 | 00000000 | 
B608 | 00000000 | 
B60C | 00000000 | 
B610 | 00000000 | 
B614 | 00000000 | 
B618 | 00000000 | 
B61C | 00000000 | 
B620 | 00000000 | 
B624 | 00000000 | 
B628 | 00000000 | 
B62C | 00000000 | 
B630 | 00000000 | 
B634 | 00000000 | 
B638 | 00000000 | 
B63C | 00000000 | 
B640 | 00000000 | 
B644 | 00000000 | 
B648 | 00000000 | 
B64C | 00000000 | 
B650 | 00000000 | 
B654 | 00000000 | 
B658 | 00000000 | 
B65C | 00000000 | 
B660 | 00000000 | 
B664 | 00000000 | 
B668 | 00000000 | 
B66C | 00000000 | 
B670 | 00000000 | 
B674 | 00000000 | 
B678 | 00000000 | 
B67C | 00000000 | 
B680 | 00000000 | 
B684 | 00000000 | 
B688 | 00000000 | 
B68C | 00000000 | 
B690 | 00000000 | 
B694 | 00000000 | 
B698 | 00000000 | 
B69C | 00000000 | 
B6A0 | 00000000 | 
B6A4 | 00000000 | 
B6A8 | 00000000 | 
B6AC | 00000000 | 
B6B0 | 00000000 | 
B6B4 | 00000000 | 
B6B8 | 00000000 | 
B6BC | 00000000 | 
B6C0 | 00000000 | 
B6C4 | 00000000 | 
B6C8 | 00000000 | 
B6CC | 00000000 | 
B6D0 | 00000000 | 
B6D4 | 00000000 | 
B6D8 | 00000000 | 
B6DC | 00000000 | 
B6E0 | 00000000 | 
B6E4 | 00000000 | 
B6E8 | 00000000 | 
B6EC | 00000000 | 
B6F0 | 00000000 | 
B6F4 | 00000000 | 
B6F8 | 00000000 | 
B6FC | 00000000 | 
B700 | 00000000 | 
B704 | 00000000 | 
B708 | 00000000 | 
B70C | 00000000 | 
B710 | 00000000 | 
B714 | 00000000 | 
B718 | 00000000 | 
B71C | 00000000 | 
B720 | 00000000 | 
B724 | 00000000 | 
B728 | 00000000 | 
B72C | 00000000 | 
B730 | 00000000 | 
B734 | 00000000 | 
B738 | 00000000 | 
B73C | 00000000 | 
B740 | 00000000 | 
B744 | 00000000 | 
B748 | 00000000 | 
B74C | 00000000 | 
B750 | 00000000 | 
B754 | 00000000 | 
B758 | 00000000 | 
B75C | 00000000 | 
B760 | 00000000 | 
B764 | 00000000 | 
B768 | 00000000 | 
B76C | 00000000 | 
B770 | 00000000 | 
B774 | 00000000 | 
B778 | 00000000 | 
B77C | 00000000 | 
B780 | 00000000 | 
B784 | 00000000 | 
B788 | 00000000 | 
B78C | 00000000 | 
B790 | 00000000 | 
B794 | 00000000 | 
B798 | 00000000 | 
B79C | 00000000 | 
B7A0 | 00000000 | 
B7A4 | 00000000 | 
B7A8 | 00000000 | 
B7AC | 00000000 | 
B7B0 | 00000000 | 
B7B4 | 00000000 | 
B7B8 | 00000000 | 
B7BC | 00000000 | 
B7C0 | 00000000 | 
B7C4 | 00000000 | 
B7C8 | 00000000 | 
B7CC | 00000000 | 
B7D0 | 00000000 | 
B7D4 | 00000000 | 
B7D8 | 00000000 | 
B7DC | 00000000 | 
B7E0 | 00000000 | 
B7E4 | 00000000 | 
B7E8 | 00000000 | 
B7EC | 00000000 | 
B7F0 | 00000000 | 
B7F4 | 00000000 | 
B7F8 | 00000000 | 
B7FC | 00000000 | 
B800 | 00000000 | 
B804 | 00000000 | 
B808 | 00000000 | 
B80C | 00000000 | 
B810 | 00000000 | 
B814 | 00000000 | 
B818 | 00000000 | 
B81C | 00000000 | 
B820 | 00000000 | 
B824 | 00000000 | 
B828 | 00000000 | 
B82C | 00000000 | 
B830 | 00000000 | 
B834 | 00000000 | 
B838 | 00000000 | 
B83C | 00000000 | 
B840 | 00000000 | 
B844 | 00000000 | 
B848 | 00000000 | 
B84C | 00000000 | 
B850 | 00000000 | 
B854 | 00000000 | 
B858 | 00000000 | 
B85C | 00000000 | 
B860 | 00000000 | 
B864 | 00000000 | 
B868 | 00000000 | 
B86C | 00000000 | 
B870 | 00000000 | 
B874 | 00000000 | 
B878 | 00000000 | 
B87C | 00000000 | 
B880 | 00000000 | 
B884 | 00000000 | 
B888 | 00000000 | 
B88C | 00000000 | 
B890 | 00000000 | 
B894 | 00000000 | 
B898 | 00000000 | 
B89C | 00000000 | 
B8A0 | 00000000 | 
B8A4 | 00000000 | 
B8A8 | 00000000 | 
B8AC | 00000000 | 
B8B0 | 00000000 | 
B8B4 | 00000000 | 
B8B8 | 00000000 | 
B8BC | 00000000 | 
B8C0 | 00000000 | 
B8C4 | 00000000 | 
B8C8 | 00000000 | 
B8CC | 00000000 | 
B8D0 | 00000000 | 
B8D4 | 00000000 | 
B8D8 | 00000000 | 
B8DC | 00000000 | 
B8E0 | 00000000 | 
B8E4 | 00000000 | 
B8E8 | 00000000 | 
B8EC | 00000000 | 
B8F0 | 00000000 | 
B8F4 | 00000000 | 
B8F8 | 00000000 | 
B8FC | 00000000 | 
B900 | 00000000 | 
B904 | 00000000 | 
B908 | 00000000 | 
B90C | 00000000 | 
B910 | 00000000 | 
B914 | 00000000 | 
B918 | 00000000 | 
B91C | 00000000 | 
B920 | 00000000 | 
B924 | 00000000 | 
B928 | 00000000 | 
B92C | 00000000 | 
B930 | 00000000 | 
B934 | 00000000 | 
B938 | 00000000 | 
B93C | 00000000 | 
B940 | 00000000 | 
B944 | 00000000 | 
B948 | 00000000 | 
B94C | 00000000 | 
B950 | 00000000 | 
B954 | 00000000 | 
B958 | 00000000 | 
B95C | 00000000 | 
B960 | 00000000 | 
B964 | 00000000 | 
B968 | 00000000 | 
B96C | 00000000 | 
B970 | 00000000 | 
B974 | 00000000 | 
B978 | 00000000 | 
B97C | 00000000 | 
B980 | 00000000 | 
B984 | 00000000 | 
B988 | 00000000 | 
B98C | 00000000 | 
B990 | 00000000 | 
B994 | 00000000 | 
B998 | 00000000 | 
B99C | 00000000 | 
B9A0 | 00000000 | 
B9A4 | 00000000 | 
B9A8 | 00000000 | 
B9AC | 00000000 | 
B9B0 | 00000000 | 
B9B4 | 00000000 | 
B9B8 | 00000000 | 
B9BC | 00000000 | 
B9C0 | 00000000 | 
B9C4 | 00000000 | 
B9C8 | 00000000 | 
B9CC | 00000000 | 
B9D0 | 00000000 | 
B9D4 | 00000000 | 
B9D8 | 00000000 | 
B9DC | 00000000 | 
B9E0 | 00000000 | 
B9E4 | 00000000 | 
B9E8 | 00000000 | 
B9EC | 00000000 | 
B9F0 | 00000000 | 
B9F4 | 00000000 | 
B9F8 | 00000000 | 
B9FC | 00000000 | 
BA00 | 00000000 | 
BA04 | 00000000 | 
BA08 | 00000000 | 
BA0C | 00000000 | 
BA10 | 00000000 | 
BA14 | 00000000 | 
BA18 | 00000000 | 
BA1C | 00000000 | 
BA20 | 00000000 | 
BA24 | 00000000 | 
BA28 | 00000000 | 
BA2C | 00000000 | 
BA30 | 00000000 | 
BA34 | 00000000 | 
BA38 | 00000000 | 
BA3C | 00000000 | 
BA40 | 00000000 | 
BA44 | 00000000 | 
BA48 | 00000000 | 
BA4C | 00000000 | 
BA50 | 00000000 | 
BA54 | 00000000 | 
BA58 | 00000000 | 
BA5C | 00000000 | 
BA60 | 00000000 | 
BA64 | 00000000 | 
BA68 | 00000000 | 
BA6C | 00000000 | 
BA70 | 00000000 | 
BA74 | 00000000 | 
BA78 | 00000000 | 
BA7C | 00000000 | 
BA80 | 00000000 | 
BA84 | 00000000 | 
BA88 | 00000000 | 
BA8C | 00000000 | 
BA90 | 00000000 | 
BA94 | 00000000 | 
BA98 | 00000000 | 
BA9C | 00000000 | 
BAA0 | 00000000 | 
BAA4 | 00000000 | 
BAA8 | 00000000 | 
BAAC | 00000000 | 
BAB0 | 00000000 | 
BAB4 | 00000000 | 
BAB8 | 00000000 | 
BABC | 00000000 | 
BAC0 | 00000000 | 
BAC4 | 00000000 | 
BAC8 | 00000000 | 
BACC | 00000000 | 
BAD0 | 00000000 | 
BAD4 | 00000000 | 
BAD8 | 00000000 | 
BADC | 00000000 | 
BAE0 | 00000000 | 
BAE4 | 00000000 | 
BAE8 | 00000000 | 
BAEC | 00000000 | 
BAF0 | 00000000 | 
BAF4 | 00000000 | 
BAF8 | 00000000 | 
BAFC | 00000000 | 
BB00 | 00000000 | 
BB04 | 00000000 | 
BB08 | 00000000 | 
BB0C | 00000000 | 
BB10 | 00000000 | 
BB14 | 00000000 | 
BB18 | 00000000 | 
BB1C | 00000000 | 
BB20 | 00000000 | 
BB24 | 00000000 | 
BB28 | 00000000 | 
BB2C | 00000000 | 
BB30 | 00000000 | 
BB34 | 00000000 | 
BB38 | 00000000 | 
BB3C | 00000000 | 
BB40 | 00000000 | 
BB44 | 00000000 | 
BB48 | 00000000 | 
BB4C | 00000000 | 
BB50 | 00000000 | 
BB54 | 00000000 | 
BB58 | 00000000 | 
BB5C | 00000000 | 
BB60 | 00000000 | 
BB64 | 00000000 | 
BB68 | 00000000 | 
BB6C | 00000000 | 
BB70 | 00000000 | 
BB74 | 00000000 | 
BB78 | 00000000 | 
BB7C | 00000000 | 
BB80 | 00000000 | 
BB84 | 00000000 | 
BB88 | 00000000 | 
BB8C | 00000000 | 
BB90 | 00000000 | 
BB94 | 00000000 | 
BB98 | 00000000 | 
BB9C | 00000000 | 
BBA0 | 00000000 | 
BBA4 | 00000000 | 
BBA8 | 00000000 | 
BBAC | 00000000 | 
BBB0 | 00000000 | 
BBB4 | 00000000 | 
BBB8 | 00000000 | 
BBBC | 00000000 | 
BBC0 | 00000000 | 
BBC4 | 00000000 | 
BBC8 | 00000000 | 
BBCC | 00000000 | 
BBD0 | 00000000 | 
BBD4 | 00000000 | 
BBD8 | 00000000 | 
BBDC | 00000000 | 
BBE0 | 00000000 | 
BBE4 | 00000000 | 
BBE8 | 00000000 | 
BBEC | 00000000 | 
BBF0 | 00000000 | 
BBF4 | 00000000 | 
BBF8 | 00000000 | 
BBFC | 00000000 | 
BC00 | 00000000 | 
BC04 | 00000000 | 
BC08 | 00000000 | 
BC0C | 00000000 | 
BC10 | 00000000 | 
BC14 | 00000000 | 
BC18 | 00000000 | 
BC1C | 00000000 | 
BC20 | 00000000 | 
BC24 | 00000000 | 
BC28 | 00000000 | 
BC2C | 00000000 | 
BC30 | 00000000 | 
BC34 | 00000000 | 
BC38 | 00000000 | 
BC3C | 00000000 | 
BC40 | 00000000 | 
BC44 | 00000000 | 
BC48 | 00000000 | 
BC4C | 00000000 | 
BC50 | 00000000 | 
BC54 | 00000000 | 
BC58 | 00000000 | 
BC5C | 00000000 | 
BC60 | 00000000 | 
BC64 | 00000000 | 
BC68 | 00000000 | 
BC6C | 00000000 | 
BC70 | 00000000 | 
BC74 | 00000000 | 
BC78 | 00000000 | 
BC7C | 00000000 | 
BC80 | 00000000 | 
BC84 | 00000000 | 
BC88 | 00000000 | 
BC8C | 00000000 | 
BC90 | 00000000 | 
BC94 | 00000000 | 
BC98 | 00000000 | 
BC9C | 00000000 | 
BCA0 | 00000000 | 
BCA4 | 00000000 | 
BCA8 | 00000000 | 
BCAC | 00000000 | 
BCB0 | 00000000 | 
BCB4 | 00000000 | 
BCB8 | 00000000 | 
BCBC | 00000000 | 
BCC0 | 00000000 | 
BCC4 | 00000000 | 
BCC8 | 00000000 | 
BCCC | 00000000 | 
BCD0 | 00000000 | 
BCD4 | 00000000 | 
BCD8 | 00000000 | 
BCDC | 00000000 | 
BCE0 | 00000000 | 
BCE4 | 00000000 | 
BCE8 | 00000000 | 
BCEC | 00000000 | 
BCF0 | 00000000 | 
BCF4 | 00000000 | 
BCF8 | 00000000 | 
BCFC | 00000000 | 
BD00 | 00000000 | 
BD04 | 00000000 | 
BD08 | 00000000 | 
BD0C | 00000000 | 
BD10 | 00000000 | 
BD14 | 00000000 | 
BD18 | 00000000 | 
BD1C | 00000000 | 
BD20 | 00000000 | 
BD24 | 00000000 | 
BD28 | 00000000 | 
BD2C | 00000000 | 
BD30 | 00000000 | 
BD34 | 00000000 | 
BD38 | 00000000 | 
BD3C | 00000000 | 
BD40 | 00000000 | 
BD44 | 00000000 | 
BD48 | 00000000 | 
BD4C | 00000000 | 
BD50 | 00000000 | 
BD54 | 00000000 | 
BD58 | 00000000 | 
BD5C | 00000000 | 
BD60 | 00000000 | 
BD64 | 00000000 | 
BD68 | 00000000 | 
BD6C | 00000000 | 
BD70 | 00000000 | 
BD74 | 00000000 | 
BD78 | 00000000 | 
BD7C | 00000000 | 
BD80 | 00000000 | 
BD84 | 00000000 | 
BD88 | 00000000 | 
BD8C | 00000000 | 
BD90 | 00000000 | 
BD94 | 00000000 | 
BD98 | 00000000 | 
BD9C | 00000000 | 
BDA0 | 00000000 | 
BDA4 | 00000000 | 
BDA8 | 00000000 | 
BDAC | 00000000 | 
BDB0 | 00000000 | 
BDB4 | 00000000 | 
BDB8 | 00000000 | 
BDBC | 00000000 | 
BDC0 | 00000000 | 
BDC4 | 00000000 | 
BDC8 | 00000000 | 
BDCC | 00000000 | 
BDD0 | 00000000 | 
BDD4 | 00000000 | 
BDD8 | 00000000 | 
BDDC | 00000000 | 
BDE0 | 00000000 | 
BDE4 | 00000000 | 
BDE8 | 00000000 | 
BDEC | 00000000 | 
BDF0 | 00000000 | 
BDF4 | 00000000 | 
BDF8 | 00000000 | 
BDFC | 00000000 | 
BE00 | 00000000 | 
BE04 | 00000000 | 
BE08 | 00000000 | 
BE0C | 00000000 | 
BE10 | 00000000 | 
BE14 | 00000000 | 
BE18 | 00000000 | 
BE1C | 00000000 | 
BE20 | 00000000 | 
BE24 | 00000000 | 
BE28 | 00000000 | 
BE2C | 00000000 | 
BE30 | 00000000 | 
BE34 | 00000000 | 
BE38 | 00000000 | 
BE3C | 00000000 | 
BE40 | 00000000 | 
BE44 | 00000000 | 
BE48 | 00000000 | 
BE4C | 00000000 | 
BE50 | 00000000 | 
BE54 | 00000000 | 
BE58 | 00000000 | 
BE5C | 00000000 | 
BE60 | 00000000 | 
BE64 | 00000000 | 
BE68 | 00000000 | 
BE6C | 00000000 | 
BE70 | 00000000 | 
BE74 | 00000000 | 
BE78 | 00000000 | 
BE7C | 00000000 | 
BE80 | 00000000 | 
BE84 | 00000000 | 
BE88 | 00000000 | 
BE8C | 00000000 | 
BE90 | 00000000 | 
BE94 | 00000000 | 
BE98 | 00000000 | 
BE9C | 00000000 | 
BEA0 | 00000000 | 
BEA4 | 00000000 | 
BEA8 | 00000000 | 
BEAC | 00000000 | 
BEB0 | 00000000 | 
BEB4 | 00000000 | 
BEB8 | 00000000 | 
BEBC | 00000000 | 
BEC0 | 00000000 | 
BEC4 | 00000000 | 
BEC8 | 00000000 | 
BECC | 00000000 | 
BED0 | 00000000 | 
BED4 | 00000000 | 
BED8 | 00000000 | 
BEDC | 00000000 | 
BEE0 | 00000000 | 
BEE4 | 00000000 | 
BEE8 | 00000000 | 
BEEC | 00000000 | 
BEF0 | 00000000 | 
BEF4 | 00000000 | 
BEF8 | 00000000 | 
BEFC | 00000000 | 
BF00 | 00000000 | 
BF04 | 00000000 | 
BF08 | 00000000 | 
BF0C | 00000000 | 
BF10 | 00000000 | 
BF14 | 00000000 | 
BF18 | 00000000 | 
BF1C | 00000000 | 
BF20 | 00000000 | 
BF24 | 00000000 | 
BF28 | 00000000 | 
BF2C | 00000000 | 
BF30 | 00000000 | 
BF34 | 00000000 | 
BF38 | 00000000 | 
BF3C | 00000000 | 
BF40 | 00000000 | 
BF44 | 00000000 | 
BF48 | 00000000 | 
BF4C | 00000000 | 
BF50 | 00000000 | 
BF54 | 00000000 | 
BF58 | 00000000 | 
BF5C | 00000000 | 
BF60 | 00000000 | 
BF64 | 00000000 | 
BF68 | 00000000 | 
BF6C | 00000000 | 
BF70 | 00000000 | 
BF74 | 00000000 | 
BF78 | 00000000 | 
BF7C | 00000000 | 
BF80 | 00000000 | 
BF84 | 00000000 | 
BF88 | 00000000 | 
BF8C | 00000000 | 
BF90 | 00000000 | 
BF94 | 00000000 | 
BF98 | 00000000 | 
BF9C | 00000000 | 
BFA0 | 00000000 | 
BFA4 | 00000000 | 
BFA8 | 00000000 | 
BFAC | 00000000 | 
BFB0 | 00000000 | 
BFB4 | 00000000 | 
BFB8 | 00000000 | 
BFBC | 00000000 | 
BFC0 | 00000000 | 
BFC4 | 00000000 | 
BFC8 | 00000000 | 
BFCC | 00000000 | 
BFD0 | 00000000 | 
BFD4 | 00000000 | 
BFD8 | 00000000 | 
BFDC | 00000000 | 
BFE0 | 00000000 | 
BFE4 | 00000000 | 
BFE8 | 00000000 | 
BFEC | 00000000 | 
BFF0 | 00000000 | 
BFF4 | 00000000 | 
BFF8 | 00000000 | 
BFFC | 00000000 | 
C000 | 00000000 | 
C004 | 00000000 | 
C008 | 00000000 | 
C00C | 00000000 | 
C010 | 00000000 | 
C014 | 00000000 | 
C018 | 00000000 | 
C01C | 00000000 | 
C020 | 00000000 | 
C024 | 00000000 | 
C028 | 00000000 | 
C02C | 00000000 | 
C030 | 00000000 | 
C034 | 00000000 | 
C038 | 00000000 | 
C03C | 00000000 | 
C040 | 00000000 | 
C044 | 00000000 | 
C048 | 00000000 | 
C04C | 00000000 | 
C050 | 00000000 | 
C054 | 00000000 | 
C058 | 00000000 | 
C05C | 00000000 | 
C060 | 00000000 | 
C064 | 00000000 | 
C068 | 00000000 | 
C06C | 00000000 | 
C070 | 00000000 | 
C074 | 00000000 | 
C078 | 00000000 | 
C07C | 00000000 | 
C080 | 00000000 | 
C084 | 00000000 | 
C088 | 00000000 | 
C08C | 00000000 | 
C090 | 00000000 | 
C094 | 00000000 | 
C098 | 00000000 | 
C09C | 00000000 | 
C0A0 | 00000000 | 
C0A4 | 00000000 | 
C0A8 | 00000000 | 
C0AC | 00000000 | 
C0B0 | 00000000 | 
C0B4 | 00000000 | 
C0B8 | 00000000 | 
C0BC | 00000000 | 
C0C0 | 00000000 | 
C0C4 | 00000000 | 
C0C8 | 00000000 | 
C0CC | 00000000 | 
C0D0 | 00000000 | 
C0D4 | 00000000 | 
C0D8 | 00000000 | 
C0DC | 00000000 | 
C0E0 | 00000000 | 
C0E4 | 00000000 | 
C0E8 | 00000000 | 
C0EC | 00000000 | 
C0F0 | 00000000 | 
C0F4 | 00000000 | 
C0F8 | 00000000 | 
C0FC | 00000000 | 
C100 | 00000000 | 
C104 | 00000000 | 
C108 | 00000000 | 
C10C | 00000000 | 
C110 | 00000000 | 
C114 | 00000000 | 
C118 | 00000000 | 
C11C | 00000000 | 
C120 | 00000000 | 
C124 | 00000000 | 
C128 | 00000000 | 
C12C | 00000000 | 
C130 | 00000000 | 
C134 | 00000000 | 
C138 | 00000000 | 
C13C | 00000000 | 
C140 | 00000000 | 
C144 | 00000000 | 
C148 | 00000000 | 
C14C | 00000000 | 
C150 | 00000000 | 
C154 | 00000000 | 
C158 | 00000000 | 
C15C | 00000000 | 
C160 | 00000000 | 
C164 | 00000000 | 
C168 | 00000000 | 
C16C | 00000000 | 
C170 | 00000000 | 
C174 | 00000000 | 
C178 | 00000000 | 
C17C | 00000000 | 
C180 | 00000000 | 
C184 | 00000000 | 
C188 | 00000000 | 
C18C | 00000000 | 
C190 | 00000000 | 
C194 | 00000000 | 
C198 | 00000000 | 
C19C | 00000000 | 
C1A0 | 00000000 | 
C1A4 | 00000000 | 
C1A8 | 00000000 | 
C1AC | 00000000 | 
C1B0 | 00000000 | 
C1B4 | 00000000 | 
C1B8 | 00000000 | 
C1BC | 00000000 | 
C1C0 | 00000000 | 
C1C4 | 00000000 | 
C1C8 | 00000000 | 
C1CC | 00000000 | 
C1D0 | 00000000 | 
C1D4 | 00000000 | 
C1D8 | 00000000 | 
C1DC | 00000000 | 
C1E0 | 00000000 | 
C1E4 | 00000000 | 
C1E8 | 00000000 | 
C1EC | 00000000 | 
C1F0 | 00000000 | 
C1F4 | 00000000 | 
C1F8 | 00000000 | 
C1FC | 00000000 | 
C200 | 00000000 | 
C204 | 00000000 | 
C208 | 00000000 | 
C20C | 00000000 | 
C210 | 00000000 | 
C214 | 00000000 | 
C218 | 00000000 | 
C21C | 00000000 | 
C220 | 00000000 | 
C224 | 00000000 | 
C228 | 00000000 | 
C22C | 00000000 | 
C230 | 00000000 | 
C234 | 00000000 | 
C238 | 00000000 | 
C23C | 00000000 | 
C240 | 00000000 | 
C244 | 00000000 | 
C248 | 00000000 | 
C24C | 00000000 | 
C250 | 00000000 | 
C254 | 00000000 | 
C258 | 00000000 | 
C25C | 00000000 | 
C260 | 00000000 | 
C264 | 00000000 | 
C268 | 00000000 | 
C26C | 00000000 | 
C270 | 00000000 | 
C274 | 00000000 | 
C278 | 00000000 | 
C27C | 00000000 | 
C280 | 00000000 | 
C284 | 00000000 | 
C288 | 00000000 | 
C28C | 00000000 | 
C290 | 00000000 | 
C294 | 00000000 | 
C298 | 00000000 | 
C29C | 00000000 | 
C2A0 | 00000000 | 
C2A4 | 00000000 | 
C2A8 | 00000000 | 
C2AC | 00000000 | 
C2B0 | 00000000 | 
C2B4 | 00000000 | 
C2B8 | 00000000 | 
C2BC | 00000000 | 
C2C0 | 00000000 | 
C2C4 | 00000000 | 
C2C8 | 00000000 | 
C2CC | 00000000 | 
C2D0 | 00000000 | 
C2D4 | 00000000 | 
C2D8 | 00000000 | 
C2DC | 00000000 | 
C2E0 | 00000000 | 
C2E4 | 00000000 | 
C2E8 | 00000000 | 
C2EC | 00000000 | 
C2F0 | 00000000 | 
C2F4 | 00000000 | 
C2F8 | 00000000 | 
C2FC | 00000000 | 
C300 | 00000000 | 
C304 | 00000000 | 
C308 | 00000000 | 
C30C | 00000000 | 
C310 | 00000000 | 
C314 | 00000000 | 
C318 | 00000000 | 
C31C | 00000000 | 
C320 | 00000000 | 
C324 | 00000000 | 
C328 | 00000000 | 
C32C | 00000000 | 
C330 | 00000000 | 
C334 | 00000000 | 
C338 | 00000000 | 
C33C | 00000000 | 
C340 | 00000000 | 
C344 | 00000000 | 
C348 | 00000000 | 
C34C | 00000000 | 
C350 | 00000000 | 
C354 | 00000000 | 
C358 | 00000000 | 
C35C | 00000000 | 
C360 | 00000000 | 
C364 | 00000000 | 
C368 | 00000000 | 
C36C | 00000000 | 
C370 | 00000000 | 
C374 | 00000000 | 
C378 | 00000000 | 
C37C | 00000000 | 
C380 | 00000000 | 
C384 | 00000000 | 
C388 | 00000000 | 
C38C | 00000000 | 
C390 | 00000000 | 
C394 | 00000000 | 
C398 | 00000000 | 
C39C | 00000000 | 
C3A0 | 00000000 | 
C3A4 | 00000000 | 
C3A8 | 00000000 | 
C3AC | 00000000 | 
C3B0 | 00000000 | 
C3B4 | 00000000 | 
C3B8 | 00000000 | 
C3BC | 00000000 | 
C3C0 | 00000000 | 
C3C4 | 00000000 | 
C3C8 | 00000000 | 
C3CC | 00000000 | 
C3D0 | 00000000 | 
C3D4 | 00000000 | 
C3D8 | 00000000 | 
C3DC | 00000000 | 
C3E0 | 00000000 | 
C3E4 | 00000000 | 
C3E8 | 00000000 | 
C3EC | 00000000 | 
C3F0 | 00000000 | 
C3F4 | 00000000 | 
C3F8 | 00000000 | 
C3FC | 00000000 | 
C400 | 00000000 | 
C404 | 00000000 | 
C408 | 00000000 | 
C40C | 00000000 | 
C410 | 00000000 | 
C414 | 00000000 | 
C418 | 00000000 | 
C41C | 00000000 | 
C420 | 00000000 | 
C424 | 00000000 | 
C428 | 00000000 | 
C42C | 00000000 | 
C430 | 00000000 | 
C434 | 00000000 | 
C438 | 00000000 | 
C43C | 00000000 | 
C440 | 00000000 | 
C444 | 00000000 | 
C448 | 00000000 | 
C44C | 00000000 | 
C450 | 00000000 | 
C454 | 00000000 | 
C458 | 00000000 | 
C45C | 00000000 | 
C460 | 00000000 | 
C464 | 00000000 | 
C468 | 00000000 | 
C46C | 00000000 | 
C470 | 00000000 | 
C474 | 00000000 | 
C478 | 00000000 | 
C47C | 00000000 | 
C480 | 00000000 | 
C484 | 00000000 | 
C488 | 00000000 | 
C48C | 00000000 | 
C490 | 00000000 | 
C494 | 00000000 | 
C498 | 00000000 | 
C49C | 00000000 | 
C4A0 | 00000000 | 
C4A4 | 00000000 | 
C4A8 | 00000000 | 
C4AC | 00000000 | 
C4B0 | 00000000 | 
C4B4 | 00000000 | 
C4B8 | 00000000 | 
C4BC | 00000000 | 
C4C0 | 00000000 | 
C4C4 | 00000000 | 
C4C8 | 00000000 | 
C4CC | 00000000 | 
C4D0 | 00000000 | 
C4D4 | 00000000 | 
C4D8 | 00000000 | 
C4DC | 00000000 | 
C4E0 | 00000000 | 
C4E4 | 00000000 | 
C4E8 | 00000000 | 
C4EC | 00000000 | 
C4F0 | 00000000 | 
C4F4 | 00000000 | 
C4F8 | 00000000 | 
C4FC | 00000000 | 
C500 | 00000000 | 
C504 | 00000000 | 
C508 | 00000000 | 
C50C | 00000000 | 
C510 | 00000000 | 
C514 | 00000000 | 
C518 | 00000000 | 
C51C | 00000000 | 
C520 | 00000000 | 
C524 | 00000000 | 
C528 | 00000000 | 
C52C | 00000000 | 
C530 | 00000000 | 
C534 | 00000000 | 
C538 | 00000000 | 
C53C | 00000000 | 
C540 | 00000000 | 
C544 | 00000000 | 
C548 | 00000000 | 
C54C | 00000000 | 
C550 | 00000000 | 
C554 | 00000000 | 
C558 | 00000000 | 
C55C | 00000000 | 
C560 | 00000000 | 
C564 | 00000000 | 
C568 | 00000000 | 
C56C | 00000000 | 
C570 | 00000000 | 
C574 | 00000000 | 
C578 | 00000000 | 
C57C | 00000000 | 
C580 | 00000000 | 
C584 | 00000000 | 
C588 | 00000000 | 
C58C | 00000000 | 
C590 | 00000000 | 
C594 | 00000000 | 
C598 | 00000000 | 
C59C | 00000000 | 
C5A0 | 00000000 | 
C5A4 | 00000000 | 
C5A8 | 00000000 | 
C5AC | 00000000 | 
C5B0 | 00000000 | 
C5B4 | 00000000 | 
C5B8 | 00000000 | 
C5BC | 00000000 | 
C5C0 | 00000000 | 
C5C4 | 00000000 | 
C5C8 | 00000000 | 
C5CC | 00000000 | 
C5D0 | 00000000 | 
C5D4 | 00000000 | 
C5D8 | 00000000 | 
C5DC | 00000000 | 
C5E0 | 00000000 | 
C5E4 | 00000000 | 
C5E8 | 00000000 | 
C5EC | 00000000 | 
C5F0 | 00000000 | 
C5F4 | 00000000 | 
C5F8 | 00000000 | 
C5FC | 00000000 | 
C600 | 00000000 | 
C604 | 00000000 | 
C608 | 00000000 | 
C60C | 00000000 | 
C610 | 00000000 | 
C614 | 00000000 | 
C618 | 00000000 | 
C61C | 00000000 | 
C620 | 00000000 | 
C624 | 00000000 | 
C628 | 00000000 | 
C62C | 00000000 | 
C630 | 00000000 | 
C634 | 00000000 | 
C638 | 00000000 | 
C63C | 00000000 | 
C640 | 00000000 | 
C644 | 00000000 | 
C648 | 00000000 | 
C64C | 00000000 | 
C650 | 00000000 | 
C654 | 00000000 | 
C658 | 00000000 | 
C65C | 00000000 | 
C660 | 00000000 | 
C664 | 00000000 | 
C668 | 00000000 | 
C66C | 00000000 | 
C670 | 00000000 | 
C674 | 00000000 | 
C678 | 00000000 | 
C67C | 00000000 | 
C680 | 00000000 | 
C684 | 00000000 | 
C688 | 00000000 | 
C68C | 00000000 | 
C690 | 00000000 | 
C694 | 00000000 | 
C698 | 00000000 | 
C69C | 00000000 | 
C6A0 | 00000000 | 
C6A4 | 00000000 | 
C6A8 | 00000000 | 
C6AC | 00000000 | 
C6B0 | 00000000 | 
C6B4 | 00000000 | 
C6B8 | 00000000 | 
C6BC | 00000000 | 
C6C0 | 00000000 | 
C6C4 | 00000000 | 
C6C8 | 00000000 | 
C6CC | 00000000 | 
C6D0 | 00000000 | 
C6D4 | 00000000 | 
C6D8 | 00000000 | 
C6DC | 00000000 | 
C6E0 | 00000000 | 
C6E4 | 00000000 | 
C6E8 | 00000000 | 
C6EC | 00000000 | 
C6F0 | 00000000 | 
C6F4 | 00000000 | 
C6F8 | 00000000 | 
C6FC | 00000000 | 
C700 | 00000000 | 
C704 | 00000000 | 
C708 | 00000000 | 
C70C | 00000000 | 
C710 | 00000000 | 
C714 | 00000000 | 
C718 | 00000000 | 
C71C | 00000000 | 
C720 | 00000000 | 
C724 | 00000000 | 
C728 | 00000000 | 
C72C | 00000000 | 
C730 | 00000000 | 
C734 | 00000000 | 
C738 | 00000000 | 
C73C | 00000000 | 
C740 | 00000000 | 
C744 | 00000000 | 
C748 | 00000000 | 
C74C | 00000000 | 
C750 | 00000000 | 
C754 | 00000000 | 
C758 | 00000000 | 
C75C | 00000000 | 
C760 | 00000000 | 
C764 | 00000000 | 
C768 | 00000000 | 
C76C | 00000000 | 
C770 | 00000000 | 
C774 | 00000000 | 
C778 | 00000000 | 
C77C | 00000000 | 
C780 | 00000000 | 
C784 | 00000000 | 
C788 | 00000000 | 
C78C | 00000000 | 
C790 | 00000000 | 
C794 | 00000000 | 
C798 | 00000000 | 
C79C | 00000000 | 
C7A0 | 00000000 | 
C7A4 | 00000000 | 
C7A8 | 00000000 | 
C7AC | 00000000 | 
C7B0 | 00000000 | 
C7B4 | 00000000 | 
C7B8 | 00000000 | 
C7BC | 00000000 | 
C7C0 | 00000000 | 
C7C4 | 00000000 | 
C7C8 | 00000000 | 
C7CC | 00000000 | 
C7D0 | 00000000 | 
C7D4 | 00000000 | 
C7D8 | 00000000 | 
C7DC | 00000000 | 
C7E0 | 00000000 | 
C7E4 | 00000000 | 
C7E8 | 00000000 | 
C7EC | 00000000 | 
C7F0 | 00000000 | 
C7F4 | 00000000 | 
C7F8 | 00000000 | 
C7FC | 00000000 | 
C800 | 00000000 | 
C804 | 00000000 | 
C808 | 00000000 | 
C80C | 00000000 | 
C810 | 00000000 | 
C814 | 00000000 | 
C818 | 00000000 | 
C81C | 00000000 | 
C820 | 00000000 | 
C824 | 00000000 | 
C828 | 00000000 | 
C82C | 00000000 | 
C830 | 00000000 | 
C834 | 00000000 | 
C838 | 00000000 | 
C83C | 00000000 | 
C840 | 00000000 | 
C844 | 00000000 | 
C848 | 00000000 | 
C84C | 00000000 | 
C850 | 00000000 | 
C854 | 00000000 | 
C858 | 00000000 | 
C85C | 00000000 | 
C860 | 00000000 | 
C864 | 00000000 | 
C868 | 00000000 | 
C86C | 00000000 | 
C870 | 00000000 | 
C874 | 00000000 | 
C878 | 00000000 | 
C87C | 00000000 | 
C880 | 00000000 | 
C884 | 00000000 | 
C888 | 00000000 | 
C88C | 00000000 | 
C890 | 00000000 | 
C894 | 00000000 | 
C898 | 00000000 | 
C89C | 00000000 | 
C8A0 | 00000000 | 
C8A4 | 00000000 | 
C8A8 | 00000000 | 
C8AC | 00000000 | 
C8B0 | 00000000 | 
C8B4 | 00000000 | 
C8B8 | 00000000 | 
C8BC | 00000000 | 
C8C0 | 00000000 | 
C8C4 | 00000000 | 
C8C8 | 00000000 | 
C8CC | 00000000 | 
C8D0 | 00000000 | 
C8D4 | 00000000 | 
C8D8 | 00000000 | 
C8DC | 00000000 | 
C8E0 | 00000000 | 
C8E4 | 00000000 | 
C8E8 | 00000000 | 
C8EC | 00000000 | 
C8F0 | 00000000 | 
C8F4 | 00000000 | 
C8F8 | 00000000 | 
C8FC | 00000000 | 
C900 | 00000000 | 
C904 | 00000000 | 
C908 | 00000000 | 
C90C | 00000000 | 
C910 | 00000000 | 
C914 | 00000000 | 
C918 | 00000000 | 
C91C | 00000000 | 
C920 | 00000000 | 
C924 | 00000000 | 
C928 | 00000000 | 
C92C | 00000000 | 
C930 | 00000000 | 
C934 | 00000000 | 
C938 | 00000000 | 
C93C | 00000000 | 
C940 | 00000000 | 
C944 | 00000000 | 
C948 | 00000000 | 
C94C | 00000000 | 
C950 | 00000000 | 
C954 | 00000000 | 
C958 | 00000000 | 
C95C | 00000000 | 
C960 | 00000000 | 
C964 | 00000000 | 
C968 | 00000000 | 
C96C | 00000000 | 
C970 | 00000000 | 
C974 | 00000000 | 
C978 | 00000000 | 
C97C | 00000000 | 
C980 | 00000000 | 
C984 | 00000000 | 
C988 | 00000000 | 
C98C | 00000000 | 
C990 | 00000000 | 
C994 | 00000000 | 
C998 | 00000000 | 
C99C | 00000000 | 
C9A0 | 00000000 | 
C9A4 | 00000000 | 
C9A8 | 00000000 | 
C9AC | 00000000 | 
C9B0 | 00000000 | 
C9B4 | 00000000 | 
C9B8 | 00000000 | 
C9BC | 00000000 | 
C9C0 | 00000000 | 
C9C4 | 00000000 | 
C9C8 | 00000000 | 
C9CC | 00000000 | 
C9D0 | 00000000 | 
C9D4 | 00000000 | 
C9D8 | 00000000 | 
C9DC | 00000000 | 
C9E0 | 00000000 | 
C9E4 | 00000000 | 
C9E8 | 00000000 | 
C9EC | 00000000 | 
C9F0 | 00000000 | 
C9F4 | 00000000 | 
C9F8 | 00000000 | 
C9FC | 00000000 | 
CA00 | 00000000 | 
CA04 | 00000000 | 
CA08 | 00000000 | 
CA0C | 00000000 | 
CA10 | 00000000 | 
CA14 | 00000000 | 
CA18 | 00000000 | 
CA1C | 00000000 | 
CA20 | 00000000 | 
CA24 | 00000000 | 
CA28 | 00000000 | 
CA2C | 00000000 | 
CA30 | 00000000 | 
CA34 | 00000000 | 
CA38 | 00000000 | 
CA3C | 00000000 | 
CA40 | 00000000 | 
CA44 | 00000000 | 
CA48 | 00000000 | 
CA4C | 00000000 | 
CA50 | 00000000 | 
CA54 | 00000000 | 
CA58 | 00000000 | 
CA5C | 00000000 | 
CA60 | 00000000 | 
CA64 | 00000000 | 
CA68 | 00000000 | 
CA6C | 00000000 | 
CA70 | 00000000 | 
CA74 | 00000000 | 
CA78 | 00000000 | 
CA7C | 00000000 | 
CA80 | 00000000 | 
CA84 | 00000000 | 
CA88 | 00000000 | 
CA8C | 00000000 | 
CA90 | 00000000 | 
CA94 | 00000000 | 
CA98 | 00000000 | 
CA9C | 00000000 | 
CAA0 | 00000000 | 
CAA4 | 00000000 | 
CAA8 | 00000000 | 
CAAC | 00000000 | 
CAB0 | 00000000 | 
CAB4 | 00000000 | 
CAB8 | 00000000 | 
CABC | 00000000 | 
CAC0 | 00000000 | 
CAC4 | 00000000 | 
CAC8 | 00000000 | 
CACC | 00000000 | 
CAD0 | 00000000 | 
CAD4 | 00000000 | 
CAD8 | 00000000 | 
CADC | 00000000 | 
CAE0 | 00000000 | 
CAE4 | 00000000 | 
CAE8 | 00000000 | 
CAEC | 00000000 | 
CAF0 | 00000000 | 
CAF4 | 00000000 | 
CAF8 | 00000000 | 
CAFC | 00000000 | 
CB00 | 00000000 | 
CB04 | 00000000 | 
CB08 | 00000000 | 
CB0C | 00000000 | 
CB10 | 00000000 | 
CB14 | 00000000 | 
CB18 | 00000000 | 
CB1C | 00000000 | 
CB20 | 00000000 | 
CB24 | 00000000 | 
CB28 | 00000000 | 
CB2C | 00000000 | 
CB30 | 00000000 | 
CB34 | 00000000 | 
CB38 | 00000000 | 
CB3C | 00000000 | 
CB40 | 00000000 | 
CB44 | 00000000 | 
CB48 | 00000000 | 
CB4C | 00000000 | 
CB50 | 00000000 | 
CB54 | 00000000 | 
CB58 | 00000000 | 
CB5C | 00000000 | 
CB60 | 00000000 | 
CB64 | 00000000 | 
CB68 | 00000000 | 
CB6C | 00000000 | 
CB70 | 00000000 | 
CB74 | 00000000 | 
CB78 | 00000000 | 
CB7C | 00000000 | 
CB80 | 00000000 | 
CB84 | 00000000 | 
CB88 | 00000000 | 
CB8C | 00000000 | 
CB90 | 00000000 | 
CB94 | 00000000 | 
CB98 | 00000000 | 
CB9C | 00000000 | 
CBA0 | 00000000 | 
CBA4 | 00000000 | 
CBA8 | 00000000 | 
CBAC | 00000000 | 
CBB0 | 00000000 | 
CBB4 | 00000000 | 
CBB8 | 00000000 | 
CBBC | 00000000 | 
CBC0 | 00000000 | 
CBC4 | 00000000 | 
CBC8 | 00000000 | 
CBCC | 00000000 | 
CBD0 | 00000000 | 
CBD4 | 00000000 | 
CBD8 | 00000000 | 
CBDC | 00000000 | 
CBE0 | 00000000 | 
CBE4 | 00000000 | 
CBE8 | 00000000 | 
CBEC | 00000000 | 
CBF0 | 00000000 | 
CBF4 | 00000000 | 
CBF8 | 00000000 | 
CBFC | 00000000 | 
CC00 | 00000000 | 
CC04 | 00000000 | 
CC08 | 00000000 | 
CC0C | 00000000 | 
CC10 | 00000000 | 
CC14 | 00000000 | 
CC18 | 00000000 | 
CC1C | 00000000 | 
CC20 | 00000000 | 
CC24 | 00000000 | 
CC28 | 00000000 | 
CC2C | 00000000 | 
CC30 | 00000000 | 
CC34 | 00000000 | 
CC38 | 00000000 | 
CC3C | 00000000 | 
CC40 | 00000000 | 
CC44 | 00000000 | 
CC48 | 00000000 | 
CC4C | 00000000 | 
CC50 | 00000000 | 
CC54 | 00000000 | 
CC58 | 00000000 | 
CC5C | 00000000 | 
CC60 | 00000000 | 
CC64 | 00000000 | 
CC68 | 00000000 | 
CC6C | 00000000 | 
CC70 | 00000000 | 
CC74 | 00000000 | 
CC78 | 00000000 | 
CC7C | 00000000 | 
CC80 | 00000000 | 
CC84 | 00000000 | 
CC88 | 00000000 | 
CC8C | 00000000 | 
CC90 | 00000000 | 
CC94 | 00000000 | 
CC98 | 00000000 | 
CC9C | 00000000 | 
CCA0 | 00000000 | 
CCA4 | 00000000 | 
CCA8 | 00000000 | 
CCAC | 00000000 | 
CCB0 | 00000000 | 
CCB4 | 00000000 | 
CCB8 | 00000000 | 
CCBC | 00000000 | 
CCC0 | 00000000 | 
CCC4 | 00000000 | 
CCC8 | 00000000 | 
CCCC | 00000000 | 
CCD0 | 00000000 | 
CCD4 | 00000000 | 
CCD8 | 00000000 | 
CCDC | 00000000 | 
CCE0 | 00000000 | 
CCE4 | 00000000 | 
CCE8 | 00000000 | 
CCEC | 00000000 | 
CCF0 | 00000000 | 
CCF4 | 00000000 | 
CCF8 | 00000000 | 
CCFC | 00000000 | 
CD00 | 00000000 | 
CD04 | 00000000 | 
CD08 | 00000000 | 
CD0C | 00000000 | 
CD10 | 00000000 | 
CD14 | 00000000 | 
CD18 | 00000000 | 
CD1C | 00000000 | 
CD20 | 00000000 | 
CD24 | 00000000 | 
CD28 | 00000000 | 
CD2C | 00000000 | 
CD30 | 00000000 | 
CD34 | 00000000 | 
CD38 | 00000000 | 
CD3C | 00000000 | 
CD40 | 00000000 | 
CD44 | 00000000 | 
CD48 | 00000000 | 
CD4C | 00000000 | 
CD50 | 00000000 | 
CD54 | 00000000 | 
CD58 | 00000000 | 
CD5C | 00000000 | 
CD60 | 00000000 | 
CD64 | 00000000 | 
CD68 | 00000000 | 
CD6C | 00000000 | 
CD70 | 00000000 | 
CD74 | 00000000 | 
CD78 | 00000000 | 
CD7C | 00000000 | 
CD80 | 00000000 | 
CD84 | 00000000 | 
CD88 | 00000000 | 
CD8C | 00000000 | 
CD90 | 00000000 | 
CD94 | 00000000 | 
CD98 | 00000000 | 
CD9C | 00000000 | 
CDA0 | 00000000 | 
CDA4 | 00000000 | 
CDA8 | 00000000 | 
CDAC | 00000000 | 
CDB0 | 00000000 | 
CDB4 | 00000000 | 
CDB8 | 00000000 | 
CDBC | 00000000 | 
CDC0 | 00000000 | 
CDC4 | 00000000 | 
CDC8 | 00000000 | 
CDCC | 00000000 | 
CDD0 | 00000000 | 
CDD4 | 00000000 | 
CDD8 | 00000000 | 
CDDC | 00000000 | 
CDE0 | 00000000 | 
CDE4 | 00000000 | 
CDE8 | 00000000 | 
CDEC | 00000000 | 
CDF0 | 00000000 | 
CDF4 | 00000000 | 
CDF8 | 00000000 | 
CDFC | 00000000 | 
CE00 | 00000000 | 
CE04 | 00000000 | 
CE08 | 00000000 | 
CE0C | 00000000 | 
CE10 | 00000000 | 
CE14 | 00000000 | 
CE18 | 00000000 | 
CE1C | 00000000 | 
CE20 | 00000000 | 
CE24 | 00000000 | 
CE28 | 00000000 | 
CE2C | 00000000 | 
CE30 | 00000000 | 
CE34 | 00000000 | 
CE38 | 00000000 | 
CE3C | 00000000 | 
CE40 | 00000000 | 
CE44 | 00000000 | 
CE48 | 00000000 | 
CE4C | 00000000 | 
CE50 | 00000000 | 
CE54 | 00000000 | 
CE58 | 00000000 | 
CE5C | 00000000 | 
CE60 | 00000000 | 
CE64 | 00000000 | 
CE68 | 00000000 | 
CE6C | 00000000 | 
CE70 | 00000000 | 
CE74 | 00000000 | 
CE78 | 00000000 | 
CE7C | 00000000 | 
CE80 | 00000000 | 
CE84 | 00000000 | 
CE88 | 00000000 | 
CE8C | 00000000 | 
CE90 | 00000000 | 
CE94 | 00000000 | 
CE98 | 00000000 | 
CE9C | 00000000 | 
CEA0 | 00000000 | 
CEA4 | 00000000 | 
CEA8 | 00000000 | 
CEAC | 00000000 | 
CEB0 | 00000000 | 
CEB4 | 00000000 | 
CEB8 | 00000000 | 
CEBC | 00000000 | 
CEC0 | 00000000 | 
CEC4 | 00000000 | 
CEC8 | 00000000 | 
CECC | 00000000 | 
CED0 | 00000000 | 
CED4 | 00000000 | 
CED8 | 00000000 | 
CEDC | 00000000 | 
CEE0 | 00000000 | 
CEE4 | 00000000 | 
CEE8 | 00000000 | 
CEEC | 00000000 | 
CEF0 | 00000000 | 
CEF4 | 00000000 | 
CEF8 | 00000000 | 
CEFC | 00000000 | 
CF00 | 00000000 | 
CF04 | 00000000 | 
CF08 | 00000000 | 
CF0C | 00000000 | 
CF10 | 00000000 | 
CF14 | 00000000 | 
CF18 | 00000000 | 
CF1C | 00000000 | 
CF20 | 00000000 | 
CF24 | 00000000 | 
CF28 | 00000000 | 
CF2C | 00000000 | 
CF30 | 00000000 | 
CF34 | 00000000 | 
CF38 | 00000000 | 
CF3C | 00000000 | 
CF40 | 00000000 | 
CF44 | 00000000 | 
CF48 | 00000000 | 
CF4C | 00000000 | 
CF50 | 00000000 | 
CF54 | 00000000 | 
CF58 | 00000000 | 
CF5C | 00000000 | 
CF60 | 00000000 | 
CF64 | 00000000 | 
CF68 | 00000000 | 
CF6C | 00000000 | 
CF70 | 00000000 | 
CF74 | 00000000 | 
CF78 | 00000000 | 
CF7C | 00000000 | 
CF80 | 00000000 | 
CF84 | 00000000 | 
CF88 | 00000000 | 
CF8C | 00000000 | 
CF90 | 00000000 | 
CF94 | 00000000 | 
CF98 | 00000000 | 
CF9C | 00000000 | 
CFA0 | 00000000 | 
CFA4 | 00000000 | 
CFA8 | 00000000 | 
CFAC | 00000000 | 
CFB0 | 00000000 | 
CFB4 | 00000000 | 
CFB8 | 00000000 | 
CFBC | 00000000 | 
CFC0 | 00000000 | 
CFC4 | 00000000 | 
CFC8 | 00000000 | 
CFCC | 00000000 | 
CFD0 | 00000000 | 
CFD4 | 00000000 | 
CFD8 | 00000000 | 
CFDC | 00000000 | 
CFE0 | 00000000 | 
CFE4 | 00000000 | 
CFE8 | 00000000 | 
CFEC | 00000000 | 
CFF0 | 00000000 | 
CFF4 | 00000000 | 
CFF8 | 00000000 | 
CFFC | 00000000 | 
D000 | 00000000 | 
D004 | 00000000 | 
D008 | 00000000 | 
D00C | 00000000 | 
D010 | 00000000 | 
D014 | 00000000 | 
D018 | 00000000 | 
D01C | 00000000 | 
D020 | 00000000 | 
D024 | 00000000 | 
D028 | 00000000 | 
D02C | 00000000 | 
D030 | 00000000 | 
D034 | 00000000 | 
D038 | 00000000 | 
D03C | 00000000 | 
D040 | 00000000 | 
D044 | 00000000 | 
D048 | 00000000 | 
D04C | 00000000 | 
D050 | 00000000 | 
D054 | 00000000 | 
D058 | 00000000 | 
D05C | 00000000 | 
D060 | 00000000 | 
D064 | 00000000 | 
D068 | 00000000 | 
D06C | 00000000 | 
D070 | 00000000 | 
D074 | 00000000 | 
D078 | 00000000 | 
D07C | 00000000 | 
D080 | 00000000 | 
D084 | 00000000 | 
D088 | 00000000 | 
D08C | 00000000 | 
D090 | 00000000 | 
D094 | 00000000 | 
D098 | 00000000 | 
D09C | 00000000 | 
D0A0 | 00000000 | 
D0A4 | 00000000 | 
D0A8 | 00000000 | 
D0AC | 00000000 | 
D0B0 | 00000000 | 
D0B4 | 00000000 | 
D0B8 | 00000000 | 
D0BC | 00000000 | 
D0C0 | 00000000 | 
D0C4 | 00000000 | 
D0C8 | 00000000 | 
D0CC | 00000000 | 
D0D0 | 00000000 | 
D0D4 | 00000000 | 
D0D8 | 00000000 | 
D0DC | 00000000 | 
D0E0 | 00000000 | 
D0E4 | 00000000 | 
D0E8 | 00000000 | 
D0EC | 00000000 | 
D0F0 | 00000000 | 
D0F4 | 00000000 | 
D0F8 | 00000000 | 
D0FC | 00000000 | 
D100 | 00000000 | 
D104 | 00000000 | 
D108 | 00000000 | 
D10C | 00000000 | 
D110 | 00000000 | 
D114 | 00000000 | 
D118 | 00000000 | 
D11C | 00000000 | 
D120 | 00000000 | 
D124 | 00000000 | 
D128 | 00000000 | 
D12C | 00000000 | 
D130 | 00000000 | 
D134 | 00000000 | 
D138 | 00000000 | 
D13C | 00000000 | 
D140 | 00000000 | 
D144 | 00000000 | 
D148 | 00000000 | 
D14C | 00000000 | 
D150 | 00000000 | 
D154 | 00000000 | 
D158 | 00000000 | 
D15C | 00000000 | 
D160 | 00000000 | 
D164 | 00000000 | 
D168 | 00000000 | 
D16C | 00000000 | 
D170 | 00000000 | 
D174 | 00000000 | 
D178 | 00000000 | 
D17C | 00000000 | 
D180 | 00000000 | 
D184 | 00000000 | 
D188 | 00000000 | 
D18C | 00000000 | 
D190 | 00000000 | 
D194 | 00000000 | 
D198 | 00000000 | 
D19C | 00000000 | 
D1A0 | 00000000 | 
D1A4 | 00000000 | 
D1A8 | 00000000 | 
D1AC | 00000000 | 
D1B0 | 00000000 | 
D1B4 | 00000000 | 
D1B8 | 00000000 | 
D1BC | 00000000 | 
D1C0 | 00000000 | 
D1C4 | 00000000 | 
D1C8 | 00000000 | 
D1CC | 00000000 | 
D1D0 | 00000000 | 
D1D4 | 00000000 | 
D1D8 | 00000000 | 
D1DC | 00000000 | 
D1E0 | 00000000 | 
D1E4 | 00000000 | 
D1E8 | 00000000 | 
D1EC | 00000000 | 
D1F0 | 00000000 | 
D1F4 | 00000000 | 
D1F8 | 00000000 | 
D1FC | 00000000 | 
D200 | 00000000 | 
D204 | 00000000 | 
D208 | 00000000 | 
D20C | 00000000 | 
D210 | 00000000 | 
D214 | 00000000 | 
D218 | 00000000 | 
D21C | 00000000 | 
D220 | 00000000 | 
D224 | 00000000 | 
D228 | 00000000 | 
D22C | 00000000 | 
D230 | 00000000 | 
D234 | 00000000 | 
D238 | 00000000 | 
D23C | 00000000 | 
D240 | 00000000 | 
D244 | 00000000 | 
D248 | 00000000 | 
D24C | 00000000 | 
D250 | 00000000 | 
D254 | 00000000 | 
D258 | 00000000 | 
D25C | 00000000 | 
D260 | 00000000 | 
D264 | 00000000 | 
D268 | 00000000 | 
D26C | 00000000 | 
D270 | 00000000 | 
D274 | 00000000 | 
D278 | 00000000 | 
D27C | 00000000 | 
D280 | 00000000 | 
D284 | 00000000 | 
D288 | 00000000 | 
D28C | 00000000 | 
D290 | 00000000 | 
D294 | 00000000 | 
D298 | 00000000 | 
D29C | 00000000 | 
D2A0 | 00000000 | 
D2A4 | 00000000 | 
D2A8 | 00000000 | 
D2AC | 00000000 | 
D2B0 | 00000000 | 
D2B4 | 00000000 | 
D2B8 | 00000000 | 
D2BC | 00000000 | 
D2C0 | 00000000 | 
D2C4 | 00000000 | 
D2C8 | 00000000 | 
D2CC | 00000000 | 
D2D0 | 00000000 | 
D2D4 | 00000000 | 
D2D8 | 00000000 | 
D2DC | 00000000 | 
D2E0 | 00000000 | 
D2E4 | 00000000 | 
D2E8 | 00000000 | 
D2EC | 00000000 | 
D2F0 | 00000000 | 
D2F4 | 00000000 | 
D2F8 | 00000000 | 
D2FC | 00000000 | 
D300 | 00000000 | 
D304 | 00000000 | 
D308 | 00000000 | 
D30C | 00000000 | 
D310 | 00000000 | 
D314 | 00000000 | 
D318 | 00000000 | 
D31C | 00000000 | 
D320 | 00000000 | 
D324 | 00000000 | 
D328 | 00000000 | 
D32C | 00000000 | 
D330 | 00000000 | 
D334 | 00000000 | 
D338 | 00000000 | 
D33C | 00000000 | 
D340 | 00000000 | 
D344 | 00000000 | 
D348 | 00000000 | 
D34C | 00000000 | 
D350 | 00000000 | 
D354 | 00000000 | 
D358 | 00000000 | 
D35C | 00000000 | 
D360 | 00000000 | 
D364 | 00000000 | 
D368 | 00000000 | 
D36C | 00000000 | 
D370 | 00000000 | 
D374 | 00000000 | 
D378 | 00000000 | 
D37C | 00000000 | 
D380 | 00000000 | 
D384 | 00000000 | 
D388 | 00000000 | 
D38C | 00000000 | 
D390 | 00000000 | 
D394 | 00000000 | 
D398 | 00000000 | 
D39C | 00000000 | 
D3A0 | 00000000 | 
D3A4 | 00000000 | 
D3A8 | 00000000 | 
D3AC | 00000000 | 
D3B0 | 00000000 | 
D3B4 | 00000000 | 
D3B8 | 00000000 | 
D3BC | 00000000 | 
D3C0 | 00000000 | 
D3C4 | 00000000 | 
D3C8 | 00000000 | 
D3CC | 00000000 | 
D3D0 | 00000000 | 
D3D4 | 00000000 | 
D3D8 | 00000000 | 
D3DC | 00000000 | 
D3E0 | 00000000 | 
D3E4 | 00000000 | 
D3E8 | 00000000 | 
D3EC | 00000000 | 
D3F0 | 00000000 | 
D3F4 | 00000000 | 
D3F8 | 00000000 | 
D3FC | 00000000 | 
D400 | 00000000 | 
D404 | 00000000 | 
D408 | 00000000 | 
D40C | 00000000 | 
D410 | 00000000 | 
D414 | 00000000 | 
D418 | 00000000 | 
D41C | 00000000 | 
D420 | 00000000 | 
D424 | 00000000 | 
D428 | 00000000 | 
D42C | 00000000 | 
D430 | 00000000 | 
D434 | 00000000 | 
D438 | 00000000 | 
D43C | 00000000 | 
D440 | 00000000 | 
D444 | 00000000 | 
D448 | 00000000 | 
D44C | 00000000 | 
D450 | 00000000 | 
D454 | 00000000 | 
D458 | 00000000 | 
D45C | 00000000 | 
D460 | 00000000 | 
D464 | 00000000 | 
D468 | 00000000 | 
D46C | 00000000 | 
D470 | 00000000 | 
D474 | 00000000 | 
D478 | 00000000 | 
D47C | 00000000 | 
D480 | 00000000 | 
D484 | 00000000 | 
D488 | 00000000 | 
D48C | 00000000 | 
D490 | 00000000 | 
D494 | 00000000 | 
D498 | 00000000 | 
D49C | 00000000 | 
D4A0 | 00000000 | 
D4A4 | 00000000 | 
D4A8 | 00000000 | 
D4AC | 00000000 | 
D4B0 | 00000000 | 
D4B4 | 00000000 | 
D4B8 | 00000000 | 
D4BC | 00000000 | 
D4C0 | 00000000 | 
D4C4 | 00000000 | 
D4C8 | 00000000 | 
D4CC | 00000000 | 
D4D0 | 00000000 | 
D4D4 | 00000000 | 
D4D8 | 00000000 | 
D4DC | 00000000 | 
D4E0 | 00000000 | 
D4E4 | 00000000 | 
D4E8 | 00000000 | 
D4EC | 00000000 | 
D4F0 | 00000000 | 
D4F4 | 00000000 | 
D4F8 | 00000000 | 
D4FC | 00000000 | 
D500 | 00000000 | 
D504 | 00000000 | 
D508 | 00000000 | 
D50C | 00000000 | 
D510 | 00000000 | 
D514 | 00000000 | 
D518 | 00000000 | 
D51C | 00000000 | 
D520 | 00000000 | 
D524 | 00000000 | 
D528 | 00000000 | 
D52C | 00000000 | 
D530 | 00000000 | 
D534 | 00000000 | 
D538 | 00000000 | 
D53C | 00000000 | 
D540 | 00000000 | 
D544 | 00000000 | 
D548 | 00000000 | 
D54C | 00000000 | 
D550 | 00000000 | 
D554 | 00000000 | 
D558 | 00000000 | 
D55C | 00000000 | 
D560 | 00000000 | 
D564 | 00000000 | 
D568 | 00000000 | 
D56C | 00000000 | 
D570 | 00000000 | 
D574 | 00000000 | 
D578 | 00000000 | 
D57C | 00000000 | 
D580 | 00000000 | 
D584 | 00000000 | 
D588 | 00000000 | 
D58C | 00000000 | 
D590 | 00000000 | 
D594 | 00000000 | 
D598 | 00000000 | 
D59C | 00000000 | 
D5A0 | 00000000 | 
D5A4 | 00000000 | 
D5A8 | 00000000 | 
D5AC | 00000000 | 
D5B0 | 00000000 | 
D5B4 | 00000000 | 
D5B8 | 00000000 | 
D5BC | 00000000 | 
D5C0 | 00000000 | 
D5C4 | 00000000 | 
D5C8 | 00000000 | 
D5CC | 00000000 | 
D5D0 | 00000000 | 
D5D4 | 00000000 | 
D5D8 | 00000000 | 
D5DC | 00000000 | 
D5E0 | 00000000 | 
D5E4 | 00000000 | 
D5E8 | 00000000 | 
D5EC | 00000000 | 
D5F0 | 00000000 | 
D5F4 | 00000000 | 
D5F8 | 00000000 | 
D5FC | 00000000 | 
D600 | 00000000 | 
D604 | 00000000 | 
D608 | 00000000 | 
D60C | 00000000 | 
D610 | 00000000 | 
D614 | 00000000 | 
D618 | 00000000 | 
D61C | 00000000 | 
D620 | 00000000 | 
D624 | 00000000 | 
D628 | 00000000 | 
D62C | 00000000 | 
D630 | 00000000 | 
D634 | 00000000 | 
D638 | 00000000 | 
D63C | 00000000 | 
D640 | 00000000 | 
D644 | 00000000 | 
D648 | 00000000 | 
D64C | 00000000 | 
D650 | 00000000 | 
D654 | 00000000 | 
D658 | 00000000 | 
D65C | 00000000 | 
D660 | 00000000 | 
D664 | 00000000 | 
D668 | 00000000 | 
D66C | 00000000 | 
D670 | 00000000 | 
D674 | 00000000 | 
D678 | 00000000 | 
D67C | 00000000 | 
D680 | 00000000 | 
D684 | 00000000 | 
D688 | 00000000 | 
D68C | 00000000 | 
D690 | 00000000 | 
D694 | 00000000 | 
D698 | 00000000 | 
D69C | 00000000 | 
D6A0 | 00000000 | 
D6A4 | 00000000 | 
D6A8 | 00000000 | 
D6AC | 00000000 | 
D6B0 | 00000000 | 
D6B4 | 00000000 | 
D6B8 | 00000000 | 
D6BC | 00000000 | 
D6C0 | 00000000 | 
D6C4 | 00000000 | 
D6C8 | 00000000 | 
D6CC | 00000000 | 
D6D0 | 00000000 | 
D6D4 | 00000000 | 
D6D8 | 00000000 | 
D6DC | 00000000 | 
D6E0 | 00000000 | 
D6E4 | 00000000 | 
D6E8 | 00000000 | 
D6EC | 00000000 | 
D6F0 | 00000000 | 
D6F4 | 00000000 | 
D6F8 | 00000000 | 
D6FC | 00000000 | 
D700 | 00000000 | 
D704 | 00000000 | 
D708 | 00000000 | 
D70C | 00000000 | 
D710 | 00000000 | 
D714 | 00000000 | 
D718 | 00000000 | 
D71C | 00000000 | 
D720 | 00000000 | 
D724 | 00000000 | 
D728 | 00000000 | 
D72C | 00000000 | 
D730 | 00000000 | 
D734 | 00000000 | 
D738 | 00000000 | 
D73C | 00000000 | 
D740 | 00000000 | 
D744 | 00000000 | 
D748 | 00000000 | 
D74C | 00000000 | 
D750 | 00000000 | 
D754 | 00000000 | 
D758 | 00000000 | 
D75C | 00000000 | 
D760 | 00000000 | 
D764 | 00000000 | 
D768 | 00000000 | 
D76C | 00000000 | 
D770 | 00000000 | 
D774 | 00000000 | 
D778 | 00000000 | 
D77C | 00000000 | 
D780 | 00000000 | 
D784 | 00000000 | 
D788 | 00000000 | 
D78C | 00000000 | 
D790 | 00000000 | 
D794 | 00000000 | 
D798 | 00000000 | 
D79C | 00000000 | 
D7A0 | 00000000 | 
D7A4 | 00000000 | 
D7A8 | 00000000 | 
D7AC | 00000000 | 
D7B0 | 00000000 | 
D7B4 | 00000000 | 
D7B8 | 00000000 | 
D7BC | 00000000 | 
D7C0 | 00000000 | 
D7C4 | 00000000 | 
D7C8 | 00000000 | 
D7CC | 00000000 | 
D7D0 | 00000000 | 
D7D4 | 00000000 | 
D7D8 | 00000000 | 
D7DC | 00000000 | 
D7E0 | 00000000 | 
D7E4 | 00000000 | 
D7E8 | 00000000 | 
D7EC | 00000000 | 
D7F0 | 00000000 | 
D7F4 | 00000000 | 
D7F8 | 00000000 | 
D7FC | 00000000 | 
D800 | 00000000 | 
D804 | 00000000 | 
D808 | 00000000 | 
D80C | 00000000 | 
D810 | 00000000 | 
D814 | 00000000 | 
D818 | 00000000 | 
D81C | 00000000 | 
D820 | 00000000 | 
D824 | 00000000 | 
D828 | 00000000 | 
D82C | 00000000 | 
D830 | 00000000 | 
D834 | 00000000 | 
D838 | 00000000 | 
D83C | 00000000 | 
D840 | 00000000 | 
D844 | 00000000 | 
D848 | 00000000 | 
D84C | 00000000 | 
D850 | 00000000 | 
D854 | 00000000 | 
D858 | 00000000 | 
D85C | 00000000 | 
D860 | 00000000 | 
D864 | 00000000 | 
D868 | 00000000 | 
D86C | 00000000 | 
D870 | 00000000 | 
D874 | 00000000 | 
D878 | 00000000 | 
D87C | 00000000 | 
D880 | 00000000 | 
D884 | 00000000 | 
D888 | 00000000 | 
D88C | 00000000 | 
D890 | 00000000 | 
D894 | 00000000 | 
D898 | 00000000 | 
D89C | 00000000 | 
D8A0 | 00000000 | 
D8A4 | 00000000 | 
D8A8 | 00000000 | 
D8AC | 00000000 | 
D8B0 | 00000000 | 
D8B4 | 00000000 | 
D8B8 | 00000000 | 
D8BC | 00000000 | 
D8C0 | 00000000 | 
D8C4 | 00000000 | 
D8C8 | 00000000 | 
D8CC | 00000000 | 
D8D0 | 00000000 | 
D8D4 | 00000000 | 
D8D8 | 00000000 | 
D8DC | 00000000 | 
D8E0 | 00000000 | 
D8E4 | 00000000 | 
D8E8 | 00000000 | 
D8EC | 00000000 | 
D8F0 | 00000000 | 
D8F4 | 00000000 | 
D8F8 | 00000000 | 
D8FC | 00000000 | 
D900 | 00000000 | 
D904 | 00000000 | 
D908 | 00000000 | 
D90C | 00000000 | 
D910 | 00000000 | 
D914 | 00000000 | 
D918 | 00000000 | 
D91C | 00000000 | 
D920 | 00000000 | 
D924 | 00000000 | 
D928 | 00000000 | 
D92C | 00000000 | 
D930 | 00000000 | 
D934 | 00000000 | 
D938 | 00000000 | 
D93C | 00000000 | 
D940 | 00000000 | 
D944 | 00000000 | 
D948 | 00000000 | 
D94C | 00000000 | 
D950 | 00000000 | 
D954 | 00000000 | 
D958 | 00000000 | 
D95C | 00000000 | 
D960 | 00000000 | 
D964 | 00000000 | 
D968 | 00000000 | 
D96C | 00000000 | 
D970 | 00000000 | 
D974 | 00000000 | 
D978 | 00000000 | 
D97C | 00000000 | 
D980 | 00000000 | 
D984 | 00000000 | 
D988 | 00000000 | 
D98C | 00000000 | 
D990 | 00000000 | 
D994 | 00000000 | 
D998 | 00000000 | 
D99C | 00000000 | 
D9A0 | 00000000 | 
D9A4 | 00000000 | 
D9A8 | 00000000 | 
D9AC | 00000000 | 
D9B0 | 00000000 | 
D9B4 | 00000000 | 
D9B8 | 00000000 | 
D9BC | 00000000 | 
D9C0 | 00000000 | 
D9C4 | 00000000 | 
D9C8 | 00000000 | 
D9CC | 00000000 | 
D9D0 | 00000000 | 
D9D4 | 00000000 | 
D9D8 | 00000000 | 
D9DC | 00000000 | 
D9E0 | 00000000 | 
D9E4 | 00000000 | 
D9E8 | 00000000 | 
D9EC | 00000000 | 
D9F0 | 00000000 | 
D9F4 | 00000000 | 
D9F8 | 00000000 | 
D9FC | 00000000 | 
DA00 | 00000000 | 
DA04 | 00000000 | 
DA08 | 00000000 | 
DA0C | 00000000 | 
DA10 | 00000000 | 
DA14 | 00000000 | 
DA18 | 00000000 | 
DA1C | 00000000 | 
DA20 | 00000000 | 
DA24 | 00000000 | 
DA28 | 00000000 | 
DA2C | 00000000 | 
DA30 | 00000000 | 
DA34 | 00000000 | 
DA38 | 00000000 | 
DA3C | 00000000 | 
DA40 | 00000000 | 
DA44 | 00000000 | 
DA48 | 00000000 | 
DA4C | 00000000 | 
DA50 | 00000000 | 
DA54 | 00000000 | 
DA58 | 00000000 | 
DA5C | 00000000 | 
DA60 | 00000000 | 
DA64 | 00000000 | 
DA68 | 00000000 | 
DA6C | 00000000 | 
DA70 | 00000000 | 
DA74 | 00000000 | 
DA78 | 00000000 | 
DA7C | 00000000 | 
DA80 | 00000000 | 
DA84 | 00000000 | 
DA88 | 00000000 | 
DA8C | 00000000 | 
DA90 | 00000000 | 
DA94 | 00000000 | 
DA98 | 00000000 | 
DA9C | 00000000 | 
DAA0 | 00000000 | 
DAA4 | 00000000 | 
DAA8 | 00000000 | 
DAAC | 00000000 | 
DAB0 | 00000000 | 
DAB4 | 00000000 | 
DAB8 | 00000000 | 
DABC | 00000000 | 
DAC0 | 00000000 | 
DAC4 | 00000000 | 
DAC8 | 00000000 | 
DACC | 00000000 | 
DAD0 | 00000000 | 
DAD4 | 00000000 | 
DAD8 | 00000000 | 
DADC | 00000000 | 
DAE0 | 00000000 | 
DAE4 | 00000000 | 
DAE8 | 00000000 | 
DAEC | 00000000 | 
DAF0 | 00000000 | 
DAF4 | 00000000 | 
DAF8 | 00000000 | 
DAFC | 00000000 | 
DB00 | 00000000 | 
DB04 | 00000000 | 
DB08 | 00000000 | 
DB0C | 00000000 | 
DB10 | 00000000 | 
DB14 | 00000000 | 
DB18 | 00000000 | 
DB1C | 00000000 | 
DB20 | 00000000 | 
DB24 | 00000000 | 
DB28 | 00000000 | 
DB2C | 00000000 | 
DB30 | 00000000 | 
DB34 | 00000000 | 
DB38 | 00000000 | 
DB3C | 00000000 | 
DB40 | 00000000 | 
DB44 | 00000000 | 
DB48 | 00000000 | 
DB4C | 00000000 | 
DB50 | 00000000 | 
DB54 | 00000000 | 
DB58 | 00000000 | 
DB5C | 00000000 | 
DB60 | 00000000 | 
DB64 | 00000000 | 
DB68 | 00000000 | 
DB6C | 00000000 | 
DB70 | 00000000 | 
DB74 | 00000000 | 
DB78 | 00000000 | 
DB7C | 00000000 | 
DB80 | 00000000 | 
DB84 | 00000000 | 
DB88 | 00000000 | 
DB8C | 00000000 | 
DB90 | 00000000 | 
DB94 | 00000000 | 
DB98 | 00000000 | 
DB9C | 00000000 | 
DBA0 | 00000000 | 
DBA4 | 00000000 | 
DBA8 | 00000000 | 
DBAC | 00000000 | 
DBB0 | 00000000 | 
DBB4 | 00000000 | 
DBB8 | 00000000 | 
DBBC | 00000000 | 
DBC0 | 00000000 | 
DBC4 | 00000000 | 
DBC8 | 00000000 | 
DBCC | 00000000 | 
DBD0 | 00000000 | 
DBD4 | 00000000 | 
DBD8 | 00000000 | 
DBDC | 00000000 | 
DBE0 | 00000000 | 
DBE4 | 00000000 | 
DBE8 | 00000000 | 
DBEC | 00000000 | 
DBF0 | 00000000 | 
DBF4 | 00000000 | 
DBF8 | 00000000 | 
DBFC | 00000000 | 
DC00 | 00000000 | 
DC04 | 00000000 | 
DC08 | 00000000 | 
DC0C | 00000000 | 
DC10 | 00000000 | 
DC14 | 00000000 | 
DC18 | 00000000 | 
DC1C | 00000000 | 
DC20 | 00000000 | 
DC24 | 00000000 | 
DC28 | 00000000 | 
DC2C | 00000000 | 
DC30 | 00000000 | 
DC34 | 00000000 | 
DC38 | 00000000 | 
DC3C | 00000000 | 
DC40 | 00000000 | 
DC44 | 00000000 | 
DC48 | 00000000 | 
DC4C | 00000000 | 
DC50 | 00000000 | 
DC54 | 00000000 | 
DC58 | 00000000 | 
DC5C | 00000000 | 
DC60 | 00000000 | 
DC64 | 00000000 | 
DC68 | 00000000 | 
DC6C | 00000000 | 
DC70 | 00000000 | 
DC74 | 00000000 | 
DC78 | 00000000 | 
DC7C | 00000000 | 
DC80 | 00000000 | 
DC84 | 00000000 | 
DC88 | 00000000 | 
DC8C | 00000000 | 
DC90 | 00000000 | 
DC94 | 00000000 | 
DC98 | 00000000 | 
DC9C | 00000000 | 
DCA0 | 00000000 | 
DCA4 | 00000000 | 
DCA8 | 00000000 | 
DCAC | 00000000 | 
DCB0 | 00000000 | 
DCB4 | 00000000 | 
DCB8 | 00000000 | 
DCBC | 00000000 | 
DCC0 | 00000000 | 
DCC4 | 00000000 | 
DCC8 | 00000000 | 
DCCC | 00000000 | 
DCD0 | 00000000 | 
DCD4 | 00000000 | 
DCD8 | 00000000 | 
DCDC | 00000000 | 
DCE0 | 00000000 | 
DCE4 | 00000000 | 
DCE8 | 00000000 | 
DCEC | 00000000 | 
DCF0 | 00000000 | 
DCF4 | 00000000 | 
DCF8 | 00000000 | 
DCFC | 00000000 | 
DD00 | 00000000 | 
DD04 | 00000000 | 
DD08 | 00000000 | 
DD0C | 00000000 | 
DD10 | 00000000 | 
DD14 | 00000000 | 
DD18 | 00000000 | 
DD1C | 00000000 | 
DD20 | 00000000 | 
DD24 | 00000000 | 
DD28 | 00000000 | 
DD2C | 00000000 | 
DD30 | 00000000 | 
DD34 | 00000000 | 
DD38 | 00000000 | 
DD3C | 00000000 | 
DD40 | 00000000 | 
DD44 | 00000000 | 
DD48 | 00000000 | 
DD4C | 00000000 | 
DD50 | 00000000 | 
DD54 | 00000000 | 
DD58 | 00000000 | 
DD5C | 00000000 | 
DD60 | 00000000 | 
DD64 | 00000000 | 
DD68 | 00000000 | 
DD6C | 00000000 | 
DD70 | 00000000 | 
DD74 | 00000000 | 
DD78 | 00000000 | 
DD7C | 00000000 | 
DD80 | 00000000 | 
DD84 | 00000000 | 
DD88 | 00000000 | 
DD8C | 00000000 | 
DD90 | 00000000 | 
DD94 | 00000000 | 
DD98 | 00000000 | 
DD9C | 00000000 | 
DDA0 | 00000000 | 
DDA4 | 00000000 | 
DDA8 | 00000000 | 
DDAC | 00000000 | 
DDB0 | 00000000 | 
DDB4 | 00000000 | 
DDB8 | 00000000 | 
DDBC | 00000000 | 
DDC0 | 00000000 | 
DDC4 | 00000000 | 
DDC8 | 00000000 | 
DDCC | 00000000 | 
DDD0 | 00000000 | 
DDD4 | 00000000 | 
DDD8 | 00000000 | 
DDDC | 00000000 | 
DDE0 | 00000000 | 
DDE4 | 00000000 | 
DDE8 | 00000000 | 
DDEC | 00000000 | 
DDF0 | 00000000 | 
DDF4 | 00000000 | 
DDF8 | 00000000 | 
DDFC | 00000000 | 
DE00 | 00000000 | 
DE04 | 00000000 | 
DE08 | 00000000 | 
DE0C | 00000000 | 
DE10 | 00000000 | 
DE14 | 00000000 | 
DE18 | 00000000 | 
DE1C | 00000000 | 
DE20 | 00000000 | 
DE24 | 00000000 | 
DE28 | 00000000 | 
DE2C | 00000000 | 
DE30 | 00000000 | 
DE34 | 00000000 | 
DE38 | 00000000 | 
DE3C | 00000000 | 
DE40 | 00000000 | 
DE44 | 00000000 | 
DE48 | 00000000 | 
DE4C | 00000000 | 
DE50 | 00000000 | 
DE54 | 00000000 | 
DE58 | 00000000 | 
DE5C | 00000000 | 
DE60 | 00000000 | 
DE64 | 00000000 | 
DE68 | 00000000 | 
DE6C | 00000000 | 
DE70 | 00000000 | 
DE74 | 00000000 | 
DE78 | 00000000 | 
DE7C | 00000000 | 
DE80 | 00000000 | 
DE84 | 00000000 | 
DE88 | 00000000 | 
DE8C | 00000000 | 
DE90 | 00000000 | 
DE94 | 00000000 | 
DE98 | 00000000 | 
DE9C | 00000000 | 
DEA0 | 00000000 | 
DEA4 | 00000000 | 
DEA8 | 00000000 | 
DEAC | 00000000 | 
DEB0 | 00000000 | 
DEB4 | 00000000 | 
DEB8 | 00000000 | 
DEBC | 00000000 | 
DEC0 | 00000000 | 
DEC4 | 00000000 | 
DEC8 | 00000000 | 
DECC | 00000000 | 
DED0 | 00000000 | 
DED4 | 00000000 | 
DED8 | 00000000 | 
DEDC | 00000000 | 
DEE0 | 00000000 | 
DEE4 | 00000000 | 
DEE8 | 00000000 | 
DEEC | 00000000 | 
DEF0 | 00000000 | 
DEF4 | 00000000 | 
DEF8 | 00000000 | 
DEFC | 00000000 | 
DF00 | 00000000 | 
DF04 | 00000000 | 
DF08 | 00000000 | 
DF0C | 00000000 | 
DF10 | 00000000 | 
DF14 | 00000000 | 
DF18 | 00000000 | 
DF1C | 00000000 | 
DF20 | 00000000 | 
DF24 | 00000000 | 
DF28 | 00000000 | 
DF2C | 00000000 | 
DF30 | 00000000 | 
DF34 | 00000000 | 
DF38 | 00000000 | 
DF3C | 00000000 | 
DF40 | 00000000 | 
DF44 | 00000000 | 
DF48 | 00000000 | 
DF4C | 00000000 | 
DF50 | 00000000 | 
DF54 | 00000000 | 
DF58 | 00000000 | 
DF5C | 00000000 | 
DF60 | 00000000 | 
DF64 | 00000000 | 
DF68 | 00000000 | 
DF6C | 00000000 | 
DF70 | 00000000 | 
DF74 | 00000000 | 
DF78 | 00000000 | 
DF7C | 00000000 | 
DF80 | 00000000 | 
DF84 | 00000000 | 
DF88 | 00000000 | 
DF8C | 00000000 | 
DF90 | 00000000 | 
DF94 | 00000000 | 
DF98 | 00000000 | 
DF9C | 00000000 | 
DFA0 | 00000000 | 
DFA4 | 00000000 | 
DFA8 | 00000000 | 
DFAC | 00000000 | 
DFB0 | 00000000 | 
DFB4 | 00000000 | 
DFB8 | 00000000 | 
DFBC | 00000000 | 
DFC0 | 00000000 | 
DFC4 | 00000000 | 
DFC8 | 00000000 | 
DFCC | 00000000 | 
DFD0 | 00000000 | 
DFD4 | 00000000 | 
DFD8 | 00000000 | 
DFDC | 00000000 | 
DFE0 | 00000000 | 
DFE4 | 00000000 | 
DFE8 | 00000000 | 
DFEC | 00000000 | 
DFF0 | 00000000 | 
DFF4 | 00000000 | 
DFF8 | 00000000 | 
DFFC | 00000000 | 
E000 | 00000000 | 
E004 | 00000000 | 
E008 | 00000000 | 
E00C | 00000000 | 
E010 | 00000000 | 
E014 | 00000000 | 
E018 | 00000000 | 
E01C | 00000000 | 
E020 | 00000000 | 
E024 | 00000000 | 
E028 | 00000000 | 
E02C | 00000000 | 
E030 | 00000000 | 
E034 | 00000000 | 
E038 | 00000000 | 
E03C | 00000000 | 
E040 | 00000000 | 
E044 | 00000000 | 
E048 | 00000000 | 
E04C | 00000000 | 
E050 | 00000000 | 
E054 | 00000000 | 
E058 | 00000000 | 
E05C | 00000000 | 
E060 | 00000000 | 
E064 | 00000000 | 
E068 | 00000000 | 
E06C | 00000000 | 
E070 | 00000000 | 
E074 | 00000000 | 
E078 | 00000000 | 
E07C | 00000000 | 
E080 | 00000000 | 
E084 | 00000000 | 
E088 | 00000000 | 
E08C | 00000000 | 
E090 | 00000000 | 
E094 | 00000000 | 
E098 | 00000000 | 
E09C | 00000000 | 
E0A0 | 00000000 | 
E0A4 | 00000000 | 
E0A8 | 00000000 | 
E0AC | 00000000 | 
E0B0 | 00000000 | 
E0B4 | 00000000 | 
E0B8 | 00000000 | 
E0BC | 00000000 | 
E0C0 | 00000000 | 
E0C4 | 00000000 | 
E0C8 | 00000000 | 
E0CC | 00000000 | 
E0D0 | 00000000 | 
E0D4 | 00000000 | 
E0D8 | 00000000 | 
E0DC | 00000000 | 
E0E0 | 00000000 | 
E0E4 | 00000000 | 
E0E8 | 00000000 | 
E0EC | 00000000 | 
E0F0 | 00000000 | 
E0F4 | 00000000 | 
E0F8 | 00000000 | 
E0FC | 00000000 | 
E100 | 00000000 | 
E104 | 00000000 | 
E108 | 00000000 | 
E10C | 00000000 | 
E110 | 00000000 | 
E114 | 00000000 | 
E118 | 00000000 | 
E11C | 00000000 | 
E120 | 00000000 | 
E124 | 00000000 | 
E128 | 00000000 | 
E12C | 00000000 | 
E130 | 00000000 | 
E134 | 00000000 | 
E138 | 00000000 | 
E13C | 00000000 | 
E140 | 00000000 | 
E144 | 00000000 | 
E148 | 00000000 | 
E14C | 00000000 | 
E150 | 00000000 | 
E154 | 00000000 | 
E158 | 00000000 | 
E15C | 00000000 | 
E160 | 00000000 | 
E164 | 00000000 | 
E168 | 00000000 | 
E16C | 00000000 | 
E170 | 00000000 | 
E174 | 00000000 | 
E178 | 00000000 | 
E17C | 00000000 | 
E180 | 00000000 | 
E184 | 00000000 | 
E188 | 00000000 | 
E18C | 00000000 | 
E190 | 00000000 | 
E194 | 00000000 | 
E198 | 00000000 | 
E19C | 00000000 | 
E1A0 | 00000000 | 
E1A4 | 00000000 | 
E1A8 | 00000000 | 
E1AC | 00000000 | 
E1B0 | 00000000 | 
E1B4 | 00000000 | 
E1B8 | 00000000 | 
E1BC | 00000000 | 
E1C0 | 00000000 | 
E1C4 | 00000000 | 
E1C8 | 00000000 | 
E1CC | 00000000 | 
E1D0 | 00000000 | 
E1D4 | 00000000 | 
E1D8 | 00000000 | 
E1DC | 00000000 | 
E1E0 | 00000000 | 
E1E4 | 00000000 | 
E1E8 | 00000000 | 
E1EC | 00000000 | 
E1F0 | 00000000 | 
E1F4 | 00000000 | 
E1F8 | 00000000 | 
E1FC | 00000000 | 
E200 | 00000000 | 
E204 | 00000000 | 
E208 | 00000000 | 
E20C | 00000000 | 
E210 | 00000000 | 
E214 | 00000000 | 
E218 | 00000000 | 
E21C | 00000000 | 
E220 | 00000000 | 
E224 | 00000000 | 
E228 | 00000000 | 
E22C | 00000000 | 
E230 | 00000000 | 
E234 | 00000000 | 
E238 | 00000000 | 
E23C | 00000000 | 
E240 | 00000000 | 
E244 | 00000000 | 
E248 | 00000000 | 
E24C | 00000000 | 
E250 | 00000000 | 
E254 | 00000000 | 
E258 | 00000000 | 
E25C | 00000000 | 
E260 | 00000000 | 
E264 | 00000000 | 
E268 | 00000000 | 
E26C | 00000000 | 
E270 | 00000000 | 
E274 | 00000000 | 
E278 | 00000000 | 
E27C | 00000000 | 
E280 | 00000000 | 
E284 | 00000000 | 
E288 | 00000000 | 
E28C | 00000000 | 
E290 | 00000000 | 
E294 | 00000000 | 
E298 | 00000000 | 
E29C | 00000000 | 
E2A0 | 00000000 | 
E2A4 | 00000000 | 
E2A8 | 00000000 | 
E2AC | 00000000 | 
E2B0 | 00000000 | 
E2B4 | 00000000 | 
E2B8 | 00000000 | 
E2BC | 00000000 | 
E2C0 | 00000000 | 
E2C4 | 00000000 | 
E2C8 | 00000000 | 
E2CC | 00000000 | 
E2D0 | 00000000 | 
E2D4 | 00000000 | 
E2D8 | 00000000 | 
E2DC | 00000000 | 
E2E0 | 00000000 | 
E2E4 | 00000000 | 
E2E8 | 00000000 | 
E2EC | 00000000 | 
E2F0 | 00000000 | 
E2F4 | 00000000 | 
E2F8 | 00000000 | 
E2FC | 00000000 | 
E300 | 00000000 | 
E304 | 00000000 | 
E308 | 00000000 | 
E30C | 00000000 | 
E310 | 00000000 | 
E314 | 00000000 | 
E318 | 00000000 | 
E31C | 00000000 | 
E320 | 00000000 | 
E324 | 00000000 | 
E328 | 00000000 | 
E32C | 00000000 | 
E330 | 00000000 | 
E334 | 00000000 | 
E338 | 00000000 | 
E33C | 00000000 | 
E340 | 00000000 | 
E344 | 00000000 | 
E348 | 00000000 | 
E34C | 00000000 | 
E350 | 00000000 | 
E354 | 00000000 | 
E358 | 00000000 | 
E35C | 00000000 | 
E360 | 00000000 | 
E364 | 00000000 | 
E368 | 00000000 | 
E36C | 00000000 | 
E370 | 00000000 | 
E374 | 00000000 | 
E378 | 00000000 | 
E37C | 00000000 | 
E380 | 00000000 | 
E384 | 00000000 | 
E388 | 00000000 | 
E38C | 00000000 | 
E390 | 00000000 | 
E394 | 00000000 | 
E398 | 00000000 | 
E39C | 00000000 | 
E3A0 | 00000000 | 
E3A4 | 00000000 | 
E3A8 | 00000000 | 
E3AC | 00000000 | 
E3B0 | 00000000 | 
E3B4 | 00000000 | 
E3B8 | 00000000 | 
E3BC | 00000000 | 
E3C0 | 00000000 | 
E3C4 | 00000000 | 
E3C8 | 00000000 | 
E3CC | 00000000 | 
E3D0 | 00000000 | 
E3D4 | 00000000 | 
E3D8 | 00000000 | 
E3DC | 00000000 | 
E3E0 | 00000000 | 
E3E4 | 00000000 | 
E3E8 | 00000000 | 
E3EC | 00000000 | 
E3F0 | 00000000 | 
E3F4 | 00000000 | 
E3F8 | 00000000 | 
E3FC | 00000000 | 
E400 | 00000000 | 
E404 | 00000000 | 
E408 | 00000000 | 
E40C | 00000000 | 
E410 | 00000000 | 
E414 | 00000000 | 
E418 | 00000000 | 
E41C | 00000000 | 
E420 | 00000000 | 
E424 | 00000000 | 
E428 | 00000000 | 
E42C | 00000000 | 
E430 | 00000000 | 
E434 | 00000000 | 
E438 | 00000000 | 
E43C | 00000000 | 
E440 | 00000000 | 
E444 | 00000000 | 
E448 | 00000000 | 
E44C | 00000000 | 
E450 | 00000000 | 
E454 | 00000000 | 
E458 | 00000000 | 
E45C | 00000000 | 
E460 | 00000000 | 
E464 | 00000000 | 
E468 | 00000000 | 
E46C | 00000000 | 
E470 | 00000000 | 
E474 | 00000000 | 
E478 | 00000000 | 
E47C | 00000000 | 
E480 | 00000000 | 
E484 | 00000000 | 
E488 | 00000000 | 
E48C | 00000000 | 
E490 | 00000000 | 
E494 | 00000000 | 
E498 | 00000000 | 
E49C | 00000000 | 
E4A0 | 00000000 | 
E4A4 | 00000000 | 
E4A8 | 00000000 | 
E4AC | 00000000 | 
E4B0 | 00000000 | 
E4B4 | 00000000 | 
E4B8 | 00000000 | 
E4BC | 00000000 | 
E4C0 | 00000000 | 
E4C4 | 00000000 | 
E4C8 | 00000000 | 
E4CC | 00000000 | 
E4D0 | 00000000 | 
E4D4 | 00000000 | 
E4D8 | 00000000 | 
E4DC | 00000000 | 
E4E0 | 00000000 | 
E4E4 | 00000000 | 
E4E8 | 00000000 | 
E4EC | 00000000 | 
E4F0 | 00000000 | 
E4F4 | 00000000 | 
E4F8 | 00000000 | 
E4FC | 00000000 | 
E500 | 00000000 | 
E504 | 00000000 | 
E508 | 00000000 | 
E50C | 00000000 | 
E510 | 00000000 | 
E514 | 00000000 | 
E518 | 00000000 | 
E51C | 00000000 | 
E520 | 00000000 | 
E524 | 00000000 | 
E528 | 00000000 | 
E52C | 00000000 | 
E530 | 00000000 | 
E534 | 00000000 | 
E538 | 00000000 | 
E53C | 00000000 | 
E540 | 00000000 | 
E544 | 00000000 | 
E548 | 00000000 | 
E54C | 00000000 | 
E550 | 00000000 | 
E554 | 00000000 | 
E558 | 00000000 | 
E55C | 00000000 | 
E560 | 00000000 | 
E564 | 00000000 | 
E568 | 00000000 | 
E56C | 00000000 | 
E570 | 00000000 | 
E574 | 00000000 | 
E578 | 00000000 | 
E57C | 00000000 | 
E580 | 00000000 | 
E584 | 00000000 | 
E588 | 00000000 | 
E58C | 00000000 | 
E590 | 00000000 | 
E594 | 00000000 | 
E598 | 00000000 | 
E59C | 00000000 | 
E5A0 | 00000000 | 
E5A4 | 00000000 | 
E5A8 | 00000000 | 
E5AC | 00000000 | 
E5B0 | 00000000 | 
E5B4 | 00000000 | 
E5B8 | 00000000 | 
E5BC | 00000000 | 
E5C0 | 00000000 | 
E5C4 | 00000000 | 
E5C8 | 00000000 | 
E5CC | 00000000 | 
E5D0 | 00000000 | 
E5D4 | 00000000 | 
E5D8 | 00000000 | 
E5DC | 00000000 | 
E5E0 | 00000000 | 
E5E4 | 00000000 | 
E5E8 | 00000000 | 
E5EC | 00000000 | 
E5F0 | 00000000 | 
E5F4 | 00000000 | 
E5F8 | 00000000 | 
E5FC | 00000000 | 
E600 | 00000000 | 
E604 | 00000000 | 
E608 | 00000000 | 
E60C | 00000000 | 
E610 | 00000000 | 
E614 | 00000000 | 
E618 | 00000000 | 
E61C | 00000000 | 
E620 | 00000000 | 
E624 | 00000000 | 
E628 | 00000000 | 
E62C | 00000000 | 
E630 | 00000000 | 
E634 | 00000000 | 
E638 | 00000000 | 
E63C | 00000000 | 
E640 | 00000000 | 
E644 | 00000000 | 
E648 | 00000000 | 
E64C | 00000000 | 
E650 | 00000000 | 
E654 | 00000000 | 
E658 | 00000000 | 
E65C | 00000000 | 
E660 | 00000000 | 
E664 | 00000000 | 
E668 | 00000000 | 
E66C | 00000000 | 
E670 | 00000000 | 
E674 | 00000000 | 
E678 | 00000000 | 
E67C | 00000000 | 
E680 | 00000000 | 
E684 | 00000000 | 
E688 | 00000000 | 
E68C | 00000000 | 
E690 | 00000000 | 
E694 | 00000000 | 
E698 | 00000000 | 
E69C | 00000000 | 
E6A0 | 00000000 | 
E6A4 | 00000000 | 
E6A8 | 00000000 | 
E6AC | 00000000 | 
E6B0 | 00000000 | 
E6B4 | 00000000 | 
E6B8 | 00000000 | 
E6BC | 00000000 | 
E6C0 | 00000000 | 
E6C4 | 00000000 | 
E6C8 | 00000000 | 
E6CC | 00000000 | 
E6D0 | 00000000 | 
E6D4 | 00000000 | 
E6D8 | 00000000 | 
E6DC | 00000000 | 
E6E0 | 00000000 | 
E6E4 | 00000000 | 
E6E8 | 00000000 | 
E6EC | 00000000 | 
E6F0 | 00000000 | 
E6F4 | 00000000 | 
E6F8 | 00000000 | 
E6FC | 00000000 | 
E700 | 00000000 | 
E704 | 00000000 | 
E708 | 00000000 | 
E70C | 00000000 | 
E710 | 00000000 | 
E714 | 00000000 | 
E718 | 00000000 | 
E71C | 00000000 | 
E720 | 00000000 | 
E724 | 00000000 | 
E728 | 00000000 | 
E72C | 00000000 | 
E730 | 00000000 | 
E734 | 00000000 | 
E738 | 00000000 | 
E73C | 00000000 | 
E740 | 00000000 | 
E744 | 00000000 | 
E748 | 00000000 | 
E74C | 00000000 | 
E750 | 00000000 | 
E754 | 00000000 | 
E758 | 00000000 | 
E75C | 00000000 | 
E760 | 00000000 | 
E764 | 00000000 | 
E768 | 00000000 | 
E76C | 00000000 | 
E770 | 00000000 | 
E774 | 00000000 | 
E778 | 00000000 | 
E77C | 00000000 | 
E780 | 00000000 | 
E784 | 00000000 | 
E788 | 00000000 | 
E78C | 00000000 | 
E790 | 00000000 | 
E794 | 00000000 | 
E798 | 00000000 | 
E79C | 00000000 | 
E7A0 | 00000000 | 
E7A4 | 00000000 | 
E7A8 | 00000000 | 
E7AC | 00000000 | 
E7B0 | 00000000 | 
E7B4 | 00000000 | 
E7B8 | 00000000 | 
E7BC | 00000000 | 
E7C0 | 00000000 | 
E7C4 | 00000000 | 
E7C8 | 00000000 | 
E7CC | 00000000 | 
E7D0 | 00000000 | 
E7D4 | 00000000 | 
E7D8 | 00000000 | 
E7DC | 00000000 | 
E7E0 | 00000000 | 
E7E4 | 00000000 | 
E7E8 | 00000000 | 
E7EC | 00000000 | 
E7F0 | 00000000 | 
E7F4 | 00000000 | 
E7F8 | 00000000 | 
E7FC | 00000000 | 
E800 | 00000000 | 
E804 | 00000000 | 
E808 | 00000000 | 
E80C | 00000000 | 
E810 | 00000000 | 
E814 | 00000000 | 
E818 | 00000000 | 
E81C | 00000000 | 
E820 | 00000000 | 
E824 | 00000000 | 
E828 | 00000000 | 
E82C | 00000000 | 
E830 | 00000000 | 
E834 | 00000000 | 
E838 | 00000000 | 
E83C | 00000000 | 
E840 | 00000000 | 
E844 | 00000000 | 
E848 | 00000000 | 
E84C | 00000000 | 
E850 | 00000000 | 
E854 | 00000000 | 
E858 | 00000000 | 
E85C | 00000000 | 
E860 | 00000000 | 
E864 | 00000000 | 
E868 | 00000000 | 
E86C | 00000000 | 
E870 | 00000000 | 
E874 | 00000000 | 
E878 | 00000000 | 
E87C | 00000000 | 
E880 | 00000000 | 
E884 | 00000000 | 
E888 | 00000000 | 
E88C | 00000000 | 
E890 | 00000000 | 
E894 | 00000000 | 
E898 | 00000000 | 
E89C | 00000000 | 
E8A0 | 00000000 | 
E8A4 | 00000000 | 
E8A8 | 00000000 | 
E8AC | 00000000 | 
E8B0 | 00000000 | 
E8B4 | 00000000 | 
E8B8 | 00000000 | 
E8BC | 00000000 | 
E8C0 | 00000000 | 
E8C4 | 00000000 | 
E8C8 | 00000000 | 
E8CC | 00000000 | 
E8D0 | 00000000 | 
E8D4 | 00000000 | 
E8D8 | 00000000 | 
E8DC | 00000000 | 
E8E0 | 00000000 | 
E8E4 | 00000000 | 
E8E8 | 00000000 | 
E8EC | 00000000 | 
E8F0 | 00000000 | 
E8F4 | 00000000 | 
E8F8 | 00000000 | 
E8FC | 00000000 | 
E900 | 00000000 | 
E904 | 00000000 | 
E908 | 00000000 | 
E90C | 00000000 | 
E910 | 00000000 | 
E914 | 00000000 | 
E918 | 00000000 | 
E91C | 00000000 | 
E920 | 00000000 | 
E924 | 00000000 | 
E928 | 00000000 | 
E92C | 00000000 | 
E930 | 00000000 | 
E934 | 00000000 | 
E938 | 00000000 | 
E93C | 00000000 | 
E940 | 00000000 | 
E944 | 00000000 | 
E948 | 00000000 | 
E94C | 00000000 | 
E950 | 00000000 | 
E954 | 00000000 | 
E958 | 00000000 | 
E95C | 00000000 | 
E960 | 00000000 | 
E964 | 00000000 | 
E968 | 00000000 | 
E96C | 00000000 | 
E970 | 00000000 | 
E974 | 00000000 | 
E978 | 00000000 | 
E97C | 00000000 | 
E980 | 00000000 | 
E984 | 00000000 | 
E988 | 00000000 | 
E98C | 00000000 | 
E990 | 00000000 | 
E994 | 00000000 | 
E998 | 00000000 | 
E99C | 00000000 | 
E9A0 | 00000000 | 
E9A4 | 00000000 | 
E9A8 | 00000000 | 
E9AC | 00000000 | 
E9B0 | 00000000 | 
E9B4 | 00000000 | 
E9B8 | 00000000 | 
E9BC | 00000000 | 
E9C0 | 00000000 | 
E9C4 | 00000000 | 
E9C8 | 00000000 | 
E9CC | 00000000 | 
E9D0 | 00000000 | 
E9D4 | 00000000 | 
E9D8 | 00000000 | 
E9DC | 00000000 | 
E9E0 | 00000000 | 
E9E4 | 00000000 | 
E9E8 | 00000000 | 
E9EC | 00000000 | 
E9F0 | 00000000 | 
E9F4 | 00000000 | 
E9F8 | 00000000 | 
E9FC | 00000000 | 
EA00 | 00000000 | 
EA04 | 00000000 | 
EA08 | 00000000 | 
EA0C | 00000000 | 
EA10 | 00000000 | 
EA14 | 00000000 | 
EA18 | 00000000 | 
EA1C | 00000000 | 
EA20 | 00000000 | 
EA24 | 00000000 | 
EA28 | 00000000 | 
EA2C | 00000000 | 
EA30 | 00000000 | 
EA34 | 00000000 | 
EA38 | 00000000 | 
EA3C | 00000000 | 
EA40 | 00000000 | 
EA44 | 00000000 | 
EA48 | 00000000 | 
EA4C | 00000000 | 
EA50 | 00000000 | 
EA54 | 00000000 | 
EA58 | 00000000 | 
EA5C | 00000000 | 
EA60 | 00000000 | 
EA64 | 00000000 | 
EA68 | 00000000 | 
EA6C | 00000000 | 
EA70 | 00000000 | 
EA74 | 00000000 | 
EA78 | 00000000 | 
EA7C | 00000000 | 
EA80 | 00000000 | 
EA84 | 00000000 | 
EA88 | 00000000 | 
EA8C | 00000000 | 
EA90 | 00000000 | 
EA94 | 00000000 | 
EA98 | 00000000 | 
EA9C | 00000000 | 
EAA0 | 00000000 | 
EAA4 | 00000000 | 
EAA8 | 00000000 | 
EAAC | 00000000 | 
EAB0 | 00000000 | 
EAB4 | 00000000 | 
EAB8 | 00000000 | 
EABC | 00000000 | 
EAC0 | 00000000 | 
EAC4 | 00000000 | 
EAC8 | 00000000 | 
EACC | 00000000 | 
EAD0 | 00000000 | 
EAD4 | 00000000 | 
EAD8 | 00000000 | 
EADC | 00000000 | 
EAE0 | 00000000 | 
EAE4 | 00000000 | 
EAE8 | 00000000 | 
EAEC | 00000000 | 
EAF0 | 00000000 | 
EAF4 | 00000000 | 
EAF8 | 00000000 | 
EAFC | 00000000 | 
EB00 | 00000000 | 
EB04 | 00000000 | 
EB08 | 00000000 | 
EB0C | 00000000 | 
EB10 | 00000000 | 
EB14 | 00000000 | 
EB18 | 00000000 | 
EB1C | 00000000 | 
EB20 | 00000000 | 
EB24 | 00000000 | 
EB28 | 00000000 | 
EB2C | 00000000 | 
EB30 | 00000000 | 
EB34 | 00000000 | 
EB38 | 00000000 | 
EB3C | 00000000 | 
EB40 | 00000000 | 
EB44 | 00000000 | 
EB48 | 00000000 | 
EB4C | 00000000 | 
EB50 | 00000000 | 
EB54 | 00000000 | 
EB58 | 00000000 | 
EB5C | 00000000 | 
EB60 | 00000000 | 
EB64 | 00000000 | 
EB68 | 00000000 | 
EB6C | 00000000 | 
EB70 | 00000000 | 
EB74 | 00000000 | 
EB78 | 00000000 | 
EB7C | 00000000 | 
EB80 | 00000000 | 
EB84 | 00000000 | 
EB88 | 00000000 | 
EB8C | 00000000 | 
EB90 | 00000000 | 
EB94 | 00000000 | 
EB98 | 00000000 | 
EB9C | 00000000 | 
EBA0 | 00000000 | 
EBA4 | 00000000 | 
EBA8 | 00000000 | 
EBAC | 00000000 | 
EBB0 | 00000000 | 
EBB4 | 00000000 | 
EBB8 | 00000000 | 
EBBC | 00000000 | 
EBC0 | 00000000 | 
EBC4 | 00000000 | 
EBC8 | 00000000 | 
EBCC | 00000000 | 
EBD0 | 00000000 | 
EBD4 | 00000000 | 
EBD8 | 00000000 | 
EBDC | 00000000 | 
EBE0 | 00000000 | 
EBE4 | 00000000 | 
EBE8 | 00000000 | 
EBEC | 00000000 | 
EBF0 | 00000000 | 
EBF4 | 00000000 | 
EBF8 | 00000000 | 
EBFC | 00000000 | 
EC00 | 00000000 | 
EC04 | 00000000 | 
EC08 | 00000000 | 
EC0C | 00000000 | 
EC10 | 00000000 | 
EC14 | 00000000 | 
EC18 | 00000000 | 
EC1C | 00000000 | 
EC20 | 00000000 | 
EC24 | 00000000 | 
EC28 | 00000000 | 
EC2C | 00000000 | 
EC30 | 00000000 | 
EC34 | 00000000 | 
EC38 | 00000000 | 
EC3C | 00000000 | 
EC40 | 00000000 | 
EC44 | 00000000 | 
EC48 | 00000000 | 
EC4C | 00000000 | 
EC50 | 00000000 | 
EC54 | 00000000 | 
EC58 | 00000000 | 
EC5C | 00000000 | 
EC60 | 00000000 | 
EC64 | 00000000 | 
EC68 | 00000000 | 
EC6C | 00000000 | 
EC70 | 00000000 | 
EC74 | 00000000 | 
EC78 | 00000000 | 
EC7C | 00000000 | 
EC80 | 00000000 | 
EC84 | 00000000 | 
EC88 | 00000000 | 
EC8C | 00000000 | 
EC90 | 00000000 | 
EC94 | 00000000 | 
EC98 | 00000000 | 
EC9C | 00000000 | 
ECA0 | 00000000 | 
ECA4 | 00000000 | 
ECA8 | 00000000 | 
ECAC | 00000000 | 
ECB0 | 00000000 | 
ECB4 | 00000000 | 
ECB8 | 00000000 | 
ECBC | 00000000 | 
ECC0 | 00000000 | 
ECC4 | 00000000 | 
ECC8 | 00000000 | 
ECCC | 00000000 | 
ECD0 | 00000000 | 
ECD4 | 00000000 | 
ECD8 | 00000000 | 
ECDC | 00000000 | 
ECE0 | 00000000 | 
ECE4 | 00000000 | 
ECE8 | 00000000 | 
ECEC | 00000000 | 
ECF0 | 00000000 | 
ECF4 | 00000000 | 
ECF8 | 00000000 | 
ECFC | 00000000 | 
ED00 | 00000000 | 
ED04 | 00000000 | 
ED08 | 00000000 | 
ED0C | 00000000 | 
ED10 | 00000000 | 
ED14 | 00000000 | 
ED18 | 00000000 | 
ED1C | 00000000 | 
ED20 | 00000000 | 
ED24 | 00000000 | 
ED28 | 00000000 | 
ED2C | 00000000 | 
ED30 | 00000000 | 
ED34 | 00000000 | 
ED38 | 00000000 | 
ED3C | 00000000 | 
ED40 | 00000000 | 
ED44 | 00000000 | 
ED48 | 00000000 | 
ED4C | 00000000 | 
ED50 | 00000000 | 
ED54 | 00000000 | 
ED58 | 00000000 | 
ED5C | 00000000 | 
ED60 | 00000000 | 
ED64 | 00000000 | 
ED68 | 00000000 | 
ED6C | 00000000 | 
ED70 | 00000000 | 
ED74 | 00000000 | 
ED78 | 00000000 | 
ED7C | 00000000 | 
ED80 | 00000000 | 
ED84 | 00000000 | 
ED88 | 00000000 | 
ED8C | 00000000 | 
ED90 | 00000000 | 
ED94 | 00000000 | 
ED98 | 00000000 | 
ED9C | 00000000 | 
EDA0 | 00000000 | 
EDA4 | 00000000 | 
EDA8 | 00000000 | 
EDAC | 00000000 | 
EDB0 | 00000000 | 
EDB4 | 00000000 | 
EDB8 | 00000000 | 
EDBC | 00000000 | 
EDC0 | 00000000 | 
EDC4 | 00000000 | 
EDC8 | 00000000 | 
EDCC | 00000000 | 
EDD0 | 00000000 | 
EDD4 | 00000000 | 
EDD8 | 00000000 | 
EDDC | 00000000 | 
EDE0 | 00000000 | 
EDE4 | 00000000 | 
EDE8 | 00000000 | 
EDEC | 00000000 | 
EDF0 | 00000000 | 
EDF4 | 00000000 | 
EDF8 | 00000000 | 
EDFC | 00000000 | 
EE00 | 00000000 | 
EE04 | 00000000 | 
EE08 | 00000000 | 
EE0C | 00000000 | 
EE10 | 00000000 | 
EE14 | 00000000 | 
EE18 | 00000000 | 
EE1C | 00000000 | 
EE20 | 00000000 | 
EE24 | 00000000 | 
EE28 | 00000000 | 
EE2C | 00000000 | 
EE30 | 00000000 | 
EE34 | 00000000 | 
EE38 | 00000000 | 
EE3C | 00000000 | 
EE40 | 00000000 | 
EE44 | 00000000 | 
EE48 | 00000000 | 
EE4C | 00000000 | 
EE50 | 00000000 | 
EE54 | 00000000 | 
EE58 | 00000000 | 
EE5C | 00000000 | 
EE60 | 00000000 | 
EE64 | 00000000 | 
EE68 | 00000000 | 
EE6C | 00000000 | 
EE70 | 00000000 | 
EE74 | 00000000 | 
EE78 | 00000000 | 
EE7C | 00000000 | 
EE80 | 00000000 | 
EE84 | 00000000 | 
EE88 | 00000000 | 
EE8C | 00000000 | 
EE90 | 00000000 | 
EE94 | 00000000 | 
EE98 | 00000000 | 
EE9C | 00000000 | 
EEA0 | 00000000 | 
EEA4 | 00000000 | 
EEA8 | 00000000 | 
EEAC | 00000000 | 
EEB0 | 00000000 | 
EEB4 | 00000000 | 
EEB8 | 00000000 | 
EEBC | 00000000 | 
EEC0 | 00000000 | 
EEC4 | 00000000 | 
EEC8 | 00000000 | 
EECC | 00000000 | 
EED0 | 00000000 | 
EED4 | 00000000 | 
EED8 | 00000000 | 
EEDC | 00000000 | 
EEE0 | 00000000 | 
EEE4 | 00000000 | 
EEE8 | 00000000 | 
EEEC | 00000000 | 
EEF0 | 00000000 | 
EEF4 | 00000000 | 
EEF8 | 00000000 | 
EEFC | 00000000 | 
EF00 | 00000000 | 
EF04 | 00000000 | 
EF08 | 00000000 | 
EF0C | 00000000 | 
EF10 | 00000000 | 
EF14 | 00000000 | 
EF18 | 00000000 | 
EF1C | 00000000 | 
EF20 | 00000000 | 
EF24 | 00000000 | 
EF28 | 00000000 | 
EF2C | 00000000 | 
EF30 | 00000000 | 
EF34 | 00000000 | 
EF38 | 00000000 | 
EF3C | 00000000 | 
EF40 | 00000000 | 
EF44 | 00000000 | 
EF48 | 00000000 | 
EF4C | 00000000 | 
EF50 | 00000000 | 
EF54 | 00000000 | 
EF58 | 00000000 | 
EF5C | 00000000 | 
EF60 | 00000000 | 
EF64 | 00000000 | 
EF68 | 00000000 | 
EF6C | 00000000 | 
EF70 | 00000000 | 
EF74 | 00000000 | 
EF78 | 00000000 | 
EF7C | 00000000 | 
EF80 | 00000000 | 
EF84 | 00000000 | 
EF88 | 00000000 | 
EF8C | 00000000 | 
EF90 | 00000000 | 
EF94 | 00000000 | 
EF98 | 00000000 | 
EF9C | 00000000 | 
EFA0 | 00000000 | 
EFA4 | 00000000 | 
EFA8 | 00000000 | 
EFAC | 00000000 | 
EFB0 | 00000000 | 
EFB4 | 00000000 | 
EFB8 | 00000000 | 
EFBC | 00000000 | 
EFC0 | 00000000 | 
EFC4 | 00000000 | 
EFC8 | 00000000 | 
EFCC | 00000000 | 
EFD0 | 00000000 | 
EFD4 | 00000000 | 
EFD8 | 00000000 | 
EFDC | 00000000 | 
EFE0 | 00000000 | 
EFE4 | 00000000 | 
EFE8 | 00000000 | 
EFEC | 00000000 | 
EFF0 | 00000000 | 
EFF4 | 00000000 | 
EFF8 | 00000000 | 
EFFC | 00000000 | 
F000 | 00000000 | 
F004 | 00000000 | 
F008 | 00000000 | 
F00C | 00000000 | 
F010 | 00000000 | 
F014 | 00000000 | 
F018 | 00000000 | 
F01C | 00000000 | 
F020 | 00000000 | 
F024 | 00000000 | 
F028 | 00000000 | 
F02C | 00000000 | 
F030 | 00000000 | 
F034 | 00000000 | 
F038 | 00000000 | 
F03C | 00000000 | 
F040 | 00000000 | 
F044 | 00000000 | 
F048 | 00000000 | 
F04C | 00000000 | 
F050 | 00000000 | 
F054 | 00000000 | 
F058 | 00000000 | 
F05C | 00000000 | 
F060 | 00000000 | 
F064 | 00000000 | 
F068 | 00000000 | 
F06C | 00000000 | 
F070 | 00000000 | 
F074 | 00000000 | 
F078 | 00000000 | 
F07C | 00000000 | 
F080 | 00000000 | 
F084 | 00000000 | 
F088 | 00000000 | 
F08C | 00000000 | 
F090 | 00000000 | 
F094 | 00000000 | 
F098 | 00000000 | 
F09C | 00000000 | 
F0A0 | 00000000 | 
F0A4 | 00000000 | 
F0A8 | 00000000 | 
F0AC | 00000000 | 
F0B0 | 00000000 | 
F0B4 | 00000000 | 
F0B8 | 00000000 | 
F0BC | 00000000 | 
F0C0 | 00000000 | 
F0C4 | 00000000 | 
F0C8 | 00000000 | 
F0CC | 00000000 | 
F0D0 | 00000000 | 
F0D4 | 00000000 | 
F0D8 | 00000000 | 
F0DC | 00000000 | 
F0E0 | 00000000 | 
F0E4 | 00000000 | 
F0E8 | 00000000 | 
F0EC | 00000000 | 
F0F0 | 00000000 | 
F0F4 | 00000000 | 
F0F8 | 00000000 | 
F0FC | 00000000 | 
F100 | 00000000 | 
F104 | 00000000 | 
F108 | 00000000 | 
F10C | 00000000 | 
F110 | 00000000 | 
F114 | 00000000 | 
F118 | 00000000 | 
F11C | 00000000 | 
F120 | 00000000 | 
F124 | 00000000 | 
F128 | 00000000 | 
F12C | 00000000 | 
F130 | 00000000 | 
F134 | 00000000 | 
F138 | 00000000 | 
F13C | 00000000 | 
F140 | 00000000 | 
F144 | 00000000 | 
F148 | 00000000 | 
F14C | 00000000 | 
F150 | 00000000 | 
F154 | 00000000 | 
F158 | 00000000 | 
F15C | 00000000 | 
F160 | 00000000 | 
F164 | 00000000 | 
F168 | 00000000 | 
F16C | 00000000 | 
F170 | 00000000 | 
F174 | 00000000 | 
F178 | 00000000 | 
F17C | 00000000 | 
F180 | 00000000 | 
F184 | 00000000 | 
F188 | 00000000 | 
F18C | 00000000 | 
F190 | 00000000 | 
F194 | 00000000 | 
F198 | 00000000 | 
F19C | 00000000 | 
F1A0 | 00000000 | 
F1A4 | 00000000 | 
F1A8 | 00000000 | 
F1AC | 00000000 | 
F1B0 | 00000000 | 
F1B4 | 00000000 | 
F1B8 | 00000000 | 
F1BC | 00000000 | 
F1C0 | 00000000 | 
F1C4 | 00000000 | 
F1C8 | 00000000 | 
F1CC | 00000000 | 
F1D0 | 00000000 | 
F1D4 | 00000000 | 
F1D8 | 00000000 | 
F1DC | 00000000 | 
F1E0 | 00000000 | 
F1E4 | 00000000 | 
F1E8 | 00000000 | 
F1EC | 00000000 | 
F1F0 | 00000000 | 
F1F4 | 00000000 | 
F1F8 | 00000000 | 
F1FC | 00000000 | 
F200 | 00000000 | 
F204 | 00000000 | 
F208 | 00000000 | 
F20C | 00000000 | 
F210 | 00000000 | 
F214 | 00000000 | 
F218 | 00000000 | 
F21C | 00000000 | 
F220 | 00000000 | 
F224 | 00000000 | 
F228 | 00000000 | 
F22C | 00000000 | 
F230 | 00000000 | 
F234 | 00000000 | 
F238 | 00000000 | 
F23C | 00000000 | 
F240 | 00000000 | 
F244 | 00000000 | 
F248 | 00000000 | 
F24C | 00000000 | 
F250 | 00000000 | 
F254 | 00000000 | 
F258 | 00000000 | 
F25C | 00000000 | 
F260 | 00000000 | 
F264 | 00000000 | 
F268 | 00000000 | 
F26C | 00000000 | 
F270 | 00000000 | 
F274 | 00000000 | 
F278 | 00000000 | 
F27C | 00000000 | 
F280 | 00000000 | 
F284 | 00000000 | 
F288 | 00000000 | 
F28C | 00000000 | 
F290 | 00000000 | 
F294 | 00000000 | 
F298 | 00000000 | 
F29C | 00000000 | 
F2A0 | 00000000 | 
F2A4 | 00000000 | 
F2A8 | 00000000 | 
F2AC | 00000000 | 
F2B0 | 00000000 | 
F2B4 | 00000000 | 
F2B8 | 00000000 | 
F2BC | 00000000 | 
F2C0 | 00000000 | 
F2C4 | 00000000 | 
F2C8 | 00000000 | 
F2CC | 00000000 | 
F2D0 | 00000000 | 
F2D4 | 00000000 | 
F2D8 | 00000000 | 
F2DC | 00000000 | 
F2E0 | 00000000 | 
F2E4 | 00000000 | 
F2E8 | 00000000 | 
F2EC | 00000000 | 
F2F0 | 00000000 | 
F2F4 | 00000000 | 
F2F8 | 00000000 | 
F2FC | 00000000 | 
F300 | 00000000 | 
F304 | 00000000 | 
F308 | 00000000 | 
F30C | 00000000 | 
F310 | 00000000 | 
F314 | 00000000 | 
F318 | 00000000 | 
F31C | 00000000 | 
F320 | 00000000 | 
F324 | 00000000 | 
F328 | 00000000 | 
F32C | 00000000 | 
F330 | 00000000 | 
F334 | 00000000 | 
F338 | 00000000 | 
F33C | 00000000 | 
F340 | 00000000 | 
F344 | 00000000 | 
F348 | 00000000 | 
F34C | 00000000 | 
F350 | 00000000 | 
F354 | 00000000 | 
F358 | 00000000 | 
F35C | 00000000 | 
F360 | 00000000 | 
F364 | 00000000 | 
F368 | 00000000 | 
F36C | 00000000 | 
F370 | 00000000 | 
F374 | 00000000 | 
F378 | 00000000 | 
F37C | 00000000 | 
F380 | 00000000 | 
F384 | 00000000 | 
F388 | 00000000 | 
F38C | 00000000 | 
F390 | 00000000 | 
F394 | 00000000 | 
F398 | 00000000 | 
F39C | 00000000 | 
F3A0 | 00000000 | 
F3A4 | 00000000 | 
F3A8 | 00000000 | 
F3AC | 00000000 | 
F3B0 | 00000000 | 
F3B4 | 00000000 | 
F3B8 | 00000000 | 
F3BC | 00000000 | 
F3C0 | 00000000 | 
F3C4 | 00000000 | 
F3C8 | 00000000 | 
F3CC | 00000000 | 
F3D0 | 00000000 | 
F3D4 | 00000000 | 
F3D8 | 00000000 | 
F3DC | 00000000 | 
F3E0 | 00000000 | 
F3E4 | 00000000 | 
F3E8 | 00000000 | 
F3EC | 00000000 | 
F3F0 | 00000000 | 
F3F4 | 00000000 | 
F3F8 | 00000000 | 
F3FC | 00000000 | 
F400 | 00000000 | 
F404 | 00000000 | 
F408 | 00000000 | 
F40C | 00000000 | 
F410 | 00000000 | 
F414 | 00000000 | 
F418 | 00000000 | 
F41C | 00000000 | 
F420 | 00000000 | 
F424 | 00000000 | 
F428 | 00000000 | 
F42C | 00000000 | 
F430 | 00000000 | 
F434 | 00000000 | 
F438 | 00000000 | 
F43C | 00000000 | 
F440 | 00000000 | 
F444 | 00000000 | 
F448 | 00000000 | 
F44C | 00000000 | 
F450 | 00000000 | 
F454 | 00000000 | 
F458 | 00000000 | 
F45C | 00000000 | 
F460 | 00000000 | 
F464 | 00000000 | 
F468 | 00000000 | 
F46C | 00000000 | 
F470 | 00000000 | 
F474 | 00000000 | 
F478 | 00000000 | 
F47C | 00000000 | 
F480 | 00000000 | 
F484 | 00000000 | 
F488 | 00000000 | 
F48C | 00000000 | 
F490 | 00000000 | 
F494 | 00000000 | 
F498 | 00000000 | 
F49C | 00000000 | 
F4A0 | 00000000 | 
F4A4 | 00000000 | 
F4A8 | 00000000 | 
F4AC | 00000000 | 
F4B0 | 00000000 | 
F4B4 | 00000000 | 
F4B8 | 00000000 | 
F4BC | 00000000 | 
F4C0 | 00000000 | 
F4C4 | 00000000 | 
F4C8 | 00000000 | 
F4CC | 00000000 | 
F4D0 | 00000000 | 
F4D4 | 00000000 | 
F4D8 | 00000000 | 
F4DC | 00000000 | 
F4E0 | 00000000 | 
F4E4 | 00000000 | 
F4E8 | 00000000 | 
F4EC | 00000000 | 
F4F0 | 00000000 | 
F4F4 | 00000000 | 
F4F8 | 00000000 | 
F4FC | 00000000 | 
F500 | 00000000 | 
F504 | 00000000 | 
F508 | 00000000 | 
F50C | 00000000 | 
F510 | 00000000 | 
F514 | 00000000 | 
F518 | 00000000 | 
F51C | 00000000 | 
F520 | 00000000 | 
F524 | 00000000 | 
F528 | 00000000 | 
F52C | 00000000 | 
F530 | 00000000 | 
F534 | 00000000 | 
F538 | 00000000 | 
F53C | 00000000 | 
F540 | 00000000 | 
F544 | 00000000 | 
F548 | 00000000 | 
F54C | 00000000 | 
F550 | 00000000 | 
F554 | 00000000 | 
F558 | 00000000 | 
F55C | 00000000 | 
F560 | 00000000 | 
F564 | 00000000 | 
F568 | 00000000 | 
F56C | 00000000 | 
F570 | 00000000 | 
F574 | 00000000 | 
F578 | 00000000 | 
F57C | 00000000 | 
F580 | 00000000 | 
F584 | 00000000 | 
F588 | 00000000 | 
F58C | 00000000 | 
F590 | 00000000 | 
F594 | 00000000 | 
F598 | 00000000 | 
F59C | 00000000 | 
F5A0 | 00000000 | 
F5A4 | 00000000 | 
F5A8 | 00000000 | 
F5AC | 00000000 | 
F5B0 | 00000000 | 
F5B4 | 00000000 | 
F5B8 | 00000000 | 
F5BC | 00000000 | 
F5C0 | 00000000 | 
F5C4 | 00000000 | 
F5C8 | 00000000 | 
F5CC | 00000000 | 
F5D0 | 00000000 | 
F5D4 | 00000000 | 
F5D8 | 00000000 | 
F5DC | 00000000 | 
F5E0 | 00000000 | 
F5E4 | 00000000 | 
F5E8 | 00000000 | 
F5EC | 00000000 | 
F5F0 | 00000000 | 
F5F4 | 00000000 | 
F5F8 | 00000000 | 
F5FC | 00000000 | 
F600 | 00000000 | 
F604 | 00000000 | 
F608 | 00000000 | 
F60C | 00000000 | 
F610 | 00000000 | 
F614 | 00000000 | 
F618 | 00000000 | 
F61C | 00000000 | 
F620 | 00000000 | 
F624 | 00000000 | 
F628 | 00000000 | 
F62C | 00000000 | 
F630 | 00000000 | 
F634 | 00000000 | 
F638 | 00000000 | 
F63C | 00000000 | 
F640 | 00000000 | 
F644 | 00000000 | 
F648 | 00000000 | 
F64C | 00000000 | 
F650 | 00000000 | 
F654 | 00000000 | 
F658 | 00000000 | 
F65C | 00000000 | 
F660 | 00000000 | 
F664 | 00000000 | 
F668 | 00000000 | 
F66C | 00000000 | 
F670 | 00000000 | 
F674 | 00000000 | 
F678 | 00000000 | 
F67C | 00000000 | 
F680 | 00000000 | 
F684 | 00000000 | 
F688 | 00000000 | 
F68C | 00000000 | 
F690 | 00000000 | 
F694 | 00000000 | 
F698 | 00000000 | 
F69C | 00000000 | 
F6A0 | 00000000 | 
F6A4 | 00000000 | 
F6A8 | 00000000 | 
F6AC | 00000000 | 
F6B0 | 00000000 | 
F6B4 | 00000000 | 
F6B8 | 00000000 | 
F6BC | 00000000 | 
F6C0 | 00000000 | 
F6C4 | 00000000 | 
F6C8 | 00000000 | 
F6CC | 00000000 | 
F6D0 | 00000000 | 
F6D4 | 00000000 | 
F6D8 | 00000000 | 
F6DC | 00000000 | 
F6E0 | 00000000 | 
F6E4 | 00000000 | 
F6E8 | 00000000 | 
F6EC | 00000000 | 
F6F0 | 00000000 | 
F6F4 | 00000000 | 
F6F8 | 00000000 | 
F6FC | 00000000 | 
F700 | 00000000 | 
F704 | 00000000 | 
F708 | 00000000 | 
F70C | 00000000 | 
F710 | 00000000 | 
F714 | 00000000 | 
F718 | 00000000 | 
F71C | 00000000 | 
F720 | 00000000 | 
F724 | 00000000 | 
F728 | 00000000 | 
F72C | 00000000 | 
F730 | 00000000 | 
F734 | 00000000 | 
F738 | 00000000 | 
F73C | 00000000 | 
F740 | 00000000 | 
F744 | 00000000 | 
F748 | 00000000 | 
F74C | 00000000 | 
F750 | 00000000 | 
F754 | 00000000 | 
F758 | 00000000 | 
F75C | 00000000 | 
F760 | 00000000 | 
F764 | 00000000 | 
F768 | 00000000 | 
F76C | 00000000 | 
F770 | 00000000 | 
F774 | 00000000 | 
F778 | 00000000 | 
F77C | 00000000 | 
F780 | 00000000 | 
F784 | 00000000 | 
F788 | 00000000 | 
F78C | 00000000 | 
F790 | 00000000 | 
F794 | 00000000 | 
F798 | 00000000 | 
F79C | 00000000 | 
F7A0 | 00000000 | 
F7A4 | 00000000 | 
F7A8 | 00000000 | 
F7AC | 00000000 | 
F7B0 | 00000000 | 
F7B4 | 00000000 | 
F7B8 | 00000000 | 
F7BC | 00000000 | 
F7C0 | 00000000 | 
F7C4 | 00000000 | 
F7C8 | 00000000 | 
F7CC | 00000000 | 
F7D0 | 00000000 | 
F7D4 | 00000000 | 
F7D8 | 00000000 | 
F7DC | 00000000 | 
F7E0 | 00000000 | 
F7E4 | 00000000 | 
F7E8 | 00000000 | 
F7EC | 00000000 | 
F7F0 | 00000000 | 
F7F4 | 00000000 | 
F7F8 | 00000000 | 
F7FC | 00000000 | 
F800 | 00000000 | 
F804 | 00000000 | 
F808 | 00000000 | 
F80C | 00000000 | 
F810 | 00000000 | 
F814 | 00000000 | 
F818 | 00000000 | 
F81C | 00000000 | 
F820 | 00000000 | 
F824 | 00000000 | 
F828 | 00000000 | 
F82C | 00000000 | 
F830 | 00000000 | 
F834 | 00000000 | 
F838 | 00000000 | 
F83C | 00000000 | 
F840 | 00000000 | 
F844 | 00000000 | 
F848 | 00000000 | 
F84C | 00000000 | 
F850 | 00000000 | 
F854 | 00000000 | 
F858 | 00000000 | 
F85C | 00000000 | 
F860 | 00000000 | 
F864 | 00000000 | 
F868 | 00000000 | 
F86C | 00000000 | 
F870 | 00000000 | 
F874 | 00000000 | 
F878 | 00000000 | 
F87C | 00000000 | 
F880 | 00000000 | 
F884 | 00000000 | 
F888 | 00000000 | 
F88C | 00000000 | 
F890 | 00000000 | 
F894 | 00000000 | 
F898 | 00000000 | 
F89C | 00000000 | 
F8A0 | 00000000 | 
F8A4 | 00000000 | 
F8A8 | 00000000 | 
F8AC | 00000000 | 
F8B0 | 00000000 | 
F8B4 | 00000000 | 
F8B8 | 00000000 | 
F8BC | 00000000 | 
F8C0 | 00000000 | 
F8C4 | 00000000 | 
F8C8 | 00000000 | 
F8CC | 00000000 | 
F8D0 | 00000000 | 
F8D4 | 00000000 | 
F8D8 | 00000000 | 
F8DC | 00000000 | 
F8E0 | 00000000 | 
F8E4 | 00000000 | 
F8E8 | 00000000 | 
F8EC | 00000000 | 
F8F0 | 00000000 | 
F8F4 | 00000000 | 
F8F8 | 00000000 | 
F8FC | 00000000 | 
F900 | 00000000 | 
F904 | 00000000 | 
F908 | 00000000 | 
F90C | 00000000 | 
F910 | 00000000 | 
F914 | 00000000 | 
F918 | 00000000 | 
F91C | 00000000 | 
F920 | 00000000 | 
F924 | 00000000 | 
F928 | 00000000 | 
F92C | 00000000 | 
F930 | 00000000 | 
F934 | 00000000 | 
F938 | 00000000 | 
F93C | 00000000 | 
F940 | 00000000 | 
F944 | 00000000 | 
F948 | 00000000 | 
F94C | 00000000 | 
F950 | 00000000 | 
F954 | 00000000 | 
F958 | 00000000 | 
F95C | 00000000 | 
F960 | 00000000 | 
F964 | 00000000 | 
F968 | 00000000 | 
F96C | 00000000 | 
F970 | 00000000 | 
F974 | 00000000 | 
F978 | 00000000 | 
F97C | 00000000 | 
F980 | 00000000 | 
F984 | 00000000 | 
F988 | 00000000 | 
F98C | 00000000 | 
F990 | 00000000 | 
F994 | 00000000 | 
F998 | 00000000 | 
F99C | 00000000 | 
F9A0 | 00000000 | 
F9A4 | 00000000 | 
F9A8 | 00000000 | 
F9AC | 00000000 | 
F9B0 | 00000000 | 
F9B4 | 00000000 | 
F9B8 | 00000000 | 
F9BC | 00000000 | 
F9C0 | 00000000 | 
F9C4 | 00000000 | 
F9C8 | 00000000 | 
F9CC | 00000000 | 
F9D0 | 00000000 | 
F9D4 | 00000000 | 
F9D8 | 00000000 | 
F9DC | 00000000 | 
F9E0 | 00000000 | 
F9E4 | 00000000 | 
F9E8 | 00000000 | 
F9EC | 00000000 | 
F9F0 | 00000000 | 
F9F4 | 00000000 | 
F9F8 | 00000000 | 
F9FC | 00000000 | 
FA00 | 00000000 | 
FA04 | 00000000 | 
FA08 | 00000000 | 
FA0C | 00000000 | 
FA10 | 00000000 | 
FA14 | 00000000 | 
FA18 | 00000000 | 
FA1C | 00000000 | 
FA20 | 00000000 | 
FA24 | 00000000 | 
FA28 | 00000000 | 
FA2C | 00000000 | 
FA30 | 00000000 | 
FA34 | 00000000 | 
FA38 | 00000000 | 
FA3C | 00000000 | 
FA40 | 00000000 | 
FA44 | 00000000 | 
FA48 | 00000000 | 
FA4C | 00000000 | 
FA50 | 00000000 | 
FA54 | 00000000 | 
FA58 | 00000000 | 
FA5C | 00000000 | 
FA60 | 00000000 | 
FA64 | 00000000 | 
FA68 | 00000000 | 
FA6C | 00000000 | 
FA70 | 00000000 | 
FA74 | 00000000 | 
FA78 | 00000000 | 
FA7C | 00000000 | 
FA80 | 00000000 | 
FA84 | 00000000 | 
FA88 | 00000000 | 
FA8C | 00000000 | 
FA90 | 00000000 | 
FA94 | 00000000 | 
FA98 | 00000000 | 
FA9C | 00000000 | 
FAA0 | 00000000 | 
FAA4 | 00000000 | 
FAA8 | 00000000 | 
FAAC | 00000000 | 
FAB0 | 00000000 | 
FAB4 | 00000000 | 
FAB8 | 00000000 | 
FABC | 00000000 | 
FAC0 | 00000000 | 
FAC4 | 00000000 | 
FAC8 | 00000000 | 
FACC | 00000000 | 
FAD0 | 00000000 | 
FAD4 | 00000000 | 
FAD8 | 00000000 | 
FADC | 00000000 | 
FAE0 | 00000000 | 
FAE4 | 00000000 | 
FAE8 | 00000000 | 
FAEC | 00000000 | 
FAF0 | 00000000 | 
FAF4 | 00000000 | 
FAF8 | 00000000 | 
FAFC | 00000000 | 
FB00 | 00000000 | 
FB04 | 00000000 | 
FB08 | 00000000 | 
FB0C | 00000000 | 
FB10 | 00000000 | 
FB14 | 00000000 | 
FB18 | 00000000 | 
FB1C | 00000000 | 
FB20 | 00000000 | 
FB24 | 00000000 | 
FB28 | 00000000 | 
FB2C | 00000000 | 
FB30 | 00000000 | 
FB34 | 00000000 | 
FB38 | 00000000 | 
FB3C | 00000000 | 
FB40 | 00000000 | 
FB44 | 00000000 | 
FB48 | 00000000 | 
FB4C | 00000000 | 
FB50 | 00000000 | 
FB54 | 00000000 | 
FB58 | 00000000 | 
FB5C | 00000000 | 
FB60 | 00000000 | 
FB64 | 00000000 | 
FB68 | 00000000 | 
FB6C | 00000000 | 
FB70 | 00000000 | 
FB74 | 00000000 | 
FB78 | 00000000 | 
FB7C | 00000000 | 
FB80 | 00000000 | 
FB84 | 00000000 | 
FB88 | 00000000 | 
FB8C | 00000000 | 
FB90 | 00000000 | 
FB94 | 00000000 | 
FB98 | 00000000 | 
FB9C | 00000000 | 
FBA0 | 00000000 | 
FBA4 | 00000000 | 
FBA8 | 00000000 | 
FBAC | 00000000 | 
FBB0 | 00000000 | 
FBB4 | 00000000 | 
FBB8 | 00000000 | 
FBBC | 00000000 | 
FBC0 | 00000000 | 
FBC4 | 00000000 | 
FBC8 | 00000000 | 
FBCC | 00000000 | 
FBD0 | 00000000 | 
FBD4 | 00000000 | 
FBD8 | 00000000 | 
FBDC | 00000000 | 
FBE0 | 00000000 | 
FBE4 | 00000000 | 
FBE8 | 00000000 | 
FBEC | 00000000 | 
FBF0 | 00000000 | 
FBF4 | 00000000 | 
FBF8 | 00000000 | 
FBFC | 00000000 | 
FC00 | 00000000 | 
FC04 | 00000000 | 
FC08 | 00000000 | 
FC0C | 00000000 | 
FC10 | 00000000 | 
FC14 | 00000000 | 
FC18 | 00000000 | 
FC1C | 00000000 | 
FC20 | 00000000 | 
FC24 | 00000000 | 
FC28 | 00000000 | 
FC2C | 00000000 | 
FC30 | 00000000 | 
FC34 | 00000000 | 
FC38 | 00000000 | 
FC3C | 00000000 | 
FC40 | 00000000 | 
FC44 | 00000000 | 
FC48 | 00000000 | 
FC4C | 00000000 | 
FC50 | 00000000 | 
FC54 | 00000000 | 
FC58 | 00000000 | 
FC5C | 00000000 | 
FC60 | 00000000 | 
FC64 | 00000000 | 
FC68 | 00000000 | 
FC6C | 00000000 | 
FC70 | 00000000 | 
FC74 | 00000000 | 
FC78 | 00000000 | 
FC7C | 00000000 | 
FC80 | 00000000 | 
FC84 | 00000000 | 
FC88 | 00000000 | 
FC8C | 00000000 | 
FC90 | 00000000 | 
FC94 | 00000000 | 
FC98 | 00000000 | 
FC9C | 00000000 | 
FCA0 | 00000000 | 
FCA4 | 00000000 | 
FCA8 | 00000000 | 
FCAC | 00000000 | 
FCB0 | 00000000 | 
FCB4 | 00000000 | 
FCB8 | 00000000 | 
FCBC | 00000000 | 
FCC0 | 00000000 | 
FCC4 | 00000000 | 
FCC8 | 00000000 | 
FCCC | 00000000 | 
FCD0 | 00000000 | 
FCD4 | 00000000 | 
FCD8 | 00000000 | 
FCDC | 00000000 | 
FCE0 | 00000000 | 
FCE4 | 00000000 | 
FCE8 | 00000000 | 
FCEC | 00000000 | 
FCF0 | 00000000 | 
FCF4 | 00000000 | 
FCF8 | 00000000 | 
FCFC | 00000000 | 
FD00 | 00000000 | 
FD04 | 00000000 | 
FD08 | 00000000 | 
FD0C | 00000000 | 
FD10 | 00000000 | 
FD14 | 00000000 | 
FD18 | 00000000 | 
FD1C | 00000000 | 
FD20 | 00000000 | 
FD24 | 00000000 | 
FD28 | 00000000 | 
FD2C | 00000000 | 
FD30 | 00000000 | 
FD34 | 00000000 | 
FD38 | 00000000 | 
FD3C | 00000000 | 
FD40 | 00000000 | 
FD44 | 00000000 | 
FD48 | 00000000 | 
FD4C | 00000000 | 
FD50 | 00000000 | 
FD54 | 00000000 | 
FD58 | 00000000 | 
FD5C | 00000000 | 
FD60 | 00000000 | 
FD64 | 00000000 | 
FD68 | 00000000 | 
FD6C | 00000000 | 
FD70 | 00000000 | 
FD74 | 00000000 | 
FD78 | 00000000 | 
FD7C | 00000000 | 
FD80 | 00000000 | 
FD84 | 00000000 | 
FD88 | 00000000 | 
FD8C | 00000000 | 
FD90 | 00000000 | 
FD94 | 00000000 | 
FD98 | 00000000 | 
FD9C | 00000000 | 
FDA0 | 00000000 | 
FDA4 | 00000000 | 
FDA8 | 00000000 | 
FDAC | 00000000 | 
FDB0 | 00000000 | 
FDB4 | 00000000 | 
FDB8 | 00000000 | 
FDBC | 00000000 | 
FDC0 | 00000000 | 
FDC4 | 00000000 | 
FDC8 | 00000000 | 
FDCC | 00000000 | 
FDD0 | 00000000 | 
FDD4 | 00000000 | 
FDD8 | 00000000 | 
FDDC | 00000000 | 
FDE0 | 00000000 | 
FDE4 | 00000000 | 
FDE8 | 00000000 | 
FDEC | 00000000 | 
FDF0 | 00000000 | 
FDF4 | 00000000 | 
FDF8 | 00000000 | 
FDFC | 00000000 | 
FE00 | 00000000 | 
FE04 | 00000000 | 
FE08 | 00000000 | 
FE0C | 00000000 | 
FE10 | 00000000 | 
FE14 | 00000000 | 
FE18 | 00000000 | 
FE1C | 00000000 | 
FE20 | 00000000 | 
FE24 | 00000000 | 
FE28 | 00000000 | 
FE2C | 00000000 | 
FE30 | 00000000 | 
FE34 | 00000000 | 
FE38 | 00000000 | 
FE3C | 00000000 | 
FE40 | 00000000 | 
FE44 | 00000000 | 
FE48 | 00000000 | 
FE4C | 00000000 | 
FE50 | 00000000 | 
FE54 | 00000000 | 
FE58 | 00000000 | 
FE5C | 00000000 | 
FE60 | 00000000 | 
FE64 | 00000000 | 
FE68 | 00000000 | 
FE6C | 00000000 | 
FE70 | 00000000 | 
FE74 | 00000000 | 
FE78 | 00000000 | 
FE7C | 00000000 | 
FE80 | 00000000 | 
FE84 | 00000000 | 
FE88 | 00000000 | 
FE8C | 00000000 | 
FE90 | 00000000 | 
FE94 | 00000000 | 
FE98 | 00000000 | 
FE9C | 00000000 | 
FEA0 | 00000000 | 
FEA4 | 00000000 | 
FEA8 | 00000000 | 
FEAC | 00000000 | 
FEB0 | 00000000 | 
FEB4 | 00000000 | 
FEB8 | 00000000 | 
FEBC | 00000000 | 
FEC0 | 00000000 | 
FEC4 | 00000000 | 
FEC8 | 00000000 | 
FECC | 00000000 | 
FED0 | 00000000 | 
FED4 | 00000000 | 
FED8 | 00000000 | 
FEDC | 00000000 | 
FEE0 | 00000000 | 
FEE4 | 00000000 | 
FEE8 | 00000000 | 
FEEC | 00000000 | 
FEF0 | 00000000 | 
FEF4 | 00000000 | 
FEF8 | 00000000 | 
FEFC | 00000000 | 
FF00 | 00000000 | 
FF04 | 00000000 | 
FF08 | 00000000 | 
FF0C | 00000000 | 
FF10 | 00000000 | 
FF14 | 00000000 | 
FF18 | 00000000 | 
FF1C | 00000000 | 
FF20 | 00000000 | 
FF24 | 00000000 | 
FF28 | 00000000 | 
FF2C | 00000000 | 
FF30 | 00000000 | 
FF34 | 00000000 | 
FF38 | 00000000 | 
FF3C | 00000000 | 
FF40 | 00000000 | 
FF44 | 00000000 | 
FF48 | 00000000 | 
FF4C | 00000000 | 
FF50 | 00000000 | 
FF54 | 00000000 | 
FF58 | 00000000 | 
FF5C | 00000000 | 
FF60 | 00000000 | 
FF64 | 00000000 | 
FF68 | 00000000 | 
FF6C | 00000000 | 
FF70 | 00000000 | 
FF74 | 00000000 | 
FF78 | 00000000 | 
FF7C | 00000000 | 
FF80 | 00000000 | 
FF84 | 00000000 | 
FF88 | 00000000 | 
FF8C | 00000000 | 
FF90 | 00000000 | 
FF94 | 00000000 | 
FF98 | 00000000 | 
FF9C | 00000000 | 
FFA0 | 00000000 | 
FFA4 | 00000000 | 
FFA8 | 00000000 | 
FFAC | 00000000 | 
FFB0 | 00000000 | 
FFB4 | 00000000 | 
FFB8 | 00000000 | 
FFBC | 00000000 | 
FFC0 | 00000000 | 
FFC4 | 00000000 | 
FFC8 | 00000000 | 
FFCC | 00000000 | 
FFD0 | 00000000 | 
FFD4 | 00000000 | 
FFD8 | 00000000 | 
FFDC | 00000000 | 
FFE0 | 00000000 | 
FFE4 | 00000000 | 
FFE8 | 00000000 | 
FFEC | 00000000 | 
FFF0 | 00000000 | 
FFF4 | 00000000 | 
FFF8 | 00000000 | 
FFFC | 00000000 | 
